# Blender v3.6.23 OBJ File: 'helios_floor.blend'
# www.blender.org
mtllib helios_floor.mtl
o path.lobby
v -6.160254 -0.000000 -5.000000
v -7.410254 -0.000000 -2.834936
v -1.249999 0.000001 7.834936
v 1.250001 0.000001 7.834936
v 7.410254 -0.000000 -2.834937
v 6.160254 -0.000000 -5.000000
v 0.000000 -0.000000 -5.000000
vt 0.000000 0.000000
vt 0.000000 0.000000
vt 0.000000 0.000000
vt 0.000000 0.000000
vt 0.000000 0.000000
vt 0.000000 0.000000
vt 0.000000 0.000000
vn 0.0000 1.0000 -0.0000
usemtl Default_OBJ
s 1
f 5/1/1 6/2/1 7/3/1
f 7/3/1 1/4/1 2/5/1
f 2/5/1 3/6/1 7/3/1
f 3/6/1 4/7/1 7/3/1
f 4/7/1 5/1/1 7/3/1
o path.observation.small
v -32.721138 -0.000002 -20.334938
v -33.971138 -0.000001 -18.169872
v -27.810886 -0.000001 -7.500001
v -25.310886 -0.000001 -7.500001
v -19.150635 -0.000001 -18.169874
v -20.400635 -0.000002 -20.334938
v -20.400635 -0.000002 -22.834938
v -19.150635 -0.000002 -25.000002
v -25.310886 -0.000003 -35.669876
v -27.810886 -0.000003 -35.669876
v -33.971138 -0.000002 -25.000000
v -32.721138 -0.000002 -22.834938
v -21.895824 -0.000003 -39.084938
v -23.145824 -0.000003 -36.919876
v -16.985569 -0.000002 -26.250000
v -14.485568 -0.000002 -26.250000
v -8.325315 -0.000003 -36.919876
v -9.575315 -0.000003 -39.084938
v -4.910252 -0.000002 -22.834936
v -4.910253 -0.000003 -35.669872
v -6.160252 -0.000003 -35.669872
v -12.320506 -0.000002 -25.000000
v -11.070505 -0.000002 -22.834934
v -9.575316 -0.000000 -4.084935
v -8.325315 -0.000000 -6.249994
v -14.485570 -0.000001 -16.919870
v -16.985569 -0.000001 -16.919868
v -23.145821 -0.000000 -6.249998
v -21.895824 -0.000000 -4.084936
v -4.910252 -0.000002 -20.334934
v -11.070506 -0.000002 -20.334934
v -1.830127 -0.000001 -10.669868
v -3.660253 -0.000001 -7.499997
v -0.000001 -0.000001 -7.499997
v -12.320506 -0.000001 -18.169870
v -6.160252 -0.000001 -7.499998
v -4.910253 -0.000001 -16.004801
v -0.000001 -0.000001 -7.499996
v -3.660252 -0.000001 -7.499998
v -3.660253 -0.000001 -7.499998
vt 0.000000 0.000000
vt 0.000000 0.000000
vt 0.000000 0.000000
vt 0.000000 0.000000
vt 0.000000 0.000000
vt 0.000000 0.000000
vt 0.000000 0.000000
vt 0.000000 0.000000
vt 0.000000 0.000000
vt 0.000000 0.000000
vt 0.000000 0.000000
vt 0.000000 0.000000
vt 0.000000 0.000000
vt 0.000000 0.000000
vt 0.000000 0.000000
vt 0.000000 0.000000
vt 0.000000 0.000000
vt 0.000000 0.000000
vt 0.000000 0.000000
vt 0.000000 0.000000
vt 0.000000 0.000000
vt 0.000000 0.000000
vt 0.000000 0.000000
vt 0.000000 0.000000
vt 0.000000 0.000000
vt 0.000000 0.000000
vt 0.000000 0.000000
vt 0.000000 0.000000
vt 0.000000 0.000000
vt 0.000000 0.000000
vt 0.000000 0.000000
vt 0.000000 0.000000
vt 0.000000 0.000000
vt 0.000000 0.000000
vt 0.000000 0.000000
vt 0.000000 0.000000
vt 0.000000 0.000000
vn 0.0000 1.0000 -0.0000
usemtl Default_OBJ
s 1
f 9/8/2 11/9/2 13/10/2
f 15/11/2 17/12/2 19/13/2
f 21/14/2 23/15/2 25/16/2
f 29/17/2 26/18/2 28/19/2
f 35/20/2 36/21/2 32/22/2
f 26/18/2 38/23/2 37/24/2
f 39/25/2 40/26/2 41/27/2
f 44/28/2 43/29/2 39/25/2
f 33/30/2 43/29/2 42/31/2
f 11/9/2 34/32/2 12/33/2
f 14/34/2 8/35/2 13/10/2
f 22/36/2 16/37/2 15/11/2
f 23/15/2 28/19/2 24/38/2
f 30/39/2 23/15/2 13/10/2
f 13/10/2 8/35/2 9/8/2
f 9/8/2 10/40/2 11/9/2
f 11/9/2 12/33/2 13/10/2
f 19/13/2 14/34/2 15/11/2
f 15/11/2 16/37/2 17/12/2
f 17/12/2 18/41/2 19/13/2
f 25/16/2 20/42/2 21/14/2
f 21/14/2 22/36/2 23/15/2
f 23/15/2 24/38/2 25/16/2
f 30/39/2 26/18/2 29/17/2
f 26/18/2 27/43/2 28/19/2
f 36/21/2 31/44/2 32/22/2
f 32/22/2 33/30/2 34/32/2
f 34/32/2 35/20/2 32/22/2
f 26/18/2 30/39/2 38/23/2
f 37/24/2 38/23/2 44/28/2
f 38/23/2 42/31/2 44/28/2
f 42/31/2 43/29/2 44/28/2
f 43/29/2 40/26/2 39/25/2
f 33/30/2 32/22/2 43/29/2
f 11/9/2 35/20/2 34/32/2
f 14/34/2 19/13/2 8/35/2
f 22/36/2 21/14/2 16/37/2
f 23/15/2 29/17/2 28/19/2
f 13/10/2 12/33/2 42/31/2
f 12/33/2 34/32/2 42/31/2
f 34/32/2 33/30/2 42/31/2
f 42/31/2 38/23/2 30/39/2
f 30/39/2 29/17/2 23/15/2
f 23/15/2 22/36/2 13/10/2
f 22/36/2 15/11/2 13/10/2
f 15/11/2 14/34/2 13/10/2
f 42/31/2 30/39/2 13/10/2
l 45 44
l 43 46
l 47 40
o path.door.boiler
v 21.895826 -0.000000 -4.084936
v 23.145826 -0.000000 -6.250000
v 16.985571 -0.000001 -16.919872
v 14.485572 -0.000001 -16.919872
v 8.325317 -0.000000 -6.250000
v 9.575317 -0.000000 -4.084936
v -1.250001 -0.000002 -20.334934
v -2.499999 -0.000001 -18.169872
v 3.660254 -0.000001 -7.499998
v 6.160254 -0.000001 -7.499998
v 12.320507 -0.000001 -18.169872
v 11.070507 -0.000002 -20.334936
v 11.070507 -0.000002 -22.834936
v 12.320508 -0.000002 -24.999998
v 6.160254 -0.000003 -35.669872
v 3.660254 -0.000003 -35.669872
v -2.499999 -0.000002 -24.999998
v -1.249999 -0.000002 -22.834936
v 9.575317 -0.000003 -39.084938
v 8.325318 -0.000003 -36.919872
v 14.485573 -0.000002 -26.249998
v 16.985573 -0.000002 -26.249998
v 23.145824 -0.000003 -36.919876
v 21.895824 -0.000003 -39.084938
v 32.721142 -0.000002 -22.834936
v 33.971142 -0.000002 -25.000000
v 27.810886 -0.000003 -35.669876
v 25.310886 -0.000003 -35.669876
v 19.150635 -0.000002 -25.000000
v 20.400635 -0.000002 -22.834936
v 20.400631 -0.000002 -20.334934
v 19.150631 -0.000001 -18.169870
v 25.310886 -0.000001 -7.499997
v 27.810886 -0.000001 -7.499997
v 33.971142 -0.000001 -18.169872
v 32.721142 -0.000002 -20.334936
vt 0.000000 0.000000
vt 0.000000 0.000000
vt 0.000000 0.000000
vt 0.000000 0.000000
vt 0.000000 0.000000
vt 0.000000 0.000000
vt 0.000000 0.000000
vt 0.000000 0.000000
vt 0.000000 0.000000
vt 0.000000 0.000000
vt 0.000000 0.000000
vt 0.000000 0.000000
vt 0.000000 0.000000
vt 0.000000 0.000000
vt 0.000000 0.000000
vt 0.000000 0.000000
vt 0.000000 0.000000
vt 0.000000 0.000000
vt 0.000000 0.000000
vt 0.000000 0.000000
vt 0.000000 0.000000
vt 0.000000 0.000000
vt 0.000000 0.000000
vt 0.000000 0.000000
vt 0.000000 0.000000
vt 0.000000 0.000000
vt 0.000000 0.000000
vt 0.000000 0.000000
vt 0.000000 0.000000
vt 0.000000 0.000000
vt 0.000000 0.000000
vt 0.000000 0.000000
vt 0.000000 0.000000
vt 0.000000 0.000000
vt 0.000000 0.000000
vt 0.000000 0.000000
vn 0.0000 1.0000 -0.0000
vn 0.0000 -1.0000 0.0000
usemtl Default_OBJ
s 1
f 49/45/3 51/46/3 53/47/3
f 58/48/3 59/49/3 55/50/3
f 63/51/3 64/52/3 65/53/3
f 69/54/3 70/55/3 71/56/3
f 76/57/3 77/58/3 73/59/3
f 79/60/3 81/61/3 83/62/3
f 77/58/3 83/62/3 72/63/3
f 61/64/3 67/65/3 62/66/3
f 50/67/4 80/68/4 49/45/4
f 76/57/4 70/55/4 75/69/4
f 58/48/4 52/70/4 57/71/4
f 59/49/3 65/53/3 54/72/3
f 53/47/3 48/73/3 49/45/3
f 49/45/3 50/67/3 51/46/3
f 51/46/3 52/70/3 53/47/3
f 59/49/3 54/72/3 55/50/3
f 55/50/3 56/74/3 57/71/3
f 57/71/3 58/48/3 55/50/3
f 65/53/3 60/75/3 61/64/3
f 61/64/3 62/66/3 65/53/3
f 62/66/3 63/51/3 65/53/3
f 71/56/3 66/76/3 67/65/3
f 67/65/3 68/77/3 71/56/3
f 68/77/3 69/54/3 71/56/3
f 77/58/3 72/63/3 73/59/3
f 73/59/3 74/78/3 75/69/3
f 75/69/3 76/57/3 73/59/3
f 83/62/3 78/79/3 79/60/3
f 79/60/3 80/68/3 81/61/3
f 81/61/3 82/80/3 83/62/3
f 77/58/3 78/79/3 83/62/3
f 61/64/3 68/77/3 67/65/3
f 50/67/4 79/60/4 80/68/4
f 76/57/4 69/54/4 70/55/4
f 58/48/4 51/46/4 52/70/4
f 59/49/3 60/75/3 65/53/3
o path.corridor.000
v 44.216331 -0.000002 -30.915064
v 50.209114 -0.000003 -34.375000
v 49.461521 -0.000003 -35.669876
v 46.961521 -0.000003 -35.669876
v 52.206715 -0.000004 -49.754814
v 46.213924 -0.000003 -46.294876
v 46.961521 -0.000003 -45.000000
v 49.461521 -0.000003 -45.000000
v 44.048862 -0.000003 -45.044876
v 44.796459 -0.000003 -43.750000
v 51.626583 -0.000003 -36.919872
v 52.374176 -0.000003 -35.625000
v 56.536835 -0.000004 -52.254814
v 51.626583 -0.000003 -43.750004
v 33.725948 -0.000003 -39.084938
v 43.546455 -0.000003 -39.084938
v 43.546455 -0.000003 -41.584938
v 38.056076 -0.000003 -41.584938
v 52.876579 -0.000003 -39.084938
v 52.876583 -0.000003 -41.584938
v 44.796455 -0.000003 -36.919876
v 74.527214 -0.000004 -57.834942
v 74.527214 -0.000004 -50.915070
v 77.272400 -0.000004 -55.669876
v 76.022400 -0.000004 -57.834942
v 86.847717 -0.000005 -60.334942
v 86.847717 -0.000005 -67.254822
v 84.102531 -0.000005 -62.500008
v 85.352531 -0.000005 -60.334942
v 76.022400 -0.000005 -60.334942
v 74.527214 -0.000005 -60.334942
v 79.437469 -0.000004 -54.419876
v 81.937469 -0.000004 -54.419876
v 84.102524 -0.000004 -55.669876
v 85.352524 -0.000004 -57.834942
v 81.937469 -0.000005 -63.750004
v 79.437469 -0.000005 -63.750004
v 77.272400 -0.000005 -62.500004
v 39.886204 -0.000002 -28.415064
v 58.366962 -0.000003 -39.084938
v 62.697090 -0.000003 -41.584938
v 29.975948 -0.000003 -36.919872
v 36.136204 -0.000002 -26.250000
v 66.447098 -0.000003 -43.750004
v 60.286835 -0.000004 -54.419876
v 86.847717 -0.000004 -57.834942
v 76.692276 -0.000004 -49.665070
v 82.685059 -0.000004 -53.125008
v 84.682663 -0.000005 -68.504822
v 78.689873 -0.000005 -65.044876
v 76.524811 -0.000005 -63.794880
v 84.850128 -0.000004 -54.375004
v 86.847717 -0.000004 -55.528316
v 74.527222 -0.000004 -48.415066
v 74.527214 -0.000005 -62.641563
v 62.451897 -0.000004 -55.669876
v 68.612152 -0.000003 -45.000004
v 86.847717 -0.000005 -69.754814
v 86.847717 -0.000006 -76.584946
v 80.687469 -0.000006 -76.584946
v 74.527214 -0.000006 -76.584946
vt 0.000000 0.000000
vt 0.000000 0.000000
vt 0.000000 0.000000
vt 0.000000 0.000000
vt 0.000000 0.000000
vt 0.000000 0.000000
vt 0.000000 0.000000
vt 0.000000 0.000000
vt 0.000000 0.000000
vt 0.000000 0.000000
vt 0.000000 0.000000
vt 0.000000 0.000000
vt 0.000000 0.000000
vt 0.000000 0.000000
vt 0.000000 0.000000
vt 0.000000 0.000000
vt 0.000000 0.000000
vt 0.000000 0.000000
vt 0.000000 0.000000
vt 0.000000 0.000000
vt 0.000000 0.000000
vt 0.000000 0.000000
vt 0.000000 0.000000
vt 0.000000 0.000000
vt 0.000000 0.000000
vt 0.000000 0.000000
vt 0.000000 0.000000
vt 0.000000 0.000000
vt 0.000000 0.000000
vt 0.000000 0.000000
vt 0.000000 0.000000
vt 0.000000 0.000000
vt 0.000000 0.000000
vt 0.000000 0.000000
vt 0.000000 0.000000
vt 0.000000 0.000000
vt 0.000000 0.000000
vt 0.000000 0.000000
vt 0.000000 0.000000
vt 0.000000 0.000000
vt 0.000000 0.000000
vt 0.000000 0.000000
vt 0.000000 0.000000
vt 0.000000 0.000000
vt 0.000000 0.000000
vt 0.000000 0.000000
vt 0.000000 0.000000
vt 0.000000 0.000000
vt 0.000000 0.000000
vt 0.000000 0.000000
vt 0.000000 0.000000
vt 0.000000 0.000000
vt 0.000000 0.000000
vt 0.000000 0.000000
vt 0.000000 0.000000
vt 0.000000 0.000000
vt 0.000000 0.000000
vt 0.000000 0.000000
vt 0.000000 0.000000
vt 0.000000 0.000000
vt 0.000000 0.000000
vn 0.0000 1.0000 -0.0000
vn 0.0000 -1.0000 0.0000
usemtl Default_OBJ
s 1
f 85/81/5 87/82/5 84/83/5
f 89/84/5 91/85/5 88/86/5
f 92/87/5 90/88/5 89/84/5
f 86/89/6 95/90/6 85/81/6
f 97/91/6 88/86/6 96/92/6
f 99/93/5 101/94/5 98/95/5
f 102/96/5 90/88/5 104/97/5
f 105/98/5 107/99/5 108/100/5
f 109/101/5 111/102/5 112/103/5
f 108/100/5 114/104/5 105/98/5
f 113/105/5 107/99/5 118/106/5
f 104/97/6 84/83/6 122/107/6
f 102/96/5 95/90/5 123/108/5
f 103/109/5 123/108/5 124/110/5
f 104/97/5 99/93/5 98/95/5
f 100/111/5 92/87/5 101/94/5
f 97/91/5 103/109/5 124/110/5
f 112/103/5 129/112/5 109/101/5
f 131/113/5 115/114/5 130/115/5
f 133/116/5 119/117/5 132/118/5
f 134/119/5 120/120/5 133/116/5
f 131/113/6 117/121/6 135/122/6
f 117/121/5 136/123/5 118/106/5
f 114/104/5 139/124/5 105/98/5
f 130/115/5 115/114/5 107/99/5
f 121/125/5 134/119/5 138/126/5
f 119/117/5 110/127/5 132/118/5
f 132/118/5 141/128/5 143/129/5
f 140/130/5 128/131/5 127/132/5
f 85/81/5 86/89/5 87/82/5
f 89/84/5 90/88/5 91/85/5
f 92/87/5 93/133/5 90/88/5
f 86/89/6 94/134/6 95/90/6
f 97/91/6 91/85/6 88/86/6
f 99/93/5 100/111/5 101/94/5
f 104/97/5 87/82/5 102/96/5
f 87/82/5 86/89/5 102/96/5
f 86/89/5 94/134/5 102/96/5
f 102/96/5 103/109/5 97/91/5
f 97/91/5 91/85/5 102/96/5
f 91/85/5 90/88/5 102/96/5
f 90/88/5 93/133/5 104/97/5
f 93/133/5 100/111/5 104/97/5
f 100/111/5 99/93/5 104/97/5
f 105/98/5 106/135/5 107/99/5
f 109/101/5 110/127/5 111/102/5
f 108/100/5 113/105/5 114/104/5
f 107/99/5 115/114/5 118/106/5
f 115/114/5 116/136/5 118/106/5
f 116/136/5 117/121/5 118/106/5
f 118/106/5 112/103/5 111/102/5
f 111/102/5 119/117/5 118/106/5
f 119/117/5 120/120/5 118/106/5
f 120/120/5 121/125/5 113/105/5
f 113/105/5 108/100/5 107/99/5
f 120/120/5 113/105/5 118/106/5
f 104/97/6 87/82/6 84/83/6
f 102/96/5 94/134/5 95/90/5
f 103/109/5 102/96/5 123/108/5
f 98/95/5 125/137/5 126/138/5
f 126/138/5 122/107/5 98/95/5
f 122/107/5 104/97/5 98/95/5
f 100/111/5 93/133/5 92/87/5
f 124/110/5 127/132/5 128/131/5
f 128/131/5 96/92/5 124/110/5
f 96/92/5 97/91/5 124/110/5
f 112/103/5 118/106/5 129/112/5
f 131/113/5 116/136/5 115/114/5
f 133/116/5 120/120/5 119/117/5
f 134/119/5 121/125/5 120/120/5
f 131/113/6 116/136/6 117/121/6
f 135/122/5 136/123/5 117/121/5
f 136/123/5 129/112/5 118/106/5
f 140/130/5 137/139/5 106/135/5
f 140/130/5 106/135/5 139/124/5
f 106/135/5 105/98/5 139/124/5
f 138/126/5 139/124/5 114/104/5
f 107/99/5 106/135/5 130/115/5
f 106/135/5 137/139/5 130/115/5
f 114/104/5 113/105/5 138/126/5
f 113/105/5 121/125/5 138/126/5
f 111/102/5 110/127/5 119/117/5
f 110/127/5 141/128/5 132/118/5
f 141/128/5 142/140/5 143/129/5
f 143/129/5 144/141/5 133/116/5
f 144/141/5 138/126/5 134/119/5
f 134/119/5 133/116/5 144/141/5
f 133/116/5 132/118/5 143/129/5
f 140/130/5 139/124/5 128/131/5
o path.elevator.000
v -248.353149 -5.000183 -413.550476
v -323.604614 -5.000183 -413.550476
v -323.604614 -5.000183 -401.176208
v -248.353149 -5.000183 -401.176208
v -248.353149 -5.000189 -488.801941
v -235.978882 -5.000183 -413.550507
v -235.978882 -5.000189 -488.801941
v -235.978882 -5.000183 -401.176208
v -335.978882 -5.000183 -413.550476
v -335.978882 -5.000183 -401.176208
v -323.604584 -5.000189 -488.801941
v -335.978882 -5.000189 -488.801941
v -323.604584 -5.000190 -501.176208
v -335.978882 -5.000190 -501.176208
v -248.353149 -5.000190 -501.240540
v -235.978882 -5.000190 -501.176208
vt 0.000000 0.000000
vt 0.000000 0.000000
vt 0.000000 0.000000
vt 0.000000 0.000000
vt 0.000000 0.000000
vt 0.000000 0.000000
vt 0.000000 0.000000
vt 0.000000 0.000000
vt 0.000000 0.000000
vt 0.000000 0.000000
vt 0.000000 0.000000
vt 0.000000 0.000000
vt 0.000000 0.000000
vt 0.000000 0.000000
vt 0.000000 0.000000
vt 0.000000 0.000000
vn 0.0000 1.0000 -0.0000
usemtl Default_OBJ
s 1
f 146/142/7 148/143/7 145/144/7
f 149/145/7 150/146/7 151/147/7
f 152/148/7 145/144/7 148/143/7
f 154/149/7 146/142/7 153/150/7
f 156/151/7 146/142/7 155/152/7
f 158/153/7 155/152/7 157/154/7
f 157/154/7 149/145/7 159/155/7
f 160/156/7 149/145/7 151/147/7
f 146/142/7 147/157/7 148/143/7
f 149/145/7 145/144/7 150/146/7
f 152/148/7 150/146/7 145/144/7
f 154/149/7 147/157/7 146/142/7
f 156/151/7 153/150/7 146/142/7
f 158/153/7 156/151/7 155/152/7
f 157/154/7 155/152/7 149/145/7
f 160/156/7 159/155/7 149/145/7
o path.storage
v -42.895035 -0.000176 -324.122925
v -42.895035 -0.000177 -326.622925
v -53.564919 -0.000177 -332.783173
v -55.729980 -0.000177 -331.533173
v -55.729988 -0.000176 -319.212646
v -53.564926 -0.000176 -317.962646
v -71.064926 -0.000177 -326.622925
v -71.064919 -0.000176 -324.122894
v -60.395042 -0.000176 -317.962646
v -58.229980 -0.000176 -319.212646
v -58.229973 -0.000177 -331.533173
v -60.395050 -0.000177 -332.783173
v -61.645035 -0.000177 -334.948242
v -61.645042 -0.000177 -337.448242
v -72.314911 -0.000178 -343.608459
v -74.479980 -0.000178 -342.358459
v -74.479988 -0.000177 -330.037964
v -72.314926 -0.000177 -328.787964
v -71.064926 -0.000178 -348.273560
v -71.064919 -0.000178 -345.773529
v -60.395050 -0.000178 -339.613281
v -58.229980 -0.000178 -340.863281
v -58.229973 -0.000179 -353.183807
v -60.395035 -0.000179 -354.433807
v -42.895035 -0.000178 -345.773560
v -42.895039 -0.000178 -348.273560
v -53.564915 -0.000179 -354.433777
v -55.729977 -0.000179 -353.183777
v -55.729992 -0.000178 -340.863281
v -53.564926 -0.000178 -339.613281
v -52.314926 -0.000177 -337.448242
v -52.314922 -0.000177 -334.948212
v -41.645042 -0.000177 -328.787964
v -39.479980 -0.000177 -330.037964
v -39.479973 -0.000178 -342.358490
v -41.645035 -0.000178 -343.608490
v -24.145035 -0.000174 -291.646973
v -24.145035 -0.000174 -294.146973
v -34.814919 -0.000175 -300.307220
v -36.979980 -0.000175 -299.057220
v -36.979988 -0.000174 -286.736694
v -34.814926 -0.000174 -285.486694
v -52.314926 -0.000174 -294.146973
v -52.314922 -0.000174 -291.646942
v -41.645042 -0.000174 -285.486694
v -39.479980 -0.000174 -286.736694
v -39.479973 -0.000175 -299.057220
v -41.645050 -0.000175 -300.307220
v -42.895035 -0.000175 -302.472290
v -42.895035 -0.000175 -304.972290
v -53.564915 -0.000175 -311.132507
v -55.729977 -0.000175 -309.882507
v -55.729988 -0.000174 -297.562012
v -53.564926 -0.000174 -296.312012
v -52.314926 -0.000176 -315.797607
v -52.314922 -0.000176 -313.297577
v -41.645042 -0.000175 -307.137329
v -39.479980 -0.000175 -308.387329
v -39.479973 -0.000176 -320.707855
v -41.645035 -0.000176 -321.957855
v -24.145035 -0.000176 -313.297607
v -24.145039 -0.000176 -315.797607
v -34.814919 -0.000176 -321.957855
v -36.979980 -0.000176 -320.707855
v -36.979992 -0.000175 -308.387329
v -34.814926 -0.000175 -307.137329
v -33.564926 -0.000175 -304.972290
v -33.564922 -0.000175 -302.472260
v -22.895042 -0.000174 -296.312012
v -20.729980 -0.000174 -297.562012
v -20.729973 -0.000175 -309.882538
v -22.895037 -0.000175 -311.132538
v -61.645042 -0.000174 -291.646973
v -61.645042 -0.000174 -294.146973
v -72.314919 -0.000175 -300.307220
v -74.479980 -0.000175 -299.057220
v -74.479980 -0.000174 -286.736694
v -72.314919 -0.000174 -285.486694
v -89.814919 -0.000174 -294.146973
v -89.814911 -0.000174 -291.646973
v -79.145042 -0.000174 -285.486694
v -76.979980 -0.000174 -286.736694
v -76.979980 -0.000175 -299.057220
v -79.145050 -0.000175 -300.307220
v -80.395042 -0.000175 -302.472290
v -80.395042 -0.000175 -304.972290
v -91.064911 -0.000175 -311.132507
v -93.229980 -0.000175 -309.882507
v -93.229980 -0.000174 -297.562012
v -91.064919 -0.000174 -296.312012
v -89.814919 -0.000176 -315.797607
v -89.814911 -0.000176 -313.297607
v -79.145042 -0.000175 -307.137329
v -76.979980 -0.000175 -308.387329
v -76.979980 -0.000176 -320.707855
v -79.145042 -0.000176 -321.957855
v -61.645035 -0.000176 -313.297607
v -61.645035 -0.000176 -315.797607
v -72.314919 -0.000176 -321.957855
v -74.479980 -0.000176 -320.707855
v -74.479980 -0.000175 -308.387329
v -72.314919 -0.000175 -307.137329
v -71.064926 -0.000175 -304.972290
v -71.064911 -0.000175 -302.472290
v -60.395042 -0.000174 -296.312012
v -58.229980 -0.000174 -297.562012
v -58.229973 -0.000175 -309.882538
v -60.395035 -0.000175 -311.132538
v -5.395037 -0.000172 -259.171021
v -5.395035 -0.000172 -261.671021
v -16.064919 -0.000172 -267.831268
v -18.229980 -0.000172 -266.581268
v -18.229988 -0.000171 -254.260742
v -16.064924 -0.000171 -253.010742
v -33.564926 -0.000172 -261.671021
v -33.564922 -0.000172 -259.170990
v -22.895042 -0.000171 -253.010757
v -20.729980 -0.000171 -254.260757
v -20.729973 -0.000172 -266.581268
v -22.895050 -0.000172 -267.831268
v -24.145035 -0.000172 -269.996338
v -24.145035 -0.000173 -272.496338
v -34.814915 -0.000173 -278.656586
v -36.979977 -0.000173 -277.406586
v -36.979988 -0.000172 -265.086060
v -34.814926 -0.000172 -263.836060
v -33.564926 -0.000173 -283.321655
v -33.564922 -0.000173 -280.821625
v -22.895042 -0.000173 -274.661377
v -20.729980 -0.000173 -275.911377
v -20.729973 -0.000174 -288.231903
v -22.895037 -0.000174 -289.481903
v -5.395037 -0.000173 -280.821655
v -5.395038 -0.000173 -283.321655
v -16.064919 -0.000174 -289.481903
v -18.229980 -0.000174 -288.231903
v -18.229990 -0.000173 -275.911377
v -16.064926 -0.000173 -274.661377
v -14.814926 -0.000173 -272.496338
v -14.814924 -0.000172 -269.996307
v -4.145043 -0.000172 -263.836060
v -1.979980 -0.000172 -265.086060
v -1.979974 -0.000173 -277.406586
v -4.145037 -0.000173 -278.656586
v -5.395036 -0.000170 -237.520386
v -5.395035 -0.000170 -240.020370
v -16.064915 -0.000171 -246.180634
v -18.229979 -0.000170 -244.930634
v -18.229988 -0.000170 -232.610107
v -16.064924 -0.000169 -231.360107
v -14.814924 -0.000171 -250.845688
v -14.814924 -0.000171 -248.345688
v -4.145043 -0.000170 -242.185440
v -1.979980 -0.000170 -243.435440
v -1.979973 -0.000171 -255.755951
v -4.145037 -0.000171 -257.005951
v 13.354963 -0.000171 -248.345703
v 13.354962 -0.000171 -250.845703
v 2.685081 -0.000171 -257.005951
v 0.520019 -0.000171 -255.755951
v 0.520010 -0.000170 -243.435440
v 2.685075 -0.000170 -242.185425
v 3.935075 -0.000170 -240.020370
v 3.935076 -0.000170 -237.520370
v 14.604957 -0.000169 -231.360123
v 16.770020 -0.000170 -232.610123
v 16.770027 -0.000170 -244.930634
v 14.604963 -0.000171 -246.180634
v 13.354965 -0.000169 -229.195053
v 2.685082 -0.000170 -235.355316
v -14.814924 -0.000169 -229.195053
v -4.145049 -0.000170 -235.355301
v 0.520019 -0.000170 -234.105316
v -1.979973 -0.000170 -234.105316
v -42.895042 -0.000170 -237.520370
v -42.895042 -0.000170 -240.020370
v -53.564911 -0.000171 -246.180634
v -55.729980 -0.000170 -244.930634
v -55.729980 -0.000170 -232.610123
v -53.564919 -0.000169 -231.360123
v -52.314919 -0.000171 -250.845688
v -52.314919 -0.000171 -248.345688
v -41.645042 -0.000170 -242.185440
v -39.479980 -0.000170 -243.435440
v -39.479980 -0.000171 -255.755951
v -41.645042 -0.000171 -257.005951
v -24.145035 -0.000171 -248.345703
v -24.145035 -0.000171 -250.845703
v -34.814919 -0.000171 -257.005951
v -36.979980 -0.000171 -255.755951
v -36.979980 -0.000170 -243.435440
v -34.814919 -0.000170 -242.185440
v -33.564926 -0.000170 -240.020370
v -33.564919 -0.000170 -237.520370
v -22.895042 -0.000169 -231.360123
v -20.729979 -0.000170 -232.610123
v -20.729973 -0.000170 -244.930634
v -22.895035 -0.000171 -246.180634
v -24.145042 -0.000169 -229.195053
v -34.814919 -0.000170 -235.355316
v -202.314941 -0.000171 -250.845673
v -191.645065 -0.000171 -257.005920
v -186.980011 -0.000172 -265.086060
v -186.980011 -0.000173 -277.406555
v -184.814941 -0.000173 -278.656555
v -183.564941 -0.000173 -280.821625
v -183.564941 -0.000173 -283.321625
v -229.145050 -0.000171 -257.005920
v -226.979996 -0.000171 -255.755920
v -224.479996 -0.000171 -255.755920
v -222.314941 -0.000171 -257.005920
v -211.645065 -0.000171 -250.845688
v -52.314919 -0.000169 -229.195053
v -41.645050 -0.000170 -235.355301
v -36.979980 -0.000170 -234.105316
v -39.479980 -0.000170 -234.105316
v -42.895042 -0.000172 -259.171021
v -42.895042 -0.000172 -261.671021
v -53.564919 -0.000172 -267.831268
v -55.729980 -0.000172 -266.581268
v -55.729980 -0.000171 -254.260757
v -53.564919 -0.000171 -253.010757
v -71.064919 -0.000172 -261.671021
v -71.064919 -0.000172 -259.171021
v -60.395042 -0.000171 -253.010757
v -58.229980 -0.000171 -254.260757
v -58.229980 -0.000172 -266.581268
v -60.395050 -0.000172 -267.831268
v -61.645042 -0.000172 -269.996338
v -61.645042 -0.000173 -272.496338
v -72.314911 -0.000173 -278.656555
v -74.479980 -0.000173 -277.406555
v -74.479980 -0.000172 -265.086060
v -72.314919 -0.000172 -263.836060
v -71.064919 -0.000173 -283.321655
v -71.064911 -0.000173 -280.821625
v -60.395042 -0.000173 -274.661377
v -58.229980 -0.000173 -275.911377
v -58.229980 -0.000174 -288.231903
v -60.395042 -0.000174 -289.481903
v -42.895035 -0.000173 -280.821655
v -42.895039 -0.000173 -283.321655
v -53.564919 -0.000174 -289.481903
v -55.729980 -0.000174 -288.231903
v -55.729984 -0.000173 -275.911407
v -53.564919 -0.000173 -274.661377
v -52.314926 -0.000173 -272.496338
v -52.314915 -0.000172 -269.996307
v -41.645042 -0.000172 -263.836060
v -39.479980 -0.000172 -265.086060
v -39.479973 -0.000173 -277.406586
v -41.645035 -0.000173 -278.656586
v -99.145035 -0.000174 -291.646973
v -99.145035 -0.000174 -294.146973
v -109.814911 -0.000175 -300.307220
v -111.979980 -0.000175 -299.057220
v -111.979980 -0.000174 -286.736694
v -109.814926 -0.000174 -285.486694
v -127.314926 -0.000174 -294.146973
v -127.314911 -0.000174 -291.646942
v -116.645035 -0.000174 -285.486694
v -114.479980 -0.000174 -286.736694
v -114.479973 -0.000175 -299.057220
v -116.645050 -0.000175 -300.307220
v -117.895035 -0.000175 -302.472290
v -117.895035 -0.000175 -304.972290
v -128.564911 -0.000175 -311.132507
v -130.729980 -0.000175 -309.882507
v -130.729980 -0.000174 -297.562012
v -128.564926 -0.000174 -296.312012
v -127.314926 -0.000176 -315.797607
v -127.314911 -0.000176 -313.297577
v -116.645050 -0.000175 -307.137329
v -114.479980 -0.000175 -308.387329
v -114.479965 -0.000176 -320.707855
v -116.645035 -0.000176 -321.957855
v -99.145035 -0.000176 -313.297607
v -99.145035 -0.000176 -315.797607
v -109.814911 -0.000176 -321.957825
v -111.979980 -0.000176 -320.707825
v -111.979988 -0.000175 -308.387329
v -109.814926 -0.000175 -307.137329
v -108.564926 -0.000175 -304.972290
v -108.564919 -0.000175 -302.472260
v -97.895042 -0.000174 -296.312012
v -95.729980 -0.000174 -297.562012
v -95.729973 -0.000175 -309.882538
v -97.895035 -0.000175 -311.132538
v -80.395035 -0.000172 -259.171021
v -80.395035 -0.000172 -261.671021
v -91.064911 -0.000172 -267.831268
v -93.229980 -0.000172 -266.581268
v -93.229980 -0.000171 -254.260742
v -91.064926 -0.000171 -253.010742
v -108.564926 -0.000172 -261.671021
v -108.564919 -0.000172 -259.170990
v -97.895035 -0.000171 -253.010742
v -95.729980 -0.000171 -254.260742
v -95.729973 -0.000172 -266.581268
v -97.895050 -0.000172 -267.831268
v -99.145035 -0.000172 -269.996338
v -99.145035 -0.000173 -272.496338
v -109.814911 -0.000173 -278.656555
v -111.979973 -0.000173 -277.406555
v -111.979980 -0.000172 -265.086060
v -109.814926 -0.000172 -263.836060
v -108.564926 -0.000173 -283.321655
v -108.564919 -0.000173 -280.821625
v -97.895042 -0.000173 -274.661377
v -95.729980 -0.000173 -275.911377
v -95.729973 -0.000174 -288.231903
v -97.895035 -0.000174 -289.481903
v -80.395035 -0.000173 -280.821655
v -80.395035 -0.000173 -283.321655
v -91.064911 -0.000174 -289.481903
v -93.229980 -0.000174 -288.231903
v -93.229988 -0.000173 -275.911377
v -91.064926 -0.000173 -274.661377
v -89.814926 -0.000173 -272.496338
v -89.814919 -0.000172 -269.996307
v -79.145042 -0.000172 -263.836060
v -76.979980 -0.000172 -265.086060
v -76.979973 -0.000173 -277.406586
v -79.145035 -0.000173 -278.656586
v -117.895042 -0.000172 -259.171021
v -117.895035 -0.000172 -261.671021
v -128.564911 -0.000172 -267.831268
v -130.729980 -0.000172 -266.581268
v -130.729980 -0.000171 -254.260757
v -128.564911 -0.000171 -253.010757
v -146.064911 -0.000172 -261.671021
v -146.064911 -0.000172 -259.170990
v -135.395035 -0.000171 -253.010742
v -133.229980 -0.000171 -254.260742
v -133.229980 -0.000172 -266.581268
v -135.395050 -0.000172 -267.831268
v -136.645050 -0.000172 -269.996338
v -136.645035 -0.000173 -272.496338
v -147.314911 -0.000173 -278.656555
v -149.479980 -0.000173 -277.406555
v -149.479980 -0.000172 -265.086060
v -147.314911 -0.000172 -263.836060
v -146.064911 -0.000173 -283.321655
v -146.064911 -0.000173 -280.821625
v -135.395035 -0.000173 -274.661377
v -133.229980 -0.000173 -275.911377
v -133.229980 -0.000174 -288.231903
v -135.395050 -0.000174 -289.481903
v -117.895035 -0.000173 -280.821655
v -117.895035 -0.000173 -283.321655
v -128.564911 -0.000174 -289.481903
v -130.729980 -0.000174 -288.231903
v -130.729980 -0.000173 -275.911407
v -128.564911 -0.000173 -274.661377
v -127.314911 -0.000173 -272.496338
v -127.314911 -0.000172 -269.996307
v -116.645035 -0.000172 -263.836060
v -114.479980 -0.000172 -265.086060
v -114.479965 -0.000173 -277.406586
v -116.645035 -0.000173 -278.656586
v -80.395035 -0.000170 -237.520386
v -80.395035 -0.000170 -240.020386
v -91.064911 -0.000171 -246.180618
v -93.229973 -0.000170 -244.930618
v -93.229980 -0.000170 -232.610107
v -91.064926 -0.000169 -231.360107
v -89.814926 -0.000171 -250.845688
v -89.814919 -0.000171 -248.345673
v -79.145042 -0.000170 -242.185440
v -76.979980 -0.000170 -243.435440
v -76.979973 -0.000171 -255.755951
v -79.145035 -0.000171 -257.005951
v -61.645035 -0.000171 -248.345703
v -61.645035 -0.000171 -250.845703
v -72.314911 -0.000171 -257.005951
v -74.479980 -0.000171 -255.755951
v -74.479988 -0.000170 -243.435425
v -72.314926 -0.000170 -242.185425
v -71.064926 -0.000170 -240.020370
v -71.064919 -0.000170 -237.520370
v -60.395042 -0.000169 -231.360123
v -58.229980 -0.000170 -232.610123
v -58.229973 -0.000170 -244.930634
v -60.395035 -0.000171 -246.180634
v -61.645035 -0.000169 -229.195068
v -72.314911 -0.000170 -235.355316
v -89.814926 -0.000169 -229.195053
v -79.145050 -0.000170 -235.355316
v -74.479980 -0.000170 -234.105316
v -76.979973 -0.000170 -234.105316
v -117.895042 -0.000170 -237.520370
v -117.895035 -0.000170 -240.020370
v -128.564911 -0.000171 -246.180618
v -130.729980 -0.000170 -244.930618
v -130.729980 -0.000170 -232.610123
v -128.564911 -0.000169 -231.360123
v -127.314911 -0.000171 -250.845688
v -127.314911 -0.000171 -248.345688
v -116.645035 -0.000170 -242.185425
v -114.479980 -0.000170 -243.435425
v -114.479980 -0.000171 -255.755951
v -116.645042 -0.000171 -257.005951
v -99.145035 -0.000171 -248.345703
v -99.145035 -0.000171 -250.845703
v -109.814911 -0.000171 -257.005951
v -111.979980 -0.000171 -255.755951
v -111.979980 -0.000170 -243.435440
v -109.814919 -0.000170 -242.185440
v -108.564919 -0.000170 -240.020370
v -108.564911 -0.000170 -237.520370
v -97.895035 -0.000169 -231.360123
v -95.729980 -0.000170 -232.610123
v -95.729965 -0.000170 -244.930634
v -97.895035 -0.000171 -246.180634
v -99.145035 -0.000169 -229.195053
v -109.814911 -0.000170 -235.355316
v -127.314911 -0.000169 -229.195053
v -116.645050 -0.000170 -235.355316
v -111.979980 -0.000170 -234.105316
v -114.479980 -0.000170 -234.105316
v -155.395050 -0.000172 -259.170990
v -155.395065 -0.000172 -261.670990
v -166.064941 -0.000172 -267.831238
v -168.230011 -0.000172 -266.581238
v -168.230011 -0.000171 -254.260742
v -166.064941 -0.000171 -253.010742
v -183.564941 -0.000172 -261.670990
v -183.564941 -0.000172 -259.170990
v -172.895065 -0.000171 -253.010742
v -170.729996 -0.000171 -254.260742
v -170.729996 -0.000172 -266.581238
v -172.895081 -0.000172 -267.831238
v -174.145050 -0.000172 -269.996307
v -174.145065 -0.000173 -272.496338
v -184.814941 -0.000172 -263.836060
v -172.895081 -0.000173 -274.661377
v -170.730011 -0.000173 -275.911377
v -170.729996 -0.000174 -288.231873
v -172.895050 -0.000174 -289.481873
v -155.395050 -0.000173 -280.821625
v -155.395065 -0.000173 -283.321655
v -166.064941 -0.000174 -289.481873
v -168.230011 -0.000174 -288.231873
v -168.230011 -0.000173 -275.911377
v -166.064941 -0.000173 -274.661377
v -164.814941 -0.000173 -272.496307
v -164.814941 -0.000172 -269.996307
v -154.145065 -0.000172 -263.836060
v -151.979996 -0.000172 -265.086060
v -151.979996 -0.000173 -277.406555
v -154.145050 -0.000173 -278.656555
v -155.395050 -0.000170 -237.520355
v -155.395065 -0.000170 -240.020355
v -166.064941 -0.000171 -246.180603
v -168.230011 -0.000170 -244.930603
v -168.230011 -0.000170 -232.610107
v -166.064941 -0.000169 -231.360107
v -164.814941 -0.000171 -250.845673
v -164.814941 -0.000171 -248.345673
v -154.145065 -0.000170 -242.185425
v -151.979996 -0.000170 -243.435425
v -151.979996 -0.000171 -255.755936
v -154.145050 -0.000171 -257.005920
v -136.645050 -0.000171 -248.345673
v -136.645065 -0.000171 -250.845688
v -147.314941 -0.000171 -257.005920
v -149.480011 -0.000171 -255.755920
v -149.480011 -0.000170 -243.435425
v -147.314941 -0.000170 -242.185425
v -146.064941 -0.000170 -240.020355
v -146.064941 -0.000170 -237.520355
v -135.395065 -0.000169 -231.360107
v -133.229996 -0.000170 -232.610107
v -133.229996 -0.000170 -244.930618
v -135.395050 -0.000171 -246.180618
v -136.645065 -0.000169 -229.195038
v -147.314941 -0.000170 -235.355286
v -164.814941 -0.000169 -229.195038
v -154.145081 -0.000170 -235.355286
v -149.480011 -0.000170 -234.105286
v -151.979996 -0.000170 -234.105301
v -192.895065 -0.000170 -237.520355
v -192.895081 -0.000170 -240.020355
v -203.564941 -0.000171 -246.180603
v -205.729996 -0.000170 -244.930603
v -205.730011 -0.000170 -232.610107
v -203.564941 -0.000169 -231.360107
v -202.314941 -0.000171 -248.345673
v -191.645065 -0.000170 -242.185425
v -189.480011 -0.000170 -243.435425
v -189.480011 -0.000171 -255.755920
v -174.145050 -0.000171 -248.345673
v -174.145050 -0.000171 -250.845688
v -184.814941 -0.000171 -257.005920
v -186.979996 -0.000171 -255.755920
v -186.979996 -0.000170 -243.435425
v -184.814926 -0.000170 -242.185425
v -183.564941 -0.000170 -240.020355
v -183.564926 -0.000170 -237.520355
v -172.895065 -0.000169 -231.360107
v -170.730011 -0.000170 -232.610107
v -170.729996 -0.000170 -244.930618
v -172.895050 -0.000171 -246.180618
v -174.145081 -0.000169 -229.195038
v -184.814941 -0.000170 -235.355286
v -202.314941 -0.000169 -229.195038
v -191.645065 -0.000170 -235.355286
v -186.979996 -0.000170 -234.105286
v -189.480011 -0.000170 -234.105286
v -230.395050 -0.000170 -237.520355
v -230.395065 -0.000170 -240.020370
v -241.064941 -0.000171 -246.180603
v -243.229996 -0.000170 -244.930603
v -243.230011 -0.000170 -232.610107
v -241.064941 -0.000169 -231.360107
v -239.814941 -0.000171 -250.845673
v -239.814941 -0.000171 -248.345673
v -229.145065 -0.000170 -242.185425
v -226.980011 -0.000170 -243.435425
v -211.645050 -0.000171 -248.345673
v -224.480011 -0.000170 -243.435425
v -222.314941 -0.000170 -242.185425
v -221.064941 -0.000170 -240.020355
v -221.064941 -0.000170 -237.520355
v -210.395065 -0.000169 -231.360107
v -208.230011 -0.000170 -232.610107
v -208.229996 -0.000170 -244.930618
v -210.395050 -0.000171 -246.180618
v -211.645065 -0.000169 -229.195038
v -222.314941 -0.000170 -235.355286
v -239.814941 -0.000169 -229.195038
v -229.145065 -0.000170 -235.355286
v -224.479996 -0.000170 -234.105286
v -226.979996 -0.000170 -234.105301
v 0.520014 -0.000169 -223.614929
v -1.979979 -0.000169 -223.614929
v -14.814922 -0.000169 -226.695053
v -9.479984 -0.000169 -223.614929
v 13.354963 -0.000169 -223.614929
v 8.020020 -0.000169 -223.614929
v -36.979980 -0.000169 -223.614929
v -39.479980 -0.000169 -223.614929
v -52.314919 -0.000169 -226.695053
v -46.979980 -0.000169 -223.614929
v -24.145042 -0.000169 -226.695053
v -29.479980 -0.000169 -223.614929
v -74.479980 -0.000169 -223.614929
v -76.979980 -0.000169 -223.614929
v -89.814919 -0.000169 -226.695053
v -84.479980 -0.000169 -223.614929
v -61.645035 -0.000169 -226.695068
v -66.979980 -0.000169 -223.614929
v -111.979980 -0.000169 -223.614929
v -114.479980 -0.000169 -223.614929
v -127.314911 -0.000169 -226.695053
v -121.979980 -0.000169 -223.614929
v -99.145042 -0.000169 -226.695053
v -104.479980 -0.000169 -223.614929
v -149.480011 -0.000169 -223.614914
v -151.979996 -0.000169 -223.614914
v -164.814941 -0.000169 -226.695038
v -159.480011 -0.000169 -223.614899
v -136.645050 -0.000169 -226.695038
v -141.980011 -0.000169 -223.614914
v -186.980011 -0.000169 -223.614914
v -189.480011 -0.000169 -223.614899
v -202.314941 -0.000169 -226.695038
v -196.980011 -0.000169 -223.614899
v -174.145065 -0.000169 -226.695038
v -179.479996 -0.000169 -223.614914
v -224.480011 -0.000169 -223.614914
v -226.979996 -0.000169 -223.614899
v -239.814941 -0.000169 -226.695038
v -234.480011 -0.000169 -223.614899
v -211.645050 -0.000169 -226.695038
v -216.979996 -0.000169 -223.614914
vt 0.000000 0.000000
vt 0.000000 0.000000
vt 0.000000 0.000000
vt 0.000000 0.000000
vt 0.000000 0.000000
vt 0.000000 0.000000
vt 0.000000 0.000000
vt 0.000000 0.000000
vt 0.000000 0.000000
vt 0.000000 0.000000
vt 0.000000 0.000000
vt 0.000000 0.000000
vt 0.000000 0.000000
vt 0.000000 0.000000
vt 0.000000 0.000000
vt 0.000000 0.000000
vt 0.000000 0.000000
vt 0.000000 0.000000
vt 0.000000 0.000000
vt 0.000000 0.000000
vt 0.000000 0.000000
vt 0.000000 0.000000
vt 0.000000 0.000000
vt 0.000000 0.000000
vt 0.000000 0.000000
vt 0.000000 0.000000
vt 0.000000 0.000000
vt 0.000000 0.000000
vt 0.000000 0.000000
vt 0.000000 0.000000
vt 0.000000 0.000000
vt 0.000000 0.000000
vt 0.000000 0.000000
vt 0.000000 0.000000
vt 0.000000 0.000000
vt 0.000000 0.000000
vt 0.000000 0.000000
vt 0.000000 0.000000
vt 0.000000 0.000000
vt 0.000000 0.000000
vt 0.000000 0.000000
vt 0.000000 0.000000
vt 0.000000 0.000000
vt 0.000000 0.000000
vt 0.000000 0.000000
vt 0.000000 0.000000
vt 0.000000 0.000000
vt 0.000000 0.000000
vt 0.000000 0.000000
vt 0.000000 0.000000
vt 0.000000 0.000000
vt 0.000000 0.000000
vt 0.000000 0.000000
vt 0.000000 0.000000
vt 0.000000 0.000000
vt 0.000000 0.000000
vt 0.000000 0.000000
vt 0.000000 0.000000
vt 0.000000 0.000000
vt 0.000000 0.000000
vt 0.000000 0.000000
vt 0.000000 0.000000
vt 0.000000 0.000000
vt 0.000000 0.000000
vt 0.000000 0.000000
vt 0.000000 0.000000
vt 0.000000 0.000000
vt 0.000000 0.000000
vt 0.000000 0.000000
vt 0.000000 0.000000
vt 0.000000 0.000000
vt 0.000000 0.000000
vt 0.000000 0.000000
vt 0.000000 0.000000
vt 0.000000 0.000000
vt 0.000000 0.000000
vt 0.000000 0.000000
vt 0.000000 0.000000
vt 0.000000 0.000000
vt 0.000000 0.000000
vt 0.000000 0.000000
vt 0.000000 0.000000
vt 0.000000 0.000000
vt 0.000000 0.000000
vt 0.000000 0.000000
vt 0.000000 0.000000
vt 0.000000 0.000000
vt 0.000000 0.000000
vt 0.000000 0.000000
vt 0.000000 0.000000
vt 0.000000 0.000000
vt 0.000000 0.000000
vt 0.000000 0.000000
vt 0.000000 0.000000
vt 0.000000 0.000000
vt 0.000000 0.000000
vt 0.000000 0.000000
vt 0.000000 0.000000
vt 0.000000 0.000000
vt 0.000000 0.000000
vt 0.000000 0.000000
vt 0.000000 0.000000
vt 0.000000 0.000000
vt 0.000000 0.000000
vt 0.000000 0.000000
vt 0.000000 0.000000
vt 0.000000 0.000000
vt 0.000000 0.000000
vt 0.000000 0.000000
vt 0.000000 0.000000
vt 0.000000 0.000000
vt 0.000000 0.000000
vt 0.000000 0.000000
vt 0.000000 0.000000
vt 0.000000 0.000000
vt 0.000000 0.000000
vt 0.000000 0.000000
vt 0.000000 0.000000
vt 0.000000 0.000000
vt 0.000000 0.000000
vt 0.000000 0.000000
vt 0.000000 0.000000
vt 0.000000 0.000000
vt 0.000000 0.000000
vt 0.000000 0.000000
vt 0.000000 0.000000
vt 0.000000 0.000000
vt 0.000000 0.000000
vt 0.000000 0.000000
vt 0.000000 0.000000
vt 0.000000 0.000000
vt 0.000000 0.000000
vt 0.000000 0.000000
vt 0.000000 0.000000
vt 0.000000 0.000000
vt 0.000000 0.000000
vt 0.000000 0.000000
vt 0.000000 0.000000
vt 0.000000 0.000000
vt 0.000000 0.000000
vt 0.000000 0.000000
vt 0.000000 0.000000
vt 0.000000 0.000000
vt 0.000000 0.000000
vt 0.000000 0.000000
vt 0.000000 0.000000
vt 0.000000 0.000000
vt 0.000000 0.000000
vt 0.000000 0.000000
vt 0.000000 0.000000
vt 0.000000 0.000000
vt 0.000000 0.000000
vt 0.000000 0.000000
vt 0.000000 0.000000
vt 0.000000 0.000000
vt 0.000000 0.000000
vt 0.000000 0.000000
vt 0.000000 0.000000
vt 0.000000 0.000000
vt 0.000000 0.000000
vt 0.000000 0.000000
vt 0.000000 0.000000
vt 0.000000 0.000000
vt 0.000000 0.000000
vt 0.000000 0.000000
vt 0.000000 0.000000
vt 0.000000 0.000000
vt 0.000000 0.000000
vt 0.000000 0.000000
vt 0.000000 0.000000
vt 0.000000 0.000000
vt 0.000000 0.000000
vt 0.000000 0.000000
vt 0.000000 0.000000
vt 0.000000 0.000000
vt 0.000000 0.000000
vt 0.000000 0.000000
vt 0.000000 0.000000
vt 0.000000 0.000000
vt 0.000000 0.000000
vt 0.000000 0.000000
vt 0.000000 0.000000
vt 0.000000 0.000000
vt 0.000000 0.000000
vt 0.000000 0.000000
vt 0.000000 0.000000
vt 0.000000 0.000000
vt 0.000000 0.000000
vt 0.000000 0.000000
vt 0.000000 0.000000
vt 0.000000 0.000000
vt 0.000000 0.000000
vt 0.000000 0.000000
vt 0.000000 0.000000
vt 0.000000 0.000000
vt 0.000000 0.000000
vt 0.000000 0.000000
vt 0.000000 0.000000
vt 0.000000 0.000000
vt 0.000000 0.000000
vt 0.000000 0.000000
vt 0.000000 0.000000
vt 0.000000 0.000000
vt 0.000000 0.000000
vt 0.000000 0.000000
vt 0.000000 0.000000
vt 0.000000 0.000000
vt 0.000000 0.000000
vt 0.000000 0.000000
vt 0.000000 0.000000
vt 0.000000 0.000000
vt 0.000000 0.000000
vt 0.000000 0.000000
vt 0.000000 0.000000
vt 0.000000 0.000000
vt 0.000000 0.000000
vt 0.000000 0.000000
vt 0.000000 0.000000
vt 0.000000 0.000000
vt 0.000000 0.000000
vt 0.000000 0.000000
vt 0.000000 0.000000
vt 0.000000 0.000000
vt 0.000000 0.000000
vt 0.000000 0.000000
vt 0.000000 0.000000
vt 0.000000 0.000000
vt 0.000000 0.000000
vt 0.000000 0.000000
vt 0.000000 0.000000
vt 0.000000 0.000000
vt 0.000000 0.000000
vt 0.000000 0.000000
vt 0.000000 0.000000
vt 0.000000 0.000000
vt 0.000000 0.000000
vt 0.000000 0.000000
vt 0.000000 0.000000
vt 0.000000 0.000000
vt 0.000000 0.000000
vt 0.000000 0.000000
vt 0.000000 0.000000
vt 0.000000 0.000000
vt 0.000000 0.000000
vt 0.000000 0.000000
vt 0.000000 0.000000
vt 0.000000 0.000000
vt 0.000000 0.000000
vt 0.000000 0.000000
vt 0.000000 0.000000
vt 0.000000 0.000000
vt 0.000000 0.000000
vt 0.000000 0.000000
vt 0.000000 0.000000
vt 0.000000 0.000000
vt 0.000000 0.000000
vt 0.000000 0.000000
vt 0.000000 0.000000
vt 0.000000 0.000000
vt 0.000000 0.000000
vt 0.000000 0.000000
vt 0.000000 0.000000
vt 0.000000 0.000000
vt 0.000000 0.000000
vt 0.000000 0.000000
vt 0.000000 0.000000
vt 0.000000 0.000000
vt 0.000000 0.000000
vt 0.000000 0.000000
vt 0.000000 0.000000
vt 0.000000 0.000000
vt 0.000000 0.000000
vt 0.000000 0.000000
vt 0.000000 0.000000
vt 0.000000 0.000000
vt 0.000000 0.000000
vt 0.000000 0.000000
vt 0.000000 0.000000
vt 0.000000 0.000000
vt 0.000000 0.000000
vt 0.000000 0.000000
vt 0.000000 0.000000
vt 0.000000 0.000000
vt 0.000000 0.000000
vt 0.000000 0.000000
vt 0.000000 0.000000
vt 0.000000 0.000000
vt 0.000000 0.000000
vt 0.000000 0.000000
vt 0.000000 0.000000
vt 0.000000 0.000000
vt 0.000000 0.000000
vt 0.000000 0.000000
vt 0.000000 0.000000
vt 0.000000 0.000000
vt 0.000000 0.000000
vt 0.000000 0.000000
vt 0.000000 0.000000
vt 0.000000 0.000000
vt 0.000000 0.000000
vt 0.000000 0.000000
vt 0.000000 0.000000
vt 0.000000 0.000000
vt 0.000000 0.000000
vt 0.000000 0.000000
vt 0.000000 0.000000
vt 0.000000 0.000000
vt 0.000000 0.000000
vt 0.000000 0.000000
vt 0.000000 0.000000
vt 0.000000 0.000000
vt 0.000000 0.000000
vt 0.000000 0.000000
vt 0.000000 0.000000
vt 0.000000 0.000000
vt 0.000000 0.000000
vt 0.000000 0.000000
vt 0.000000 0.000000
vt 0.000000 0.000000
vt 0.000000 0.000000
vt 0.000000 0.000000
vt 0.000000 0.000000
vt 0.000000 0.000000
vt 0.000000 0.000000
vt 0.000000 0.000000
vt 0.000000 0.000000
vt 0.000000 0.000000
vt 0.000000 0.000000
vt 0.000000 0.000000
vt 0.000000 0.000000
vt 0.000000 0.000000
vt 0.000000 0.000000
vt 0.000000 0.000000
vt 0.000000 0.000000
vt 0.000000 0.000000
vt 0.000000 0.000000
vt 0.000000 0.000000
vt 0.000000 0.000000
vt 0.000000 0.000000
vt 0.000000 0.000000
vt 0.000000 0.000000
vt 0.000000 0.000000
vt 0.000000 0.000000
vt 0.000000 0.000000
vt 0.000000 0.000000
vt 0.000000 0.000000
vt 0.000000 0.000000
vt 0.000000 0.000000
vt 0.000000 0.000000
vt 0.000000 0.000000
vt 0.000000 0.000000
vt 0.000000 0.000000
vt 0.000000 0.000000
vt 0.000000 0.000000
vt 0.000000 0.000000
vt 0.000000 0.000000
vt 0.000000 0.000000
vt 0.000000 0.000000
vt 0.000000 0.000000
vt 0.000000 0.000000
vt 0.000000 0.000000
vt 0.000000 0.000000
vt 0.000000 0.000000
vt 0.000000 0.000000
vt 0.000000 0.000000
vt 0.000000 0.000000
vt 0.000000 0.000000
vt 0.000000 0.000000
vt 0.000000 0.000000
vt 0.000000 0.000000
vt 0.000000 0.000000
vt 0.000000 0.000000
vt 0.000000 0.000000
vt 0.000000 0.000000
vt 0.000000 0.000000
vt 0.000000 0.000000
vt 0.000000 0.000000
vt 0.000000 0.000000
vt 0.000000 0.000000
vt 0.000000 0.000000
vt 0.000000 0.000000
vt 0.000000 0.000000
vt 0.000000 0.000000
vt 0.000000 0.000000
vt 0.000000 0.000000
vt 0.000000 0.000000
vt 0.000000 0.000000
vt 0.000000 0.000000
vt 0.000000 0.000000
vt 0.000000 0.000000
vt 0.000000 0.000000
vt 0.000000 0.000000
vt 0.000000 0.000000
vt 0.000000 0.000000
vt 0.000000 0.000000
vt 0.000000 0.000000
vt 0.000000 0.000000
vt 0.000000 0.000000
vt 0.000000 0.000000
vt 0.000000 0.000000
vt 0.000000 0.000000
vt 0.000000 0.000000
vt 0.000000 0.000000
vt 0.000000 0.000000
vt 0.000000 0.000000
vt 0.000000 0.000000
vt 0.000000 0.000000
vt 0.000000 0.000000
vt 0.000000 0.000000
vt 0.000000 0.000000
vt 0.000000 0.000000
vt 0.000000 0.000000
vt 0.000000 0.000000
vt 0.000000 0.000000
vt 0.000000 0.000000
vt 0.000000 0.000000
vt 0.000000 0.000000
vt 0.000000 0.000000
vt 0.000000 0.000000
vt 0.000000 0.000000
vt 0.000000 0.000000
vt 0.000000 0.000000
vt 0.000000 0.000000
vt 0.000000 0.000000
vt 0.000000 0.000000
vt 0.000000 0.000000
vt 0.000000 0.000000
vt 0.000000 0.000000
vt 0.000000 0.000000
vt 0.000000 0.000000
vt 0.000000 0.000000
vt 0.000000 0.000000
vt 0.000000 0.000000
vt 0.000000 0.000000
vt 0.000000 0.000000
vt 0.000000 0.000000
vt 0.000000 0.000000
vt 0.000000 0.000000
vt 0.000000 0.000000
vt 0.000000 0.000000
vt 0.000000 0.000000
vt 0.000000 0.000000
vt 0.000000 0.000000
vt 0.000000 0.000000
vt 0.000000 0.000000
vt 0.000000 0.000000
vt 0.000000 0.000000
vt 0.000000 0.000000
vt 0.000000 0.000000
vt 0.000000 0.000000
vt 0.000000 0.000000
vt 0.000000 0.000000
vt 0.000000 0.000000
vt 0.000000 0.000000
vt 0.000000 0.000000
vt 0.000000 0.000000
vt 0.000000 0.000000
vt 0.000000 0.000000
vt 0.000000 0.000000
vt 0.000000 0.000000
vt 0.000000 0.000000
vt 0.000000 0.000000
vt 0.000000 0.000000
vt 0.000000 0.000000
vt 0.000000 0.000000
vt 0.000000 0.000000
vt 0.000000 0.000000
vt 0.000000 0.000000
vt 0.000000 0.000000
vt 0.000000 0.000000
vt 0.000000 0.000000
vt 0.000000 0.000000
vt 0.000000 0.000000
vt 0.000000 0.000000
vt 0.000000 0.000000
vt 0.000000 0.000000
vt 0.000000 0.000000
vt 0.000000 0.000000
vt 0.000000 0.000000
vt 0.000000 0.000000
vt 0.000000 0.000000
vt 0.000000 0.000000
vt 0.000000 0.000000
vt 0.000000 0.000000
vt 0.000000 0.000000
vt 0.000000 0.000000
vt 0.000000 0.000000
vt 0.000000 0.000000
vt 0.000000 0.000000
vt 0.000000 0.000000
vt 0.000000 0.000000
vt 0.000000 0.000000
vt 0.000000 0.000000
vt 0.000000 0.000000
vt 0.000000 0.000000
vt 0.000000 0.000000
vt 0.000000 0.000000
vt 0.000000 0.000000
vt 0.000000 0.000000
vt 0.000000 0.000000
vt 0.000000 0.000000
vt 0.000000 0.000000
vt 0.000000 0.000000
vt 0.000000 0.000000
vt 0.000000 0.000000
vt 0.000000 0.000000
vt 0.000000 0.000000
vt 0.000000 0.000000
vt 0.000000 0.000000
vt 0.000000 0.000000
vt 0.000000 0.000000
vt 0.000000 0.000000
vt 0.000000 0.000000
vt 0.000000 0.000000
vt 0.000000 0.000000
vt 0.000000 0.000000
vt 0.000000 0.000000
vt 0.000000 0.000000
vt 0.000000 0.000000
vt 0.000000 0.000000
vt 0.000000 0.000000
vt 0.000000 0.000000
vt 0.000000 0.000000
vt 0.000000 0.000000
vt 0.000000 0.000000
vt 0.000000 0.000000
vt 0.000000 0.000000
vt 0.000000 0.000000
vt 0.000000 0.000000
vt 0.000000 0.000000
vt 0.000000 0.000000
vt 0.000000 0.000000
vt 0.000000 0.000000
vt 0.000000 0.000000
vt 0.000000 0.000000
vt 0.000000 0.000000
vt 0.000000 0.000000
vt 0.000000 0.000000
vt 0.000000 0.000000
vt 0.000000 0.000000
vt 0.000000 0.000000
vt 0.000000 0.000000
vt 0.000000 0.000000
vt 0.000000 0.000000
vt 0.000000 0.000000
vt 0.000000 0.000000
vt 0.000000 0.000000
vt 0.000000 0.000000
vt 0.000000 0.000000
vt 0.000000 0.000000
vt 0.000000 0.000000
vt 0.000000 0.000000
vt 0.000000 0.000000
vt 0.000000 0.000000
vt 0.000000 0.000000
vt 0.000000 0.000000
vt 0.000000 0.000000
vt 0.000000 0.000000
vt 0.000000 0.000000
vt 0.000000 0.000000
vt 0.000000 0.000000
vt 0.000000 0.000000
vt 0.000000 0.000000
vt 0.000000 0.000000
vt 0.000000 0.000000
vt 0.000000 0.000000
vt 0.000000 0.000000
vt 0.000000 0.000000
vt 0.000000 0.000000
vt 0.000000 0.000000
vt 0.000000 0.000000
vt 0.000000 0.000000
vt 0.000000 0.000000
vt 0.000000 0.000000
vt 0.000000 0.000000
vt 0.000000 0.000000
vn 0.0000 1.0000 -0.0000
vn -0.0000 -1.0000 0.0000
usemtl Default_OBJ
s 1
f 164/158/8 165/159/8 166/160/8
f 168/161/8 170/162/8 172/163/8
f 176/164/8 177/165/8 178/166/8
f 183/167/8 184/168/8 180/169/8
f 188/170/8 189/171/8 190/172/8
f 192/173/8 194/174/8 196/175/8
f 191/176/8 185/177/8 190/172/8
f 174/178/8 180/169/8 175/179/8
f 162/180/9 192/173/9 193/181/9
f 188/170/9 182/182/9 183/167/9
f 171/183/9 165/159/9 170/162/9
f 172/163/8 178/166/8 167/184/8
f 181/185/8 173/186/8 171/183/8
f 200/187/8 201/188/8 202/189/8
f 204/190/8 206/191/8 208/192/8
f 212/193/8 213/194/8 214/195/8
f 216/196/8 218/197/8 220/198/8
f 224/199/8 225/200/8 226/201/8
f 228/202/8 230/203/8 232/204/8
f 227/205/8 221/206/8 226/201/8
f 210/207/8 216/196/8 211/208/8
f 198/209/9 228/202/9 229/210/9
f 225/200/9 219/211/9 224/199/9
f 207/212/9 201/188/9 206/191/9
f 208/192/8 214/195/8 203/213/8
f 217/214/8 209/215/8 207/212/8
f 236/216/8 237/217/8 238/218/8
f 243/219/8 244/220/8 240/221/8
f 248/222/8 249/223/8 250/224/8
f 255/225/8 256/226/8 252/227/8
f 260/228/8 261/229/8 262/230/8
f 267/231/8 268/232/8 264/233/8
f 263/234/8 257/235/8 262/230/8
f 247/236/8 253/237/8 252/227/8
f 234/238/9 264/233/9 265/239/9
f 261/229/9 255/225/9 260/228/9
f 236/216/9 242/240/9 243/219/9
f 244/220/8 250/224/8 239/241/8
f 253/237/8 245/242/8 243/219/8
f 272/243/8 273/244/8 274/245/8
f 278/246/8 279/247/8 280/248/8
f 284/249/8 285/250/8 286/251/8
f 288/252/8 290/253/8 292/254/8
f 296/255/8 297/256/8 298/257/8
f 300/258/8 302/259/8 304/260/8
f 299/261/8 293/262/8 298/257/8
f 282/263/8 288/252/8 283/264/8
f 270/265/9 300/258/9 301/266/9
f 297/256/9 291/267/9 296/255/9
f 272/243/9 278/246/9 279/247/9
f 280/248/8 286/251/8 275/268/8
f 289/269/8 281/270/8 279/247/8
f 308/271/8 309/272/8 310/273/8
f 314/274/8 315/275/8 316/276/8
f 321/277/8 322/278/8 318/279/8
f 326/280/8 327/281/8 328/282/8
f 322/278/8 328/282/8 317/283/8
f 307/284/8 313/285/8 312/286/8
f 330/287/9 325/288/9 329/289/9
f 321/277/9 315/275/9 320/290/9
f 332/291/8 310/273/8 331/292/8
f 305/293/8 334/294/8 323/295/8
f 339/296/8 340/297/8 336/298/8
f 344/299/8 345/300/8 346/301/8
f 350/302/8 351/303/8 352/304/8
f 354/305/8 356/306/8 358/307/8
f 352/304/8 358/307/8 347/308/8
f 337/309/8 343/310/8 342/311/8
f 359/312/9 354/305/9 355/313/9
f 351/303/9 345/300/9 350/302/9
f 364/314/8 368/315/8 371/316/8
f 374/317/8 340/297/8 373/318/8
f 353/319/8 343/310/8 376/320/8
f 380/321/8 381/322/8 382/323/8
f 384/324/8 386/325/8 388/326/8
f 392/327/8 393/328/8 394/329/8
f 399/330/8 400/331/8 396/332/8
f 405/333/8 406/334/8 402/335/8
f 408/336/8 410/337/8 412/338/8
f 407/339/8 401/340/8 406/334/8
f 390/341/8 396/332/8 391/342/8
f 378/343/9 408/336/9 409/344/9
f 405/333/9 399/330/9 404/345/9
f 380/321/9 386/325/9 387/346/9
f 388/326/8 394/329/8 383/347/8
f 407/339/8 397/348/8 387/346/8
f 416/349/8 417/350/8 418/351/8
f 420/352/8 422/353/8 424/354/8
f 428/355/8 429/356/8 430/357/8
f 432/358/8 434/359/8 436/360/8
f 440/361/8 441/362/8 442/363/8
f 447/364/8 448/365/8 444/366/8
f 443/367/8 437/368/8 442/363/8
f 426/369/8 432/358/8 427/370/8
f 414/371/9 444/366/9 445/372/9
f 440/361/9 434/359/9 435/373/9
f 423/374/9 417/350/9 422/353/9
f 424/354/8 430/357/8 419/375/8
f 433/376/8 425/377/8 423/374/8
f 452/378/8 453/379/8 454/380/8
f 456/381/8 458/382/8 460/383/8
f 464/384/8 465/385/8 466/386/8
f 471/387/8 472/388/8 468/389/8
f 476/390/8 477/391/8 478/392/8
f 483/393/8 484/394/8 480/395/8
f 479/396/8 473/397/8 478/392/8
f 462/398/8 468/389/8 463/399/8
f 450/400/9 480/395/9 481/401/9
f 477/391/9 471/387/9 476/390/9
f 459/402/9 453/379/9 458/382/9
f 460/383/8 466/386/8 455/403/8
f 469/404/8 461/405/8 459/402/8
f 488/406/8 489/407/8 490/408/8
f 492/409/8 494/410/8 496/411/8
f 500/412/8 501/413/8 502/414/8
f 504/415/8 506/416/8 508/417/8
f 513/418/8 514/419/8 510/420/8
f 516/421/8 518/422/8 520/423/8
f 515/424/8 509/425/8 514/419/8
f 498/426/8 504/415/8 499/427/8
f 486/428/9 516/421/9 517/429/9
f 513/418/9 507/430/9 512/431/9
f 495/432/9 489/407/9 494/410/9
f 491/433/8 497/434/8 502/414/8
f 487/435/8 515/424/8 505/436/8
f 524/437/8 525/438/8 526/439/8
f 528/440/8 530/441/8 532/442/8
f 536/443/8 537/444/8 538/445/8
f 540/446/8 542/447/8 544/448/8
f 539/449/8 533/450/8 538/445/8
f 522/451/8 528/440/8 523/452/8
f 546/453/9 541/454/9 545/455/9
f 536/443/9 530/441/9 531/456/9
f 548/457/8 526/439/8 547/458/8
f 529/459/8 521/460/8 550/461/8
f 554/462/8 555/463/8 556/464/8
f 561/465/8 562/466/8 558/467/8
f 566/468/8 567/469/8 568/470/8
f 570/471/8 572/472/8 574/473/8
f 568/470/8 574/473/8 563/474/8
f 552/475/8 558/467/8 553/476/8
f 575/477/9 570/471/9 571/478/9
f 567/469/9 561/465/9 566/468/9
f 578/479/8 556/464/8 577/480/8
f 569/481/8 559/482/8 580/483/8
f 584/484/8 585/485/8 586/486/8
f 590/487/8 591/488/8 592/489/8
f 364/314/8 363/490/8 595/491/8
f 597/492/8 598/493/8 599/494/8
f 603/495/8 604/496/8 605/497/8
f 609/498/8 610/499/8 611/500/8
f 606/501/8 600/502/8 605/497/8
f 594/503/8 366/504/8 365/505/8
f 583/506/9 608/507/9 582/508/9
f 604/496/9 598/493/9 603/495/9
f 584/484/9 590/487/9 591/488/9
f 592/489/8 595/491/8 587/509/8
f 593/510/8 591/488/8 606/501/8
f 615/511/8 616/512/8 617/513/8
f 621/514/8 622/515/8 623/516/8
f 627/517/8 628/518/8 629/519/8
f 633/520/8 634/521/8 635/522/8
f 630/523/8 624/524/8 629/519/8
f 614/525/8 620/526/8 619/527/8
f 637/528/9 632/529/9 636/530/9
f 627/517/9 621/514/9 622/515/9
f 639/531/8 617/513/8 638/532/8
f 612/533/8 641/534/8 630/523/8
f 643/535/8 645/536/8 647/537/8
f 651/538/8 362/539/8 648/540/8
f 655/541/8 656/542/8 657/543/8
f 662/544/8 663/545/8 659/546/8
f 657/543/8 663/545/8 652/547/8
f 643/535/8 648/540/8 644/548/8
f 664/549/9 659/546/9 660/550/9
f 656/542/9 651/538/9 655/541/9
f 667/551/8 647/537/8 666/552/8
f 642/553/8 669/554/8 658/555/8
f 671/556/8 673/557/8 675/558/8
f 679/559/8 369/560/8 368/315/8
f 372/561/8 370/562/8 682/563/8
f 686/564/8 687/565/8 688/566/8
f 683/567/8 680/568/8 682/563/8
f 671/556/8 677/569/8 672/570/8
f 690/571/9 685/572/9 689/573/9
f 681/574/9 369/560/9 370/562/9
f 692/575/8 675/558/8 691/576/8
f 670/577/8 694/578/8 683/567/8
f 333/579/9 696/580/9 334/294/9
f 332/291/8 698/581/8 334/294/8
f 333/579/8 695/582/8 700/583/8
f 375/584/9 702/585/9 376/320/9
f 374/317/8 704/586/8 376/320/8
f 375/584/8 701/587/8 706/588/8
f 549/589/9 708/590/9 550/461/9
f 548/457/8 710/591/8 550/461/8
f 549/589/8 707/592/8 712/593/8
f 579/594/9 714/595/9 580/483/9
f 578/479/8 716/596/8 580/483/8
f 579/594/8 713/597/8 718/598/8
f 640/599/9 720/600/9 641/534/9
f 639/531/8 722/601/8 641/534/8
f 640/599/8 719/602/8 724/603/8
f 669/554/9 725/604/9 726/605/9
f 667/551/8 728/606/8 669/554/8
f 668/607/8 725/604/8 730/608/8
f 694/578/9 731/609/9 732/610/9
f 692/575/8 734/611/8 694/578/8
f 693/612/8 731/609/8 736/613/8
f 428/355/8 599/494/8 602/614/8
f 176/164/8 436/360/8 439/615/8
f 728/606/8 735/616/8 736/613/8
f 722/601/8 729/617/8 730/608/8
f 716/596/8 723/618/8 724/603/8
f 710/591/8 717/619/8 718/598/8
f 712/593/8 703/620/8 711/621/8
f 706/588/8 697/622/8 705/623/8
f 319/624/8 303/625/8 302/259/8
f 295/626/8 231/627/8 230/203/8
f 223/628/8 195/629/8 194/174/8
f 735/616/8 727/630/8 646/631/8
f 562/466/9 485/632/9 456/381/9
f 601/633/8 610/499/8 500/412/8
f 508/417/8 507/430/8 511/634/8
f 252/227/8 438/635/8 447/364/8
f 256/226/8 255/225/8 259/636/8
f 166/160/8 161/637/8 164/158/8
f 161/637/8 162/180/8 164/158/8
f 162/180/8 163/638/8 164/158/8
f 172/163/8 167/184/8 168/161/8
f 168/161/8 169/639/8 170/162/8
f 170/162/8 171/183/8 172/163/8
f 178/166/8 173/186/8 174/178/8
f 174/178/8 175/179/8 178/166/8
f 175/179/8 176/164/8 178/166/8
f 184/168/8 179/640/8 180/169/8
f 180/169/8 181/185/8 182/182/8
f 182/182/8 183/167/8 180/169/8
f 190/172/8 185/177/8 188/170/8
f 185/177/8 186/641/8 188/170/8
f 186/641/8 187/642/8 188/170/8
f 196/175/8 191/176/8 192/173/8
f 192/173/8 193/181/8 194/174/8
f 194/174/8 195/629/8 196/175/8
f 191/176/8 196/175/8 185/177/8
f 174/178/8 181/185/8 180/169/8
f 162/180/9 163/638/9 192/173/9
f 188/170/9 189/171/9 182/182/9
f 171/183/9 164/158/9 165/159/9
f 172/163/8 173/186/8 178/166/8
f 171/183/8 164/158/8 163/638/8
f 163/638/8 192/173/8 191/176/8
f 191/176/8 190/172/8 189/171/8
f 189/171/8 182/182/8 181/185/8
f 181/185/8 174/178/8 173/186/8
f 173/186/8 172/163/8 171/183/8
f 171/183/8 163/638/8 191/176/8
f 191/176/8 189/171/8 171/183/8
f 189/171/8 181/185/8 171/183/8
f 202/189/8 197/643/8 200/187/8
f 197/643/8 198/209/8 200/187/8
f 198/209/8 199/644/8 200/187/8
f 208/192/8 203/213/8 204/190/8
f 204/190/8 205/645/8 206/191/8
f 206/191/8 207/212/8 208/192/8
f 214/195/8 209/215/8 212/193/8
f 209/215/8 210/207/8 212/193/8
f 210/207/8 211/208/8 212/193/8
f 220/198/8 215/646/8 216/196/8
f 216/196/8 217/214/8 218/197/8
f 218/197/8 219/211/8 220/198/8
f 226/201/8 221/206/8 224/199/8
f 221/206/8 222/647/8 224/199/8
f 222/647/8 223/628/8 224/199/8
f 232/204/8 227/205/8 228/202/8
f 228/202/8 229/210/8 230/203/8
f 230/203/8 231/627/8 232/204/8
f 227/205/8 232/204/8 221/206/8
f 210/207/8 217/214/8 216/196/8
f 198/209/9 199/644/9 228/202/9
f 225/200/9 218/197/9 219/211/9
f 207/212/9 200/187/9 201/188/9
f 208/192/8 209/215/8 214/195/8
f 207/212/8 200/187/8 199/644/8
f 199/644/8 228/202/8 227/205/8
f 227/205/8 226/201/8 225/200/8
f 225/200/8 218/197/8 217/214/8
f 217/214/8 210/207/8 209/215/8
f 209/215/8 208/192/8 207/212/8
f 207/212/8 199/644/8 227/205/8
f 227/205/8 225/200/8 207/212/8
f 225/200/8 217/214/8 207/212/8
f 238/218/8 233/648/8 236/216/8
f 233/648/8 234/238/8 236/216/8
f 234/238/8 235/649/8 236/216/8
f 244/220/8 239/241/8 240/221/8
f 240/221/8 241/650/8 242/240/8
f 242/240/8 243/219/8 240/221/8
f 250/224/8 245/242/8 248/222/8
f 245/242/8 246/651/8 248/222/8
f 246/651/8 247/236/8 248/222/8
f 256/226/8 251/652/8 252/227/8
f 252/227/8 253/237/8 254/653/8
f 254/653/8 255/225/8 252/227/8
f 262/230/8 257/235/8 260/228/8
f 257/235/8 258/654/8 260/228/8
f 258/654/8 259/636/8 260/228/8
f 268/232/8 263/234/8 264/233/8
f 264/233/8 265/239/8 266/655/8
f 266/655/8 267/231/8 264/233/8
f 263/234/8 268/232/8 257/235/8
f 247/236/8 246/651/8 253/237/8
f 234/238/9 235/649/9 264/233/9
f 261/229/9 254/653/9 255/225/9
f 236/216/9 237/217/9 242/240/9
f 244/220/8 245/242/8 250/224/8
f 243/219/8 236/216/8 235/649/8
f 235/649/8 264/233/8 263/234/8
f 263/234/8 262/230/8 261/229/8
f 261/229/8 254/653/8 253/237/8
f 253/237/8 246/651/8 245/242/8
f 245/242/8 244/220/8 243/219/8
f 243/219/8 235/649/8 263/234/8
f 263/234/8 261/229/8 243/219/8
f 261/229/8 253/237/8 243/219/8
f 274/245/8 269/656/8 272/243/8
f 269/656/8 270/265/8 272/243/8
f 270/265/8 271/657/8 272/243/8
f 280/248/8 275/268/8 276/658/8
f 276/658/8 277/659/8 280/248/8
f 277/659/8 278/246/8 280/248/8
f 286/251/8 281/270/8 284/249/8
f 281/270/8 282/263/8 284/249/8
f 282/263/8 283/264/8 284/249/8
f 292/254/8 287/660/8 288/252/8
f 288/252/8 289/269/8 290/253/8
f 290/253/8 291/267/8 292/254/8
f 298/257/8 293/262/8 296/255/8
f 293/262/8 294/661/8 296/255/8
f 294/661/8 295/626/8 296/255/8
f 304/260/8 299/261/8 300/258/8
f 300/258/8 301/266/8 302/259/8
f 302/259/8 303/625/8 304/260/8
f 299/261/8 304/260/8 293/262/8
f 282/263/8 289/269/8 288/252/8
f 270/265/9 271/657/9 300/258/9
f 297/256/9 290/253/9 291/267/9
f 272/243/9 273/244/9 278/246/9
f 280/248/8 281/270/8 286/251/8
f 279/247/8 272/243/8 271/657/8
f 271/657/8 300/258/8 299/261/8
f 299/261/8 298/257/8 297/256/8
f 297/256/8 290/253/8 289/269/8
f 289/269/8 282/263/8 281/270/8
f 281/270/8 280/248/8 279/247/8
f 279/247/8 271/657/8 299/261/8
f 299/261/8 297/256/8 279/247/8
f 297/256/8 289/269/8 279/247/8
f 310/273/8 305/293/8 308/271/8
f 305/293/8 306/662/8 308/271/8
f 306/662/8 307/284/8 308/271/8
f 316/276/8 311/663/8 314/274/8
f 311/663/8 312/286/8 314/274/8
f 312/286/8 313/285/8 314/274/8
f 322/278/8 317/283/8 318/279/8
f 318/279/8 319/624/8 320/290/8
f 320/290/8 321/277/8 318/279/8
f 328/282/8 323/295/8 326/280/8
f 323/295/8 324/664/8 326/280/8
f 324/664/8 325/288/8 326/280/8
f 322/278/8 323/295/8 328/282/8
f 307/284/8 306/662/8 313/285/8
f 330/287/9 324/664/9 325/288/9
f 321/277/9 314/274/9 315/275/9
f 332/291/8 305/293/8 310/273/8
f 334/294/8 333/579/8 323/295/8
f 333/579/8 330/287/8 323/295/8
f 330/287/8 324/664/8 323/295/8
f 323/295/8 322/278/8 313/285/8
f 322/278/8 321/277/8 313/285/8
f 321/277/8 314/274/8 313/285/8
f 313/285/8 306/662/8 305/293/8
f 305/293/8 332/291/8 334/294/8
f 313/285/8 305/293/8 323/295/8
f 340/297/8 335/665/8 336/298/8
f 336/298/8 337/309/8 338/666/8
f 338/666/8 339/296/8 336/298/8
f 346/301/8 341/667/8 344/299/8
f 341/667/8 342/311/8 344/299/8
f 342/311/8 343/310/8 344/299/8
f 352/304/8 347/308/8 350/302/8
f 347/308/8 348/668/8 350/302/8
f 348/668/8 349/669/8 350/302/8
f 358/307/8 353/319/8 354/305/8
f 354/305/8 355/313/8 356/306/8
f 356/306/8 357/670/8 358/307/8
f 352/304/8 353/319/8 358/307/8
f 337/309/8 336/298/8 343/310/8
f 359/312/9 360/671/9 354/305/9
f 351/303/9 344/299/9 345/300/9
f 372/561/8 361/672/8 362/539/8
f 362/539/8 363/490/8 364/314/8
f 364/314/8 365/505/8 366/504/8
f 366/504/8 367/673/8 364/314/8
f 367/673/8 368/315/8 364/314/8
f 368/315/8 369/560/8 370/562/8
f 371/316/8 372/561/8 364/314/8
f 372/561/8 362/539/8 364/314/8
f 368/315/8 370/562/8 371/316/8
f 374/317/8 335/665/8 340/297/8
f 376/320/8 375/584/8 353/319/8
f 375/584/8 360/671/8 353/319/8
f 360/671/8 354/305/8 353/319/8
f 353/319/8 352/304/8 351/303/8
f 351/303/8 344/299/8 353/319/8
f 344/299/8 343/310/8 353/319/8
f 343/310/8 336/298/8 376/320/8
f 336/298/8 335/665/8 376/320/8
f 335/665/8 374/317/8 376/320/8
f 382/323/8 377/674/8 380/321/8
f 377/674/8 378/343/8 380/321/8
f 378/343/8 379/675/8 380/321/8
f 388/326/8 383/347/8 384/324/8
f 384/324/8 385/676/8 386/325/8
f 386/325/8 387/346/8 388/326/8
f 394/329/8 389/677/8 392/327/8
f 389/677/8 390/341/8 392/327/8
f 390/341/8 391/342/8 392/327/8
f 400/331/8 395/678/8 396/332/8
f 396/332/8 397/348/8 398/679/8
f 398/679/8 399/330/8 396/332/8
f 406/334/8 401/340/8 402/335/8
f 402/335/8 403/680/8 404/345/8
f 404/345/8 405/333/8 402/335/8
f 412/338/8 407/339/8 408/336/8
f 408/336/8 409/344/8 410/337/8
f 410/337/8 411/681/8 412/338/8
f 407/339/8 412/338/8 401/340/8
f 390/341/8 397/348/8 396/332/8
f 378/343/9 379/675/9 408/336/9
f 405/333/9 398/679/9 399/330/9
f 380/321/9 381/322/9 386/325/9
f 388/326/8 389/677/8 394/329/8
f 387/346/8 380/321/8 379/675/8
f 379/675/8 408/336/8 407/339/8
f 407/339/8 406/334/8 397/348/8
f 406/334/8 405/333/8 397/348/8
f 405/333/8 398/679/8 397/348/8
f 397/348/8 390/341/8 389/677/8
f 389/677/8 388/326/8 387/346/8
f 387/346/8 379/675/8 407/339/8
f 397/348/8 389/677/8 387/346/8
f 418/351/8 413/682/8 416/349/8
f 413/682/8 414/371/8 416/349/8
f 414/371/8 415/683/8 416/349/8
f 424/354/8 419/375/8 420/352/8
f 420/352/8 421/684/8 422/353/8
f 422/353/8 423/374/8 424/354/8
f 430/357/8 425/377/8 428/355/8
f 425/377/8 426/369/8 428/355/8
f 426/369/8 427/370/8 428/355/8
f 436/360/8 431/685/8 432/358/8
f 432/358/8 433/376/8 434/359/8
f 434/359/8 435/373/8 436/360/8
f 442/363/8 437/368/8 440/361/8
f 437/368/8 438/635/8 440/361/8
f 438/635/8 439/615/8 440/361/8
f 448/365/8 443/367/8 444/366/8
f 444/366/8 445/372/8 446/686/8
f 446/686/8 447/364/8 444/366/8
f 443/367/8 448/365/8 437/368/8
f 426/369/8 433/376/8 432/358/8
f 414/371/9 415/683/9 444/366/9
f 440/361/9 441/362/9 434/359/9
f 423/374/9 416/349/9 417/350/9
f 424/354/8 425/377/8 430/357/8
f 423/374/8 416/349/8 443/367/8
f 416/349/8 415/683/8 443/367/8
f 415/683/8 444/366/8 443/367/8
f 443/367/8 442/363/8 441/362/8
f 441/362/8 434/359/8 433/376/8
f 433/376/8 426/369/8 425/377/8
f 425/377/8 424/354/8 423/374/8
f 443/367/8 441/362/8 423/374/8
f 441/362/8 433/376/8 423/374/8
f 454/380/8 449/687/8 452/378/8
f 449/687/8 450/400/8 452/378/8
f 450/400/8 451/688/8 452/378/8
f 460/383/8 455/403/8 456/381/8
f 456/381/8 457/689/8 458/382/8
f 458/382/8 459/402/8 460/383/8
f 466/386/8 461/405/8 464/384/8
f 461/405/8 462/398/8 464/384/8
f 462/398/8 463/399/8 464/384/8
f 472/388/8 467/690/8 468/389/8
f 468/389/8 469/404/8 470/691/8
f 470/691/8 471/387/8 468/389/8
f 478/392/8 473/397/8 476/390/8
f 473/397/8 474/692/8 476/390/8
f 474/692/8 475/693/8 476/390/8
f 484/394/8 479/396/8 480/395/8
f 480/395/8 481/401/8 482/694/8
f 482/694/8 483/393/8 480/395/8
f 479/396/8 484/394/8 473/397/8
f 462/398/8 469/404/8 468/389/8
f 450/400/9 451/688/9 480/395/9
f 477/391/9 470/691/9 471/387/9
f 459/402/9 452/378/9 453/379/9
f 460/383/8 461/405/8 466/386/8
f 459/402/8 452/378/8 479/396/8
f 452/378/8 451/688/8 479/396/8
f 451/688/8 480/395/8 479/396/8
f 479/396/8 478/392/8 477/391/8
f 477/391/8 470/691/8 469/404/8
f 469/404/8 462/398/8 461/405/8
f 461/405/8 460/383/8 459/402/8
f 479/396/8 477/391/8 459/402/8
f 477/391/8 469/404/8 459/402/8
f 490/408/8 485/632/8 488/406/8
f 485/632/8 486/428/8 488/406/8
f 486/428/8 487/435/8 488/406/8
f 496/411/8 491/433/8 492/409/8
f 492/409/8 493/695/8 494/410/8
f 494/410/8 495/432/8 496/411/8
f 502/414/8 497/434/8 500/412/8
f 497/434/8 498/426/8 500/412/8
f 498/426/8 499/427/8 500/412/8
f 508/417/8 503/696/8 504/415/8
f 504/415/8 505/436/8 506/416/8
f 506/416/8 507/430/8 508/417/8
f 514/419/8 509/425/8 510/420/8
f 510/420/8 511/634/8 512/431/8
f 512/431/8 513/418/8 510/420/8
f 520/423/8 515/424/8 516/421/8
f 516/421/8 517/429/8 518/422/8
f 518/422/8 519/697/8 520/423/8
f 515/424/8 520/423/8 509/425/8
f 498/426/8 505/436/8 504/415/8
f 486/428/9 487/435/9 516/421/9
f 513/418/9 506/416/9 507/430/9
f 495/432/9 488/406/9 489/407/9
f 491/433/8 496/411/8 497/434/8
f 495/432/8 488/406/8 487/435/8
f 487/435/8 516/421/8 515/424/8
f 515/424/8 514/419/8 505/436/8
f 514/419/8 513/418/8 505/436/8
f 513/418/8 506/416/8 505/436/8
f 505/436/8 498/426/8 497/434/8
f 497/434/8 496/411/8 505/436/8
f 496/411/8 495/432/8 505/436/8
f 495/432/8 487/435/8 505/436/8
f 526/439/8 521/460/8 524/437/8
f 521/460/8 522/451/8 524/437/8
f 522/451/8 523/452/8 524/437/8
f 532/442/8 527/698/8 528/440/8
f 528/440/8 529/459/8 530/441/8
f 530/441/8 531/456/8 532/442/8
f 538/445/8 533/450/8 536/443/8
f 533/450/8 534/699/8 536/443/8
f 534/699/8 535/700/8 536/443/8
f 544/448/8 539/449/8 540/446/8
f 540/446/8 541/454/8 542/447/8
f 542/447/8 543/701/8 544/448/8
f 539/449/8 544/448/8 533/450/8
f 522/451/8 529/459/8 528/440/8
f 546/453/9 540/446/9 541/454/9
f 536/443/9 537/444/9 530/441/9
f 548/457/8 521/460/8 526/439/8
f 550/461/8 549/589/8 539/449/8
f 549/589/8 546/453/8 539/449/8
f 546/453/8 540/446/8 539/449/8
f 539/449/8 538/445/8 537/444/8
f 537/444/8 530/441/8 529/459/8
f 529/459/8 522/451/8 521/460/8
f 521/460/8 548/457/8 550/461/8
f 539/449/8 537/444/8 550/461/8
f 537/444/8 529/459/8 550/461/8
f 556/464/8 551/702/8 554/462/8
f 551/702/8 552/475/8 554/462/8
f 552/475/8 553/476/8 554/462/8
f 562/466/8 557/703/8 558/467/8
f 558/467/8 559/482/8 560/704/8
f 560/704/8 561/465/8 558/467/8
f 568/470/8 563/474/8 566/468/8
f 563/474/8 564/705/8 566/468/8
f 564/705/8 565/706/8 566/468/8
f 574/473/8 569/481/8 570/471/8
f 570/471/8 571/478/8 572/472/8
f 572/472/8 573/707/8 574/473/8
f 568/470/8 569/481/8 574/473/8
f 552/475/8 559/482/8 558/467/8
f 575/477/9 576/708/9 570/471/9
f 567/469/9 560/704/9 561/465/9
f 578/479/8 551/702/8 556/464/8
f 580/483/8 579/594/8 569/481/8
f 579/594/8 576/708/8 569/481/8
f 576/708/8 570/471/8 569/481/8
f 569/481/8 568/470/8 567/469/8
f 567/469/8 560/704/8 569/481/8
f 560/704/8 559/482/8 569/481/8
f 559/482/8 552/475/8 580/483/8
f 552/475/8 551/702/8 580/483/8
f 551/702/8 578/479/8 580/483/8
f 586/486/8 581/709/8 582/508/8
f 582/508/8 583/506/8 586/486/8
f 583/506/8 584/484/8 586/486/8
f 592/489/8 587/509/8 588/710/8
f 588/710/8 589/711/8 592/489/8
f 589/711/8 590/487/8 592/489/8
f 595/491/8 593/510/8 594/503/8
f 594/503/8 365/505/8 595/491/8
f 365/505/8 364/314/8 595/491/8
f 599/494/8 367/673/8 597/492/8
f 367/673/8 366/504/8 597/492/8
f 366/504/8 596/712/8 597/492/8
f 605/497/8 600/502/8 601/633/8
f 601/633/8 602/614/8 605/497/8
f 602/614/8 603/495/8 605/497/8
f 611/500/8 606/501/8 607/713/8
f 607/713/8 608/507/8 611/500/8
f 608/507/8 609/498/8 611/500/8
f 606/501/8 611/500/8 600/502/8
f 594/503/8 596/712/8 366/504/8
f 583/506/9 607/713/9 608/507/9
f 604/496/9 597/492/9 598/493/9
f 584/484/9 585/485/9 590/487/9
f 592/489/8 593/510/8 595/491/8
f 591/488/8 584/484/8 583/506/8
f 583/506/8 607/713/8 591/488/8
f 607/713/8 606/501/8 591/488/8
f 606/501/8 605/497/8 604/496/8
f 604/496/8 597/492/8 606/501/8
f 597/492/8 596/712/8 606/501/8
f 596/712/8 594/503/8 593/510/8
f 593/510/8 592/489/8 591/488/8
f 596/712/8 593/510/8 606/501/8
f 617/513/8 612/533/8 613/714/8
f 613/714/8 614/525/8 617/513/8
f 614/525/8 615/511/8 617/513/8
f 623/516/8 618/715/8 619/527/8
f 619/527/8 620/526/8 623/516/8
f 620/526/8 621/514/8 623/516/8
f 629/519/8 624/524/8 625/716/8
f 625/716/8 626/717/8 629/519/8
f 626/717/8 627/517/8 629/519/8
f 635/522/8 630/523/8 633/520/8
f 630/523/8 631/718/8 633/520/8
f 631/718/8 632/529/8 633/520/8
f 630/523/8 635/522/8 624/524/8
f 614/525/8 613/714/8 620/526/8
f 637/528/9 631/718/9 632/529/9
f 627/517/9 628/518/9 621/514/9
f 639/531/8 612/533/8 617/513/8
f 641/534/8 640/599/8 637/528/8
f 637/528/8 631/718/8 641/534/8
f 631/718/8 630/523/8 641/534/8
f 630/523/8 629/519/8 628/518/8
f 628/518/8 621/514/8 630/523/8
f 621/514/8 620/526/8 630/523/8
f 620/526/8 613/714/8 612/533/8
f 612/533/8 639/531/8 641/534/8
f 620/526/8 612/533/8 630/523/8
f 647/537/8 642/553/8 643/535/8
f 643/535/8 644/548/8 645/536/8
f 645/536/8 646/631/8 647/537/8
f 362/539/8 361/672/8 648/540/8
f 648/540/8 649/719/8 650/720/8
f 650/720/8 651/538/8 648/540/8
f 657/543/8 652/547/8 653/721/8
f 653/721/8 654/722/8 657/543/8
f 654/722/8 655/541/8 657/543/8
f 663/545/8 658/555/8 659/546/8
f 659/546/8 660/550/8 661/723/8
f 661/723/8 662/544/8 659/546/8
f 657/543/8 658/555/8 663/545/8
f 643/535/8 649/719/8 648/540/8
f 664/549/9 665/724/9 659/546/9
f 656/542/9 650/720/9 651/538/9
f 667/551/8 642/553/8 647/537/8
f 669/554/8 668/607/8 665/724/8
f 665/724/8 659/546/8 658/555/8
f 658/555/8 657/543/8 656/542/8
f 656/542/8 650/720/8 649/719/8
f 649/719/8 643/535/8 642/553/8
f 642/553/8 667/551/8 669/554/8
f 669/554/8 665/724/8 658/555/8
f 658/555/8 656/542/8 649/719/8
f 649/719/8 642/553/8 658/555/8
f 675/558/8 670/577/8 671/556/8
f 671/556/8 672/570/8 673/557/8
f 673/557/8 674/725/8 675/558/8
f 368/315/8 676/726/8 679/559/8
f 676/726/8 677/569/8 679/559/8
f 677/569/8 678/727/8 679/559/8
f 682/563/8 680/568/8 372/561/8
f 372/561/8 371/316/8 370/562/8
f 370/562/8 681/574/8 682/563/8
f 688/566/8 683/567/8 686/564/8
f 683/567/8 684/728/8 686/564/8
f 684/728/8 685/572/8 686/564/8
f 683/567/8 688/566/8 680/568/8
f 671/556/8 678/727/8 677/569/8
f 690/571/9 684/728/9 685/572/9
f 681/574/9 679/559/9 369/560/9
f 692/575/8 670/577/8 675/558/8
f 694/578/8 693/612/8 690/571/8
f 690/571/8 684/728/8 694/578/8
f 684/728/8 683/567/8 694/578/8
f 683/567/8 682/563/8 681/574/8
f 681/574/8 679/559/8 678/727/8
f 678/727/8 671/556/8 670/577/8
f 670/577/8 692/575/8 694/578/8
f 683/567/8 681/574/8 678/727/8
f 678/727/8 670/577/8 683/567/8
f 333/579/9 695/582/9 696/580/9
f 332/291/8 331/292/8 698/581/8
f 331/292/8 697/622/8 698/581/8
f 698/581/8 696/580/8 334/294/8
f 700/583/8 699/729/8 329/289/8
f 329/289/8 330/287/8 700/583/8
f 330/287/8 333/579/8 700/583/8
f 375/584/9 701/587/9 702/585/9
f 374/317/8 373/318/8 704/586/8
f 373/318/8 703/620/8 704/586/8
f 704/586/8 702/585/8 376/320/8
f 706/588/8 705/623/8 359/312/8
f 359/312/8 360/671/8 706/588/8
f 360/671/8 375/584/8 706/588/8
f 549/589/9 707/592/9 708/590/9
f 548/457/8 547/458/8 710/591/8
f 547/458/8 709/730/8 710/591/8
f 710/591/8 708/590/8 550/461/8
f 712/593/8 711/621/8 545/455/8
f 545/455/8 546/453/8 712/593/8
f 546/453/8 549/589/8 712/593/8
f 579/594/9 713/597/9 714/595/9
f 578/479/8 577/480/8 716/596/8
f 577/480/8 715/731/8 716/596/8
f 716/596/8 714/595/8 580/483/8
f 718/598/8 717/619/8 575/477/8
f 575/477/8 576/708/8 718/598/8
f 576/708/8 579/594/8 718/598/8
f 640/599/9 719/602/9 720/600/9
f 639/531/8 638/532/8 722/601/8
f 638/532/8 721/732/8 722/601/8
f 722/601/8 720/600/8 641/534/8
f 724/603/8 723/618/8 636/530/8
f 636/530/8 637/528/8 724/603/8
f 637/528/8 640/599/8 724/603/8
f 669/554/9 668/607/9 725/604/9
f 667/551/8 666/552/8 728/606/8
f 666/552/8 727/630/8 728/606/8
f 728/606/8 726/605/8 669/554/8
f 730/608/8 729/617/8 664/549/8
f 664/549/8 665/724/8 730/608/8
f 665/724/8 668/607/8 730/608/8
f 694/578/9 693/612/9 731/609/9
f 692/575/8 691/576/8 734/611/8
f 691/576/8 733/733/8 734/611/8
f 734/611/8 732/610/8 694/578/8
f 736/613/8 735/616/8 689/573/8
f 689/573/8 690/571/8 736/613/8
f 690/571/8 693/612/8 736/613/8
f 432/358/8 431/685/8 428/355/8
f 431/685/8 599/494/8 428/355/8
f 599/494/8 598/493/8 603/495/8
f 602/614/8 601/633/8 503/696/8
f 599/494/8 603/495/8 602/614/8
f 427/370/8 432/358/8 428/355/8
f 508/417/8 429/356/8 428/355/8
f 602/614/8 503/696/8 428/355/8
f 503/696/8 508/417/8 428/355/8
f 176/164/8 175/179/8 180/169/8
f 180/169/8 179/640/8 176/164/8
f 179/640/8 436/360/8 176/164/8
f 436/360/8 435/373/8 439/615/8
f 435/373/8 440/361/8 439/615/8
f 439/615/8 438/635/8 251/652/8
f 256/226/8 177/165/8 176/164/8
f 439/615/8 251/652/8 176/164/8
f 251/652/8 256/226/8 176/164/8
f 728/606/8 727/630/8 735/616/8
f 722/601/8 721/732/8 729/617/8
f 716/596/8 715/731/8 723/618/8
f 710/591/8 709/730/8 717/619/8
f 712/593/8 704/586/8 703/620/8
f 706/588/8 698/581/8 697/622/8
f 319/624/8 318/279/8 303/625/8
f 295/626/8 294/661/8 231/627/8
f 223/628/8 222/647/8 195/629/8
f 361/672/8 372/561/8 680/568/8
f 680/568/8 688/566/8 361/672/8
f 688/566/8 687/565/8 361/672/8
f 686/564/8 685/572/8 735/616/8
f 685/572/8 689/573/8 735/616/8
f 648/540/8 361/672/8 687/565/8
f 645/536/8 644/548/8 687/565/8
f 644/548/8 648/540/8 687/565/8
f 666/552/8 647/537/8 646/631/8
f 727/630/8 666/552/8 646/631/8
f 646/631/8 645/536/8 686/564/8
f 645/536/8 687/565/8 686/564/8
f 686/564/8 735/616/8 646/631/8
f 277/659/9 278/246/9 273/244/9
f 277/659/9 273/244/9 274/245/9
f 286/251/9 275/268/9 276/658/9
f 285/250/9 286/251/9 377/674/9
f 286/251/9 276/658/9 377/674/9
f 409/344/9 410/337/9 285/250/9
f 377/674/9 378/343/9 409/344/9
f 386/325/9 381/322/9 382/323/9
f 377/674/9 409/344/9 285/250/9
f 385/676/9 386/325/9 382/323/9
f 269/656/9 270/265/9 301/266/9
f 301/266/9 302/259/9 269/656/9
f 302/259/9 319/624/9 269/656/9
f 319/624/9 320/290/9 315/275/9
f 319/624/9 315/275/9 269/656/9
f 315/275/9 316/276/9 269/656/9
f 311/663/9 312/286/9 308/271/9
f 312/286/9 307/284/9 308/271/9
f 269/656/9 316/276/9 311/663/9
f 274/245/9 269/656/9 311/663/9
f 309/272/9 310/273/9 697/622/9
f 310/273/9 331/292/9 697/622/9
f 274/245/9 311/663/9 308/271/9
f 277/659/9 274/245/9 348/668/9
f 274/245/9 308/271/9 348/668/9
f 309/272/9 697/622/9 705/623/9
f 394/329/9 383/347/9 384/324/9
f 482/694/9 393/328/9 394/329/9
f 450/400/9 481/401/9 449/687/9
f 481/401/9 482/694/9 449/687/9
f 482/694/9 394/329/9 449/687/9
f 394/329/9 384/324/9 449/687/9
f 458/382/9 453/379/9 454/380/9
f 309/272/9 705/623/9 359/312/9
f 359/312/9 355/313/9 309/272/9
f 355/313/9 356/306/9 309/272/9
f 357/670/9 358/307/9 347/308/9
f 357/670/9 347/308/9 308/271/9
f 347/308/9 348/668/9 308/271/9
f 309/272/9 356/306/9 308/271/9
f 356/306/9 357/670/9 308/271/9
f 457/689/9 458/382/9 454/380/9
f 466/386/9 455/403/9 456/381/9
f 465/385/9 466/386/9 485/632/9
f 466/386/9 456/381/9 485/632/9
f 517/429/9 518/422/9 465/385/9
f 485/632/9 486/428/9 517/429/9
f 494/410/9 489/407/9 490/408/9
f 485/632/9 517/429/9 465/385/9
f 493/695/9 494/410/9 490/408/9
f 502/414/9 491/433/9 492/409/9
f 609/498/9 501/413/9 492/409/9
f 501/413/9 502/414/9 492/409/9
f 582/508/9 608/507/9 581/709/9
f 608/507/9 609/498/9 581/709/9
f 581/709/9 609/498/9 626/717/9
f 609/498/9 492/409/9 626/717/9
f 590/487/9 585/485/9 586/486/9
f 349/669/9 350/302/9 345/300/9
f 277/659/9 348/668/9 276/658/9
f 348/668/9 349/669/9 276/658/9
f 589/711/9 590/487/9 653/721/9
f 590/487/9 586/486/9 653/721/9
f 595/491/9 587/509/9 363/490/9
f 587/509/9 588/710/9 363/490/9
f 651/538/9 362/539/9 654/722/9
f 362/539/9 363/490/9 654/722/9
f 654/722/9 655/541/9 651/538/9
f 663/545/9 652/547/9 653/721/9
f 662/544/9 663/545/9 586/486/9
f 663/545/9 653/721/9 586/486/9
f 654/722/9 363/490/9 588/710/9
f 654/722/9 588/710/9 589/711/9
f 653/721/9 654/722/9 589/711/9
f 349/669/9 345/300/9 346/301/9
f 341/667/9 342/311/9 338/666/9
f 342/311/9 337/309/9 338/666/9
f 276/658/9 349/669/9 377/674/9
f 349/669/9 346/301/9 377/674/9
f 377/674/9 346/301/9 382/323/9
f 346/301/9 341/667/9 382/323/9
f 382/323/9 341/667/9 385/676/9
f 341/667/9 338/666/9 385/676/9
f 339/296/9 340/297/9 373/318/9
f 664/549/9 660/550/9 661/723/9
f 721/732/9 729/617/9 661/723/9
f 729/617/9 664/549/9 661/723/9
f 617/513/9 638/532/9 616/512/9
f 638/532/9 721/732/9 616/512/9
f 339/296/9 373/318/9 703/620/9
f 703/620/9 711/621/9 545/455/9
f 545/455/9 541/454/9 542/447/9
f 543/701/9 544/448/9 533/450/9
f 703/620/9 545/455/9 339/296/9
f 545/455/9 542/447/9 339/296/9
f 543/701/9 533/450/9 534/699/9
f 616/512/9 721/732/9 661/723/9
f 619/527/9 614/525/9 615/511/9
f 615/511/9 616/512/9 661/723/9
f 338/666/9 339/296/9 542/447/9
f 338/666/9 542/447/9 543/701/9
f 615/511/9 661/723/9 662/544/9
f 618/715/9 619/527/9 662/544/9
f 619/527/9 615/511/9 662/544/9
f 627/517/9 622/515/9 626/717/9
f 622/515/9 623/516/9 626/717/9
f 618/715/9 662/544/9 586/486/9
f 623/516/9 618/715/9 586/486/9
f 385/676/9 338/666/9 534/699/9
f 338/666/9 543/701/9 534/699/9
f 623/516/9 586/486/9 581/709/9
f 626/717/9 623/516/9 581/709/9
f 384/324/9 385/676/9 535/700/9
f 385/676/9 534/699/9 535/700/9
f 535/700/9 536/443/9 532/442/9
f 536/443/9 531/456/9 532/442/9
f 635/522/9 624/524/9 625/716/9
f 625/716/9 626/717/9 492/409/9
f 625/716/9 492/409/9 493/695/9
f 634/521/9 635/522/9 493/695/9
f 635/522/9 625/716/9 493/695/9
f 636/530/9 632/529/9 723/618/9
f 632/529/9 633/520/9 723/618/9
f 634/521/9 493/695/9 557/703/9
f 493/695/9 490/408/9 557/703/9
f 715/731/9 723/618/9 633/520/9
f 449/687/9 384/324/9 532/442/9
f 384/324/9 535/700/9 532/442/9
f 527/698/9 528/440/9 524/437/9
f 528/440/9 523/452/9 524/437/9
f 449/687/9 532/442/9 527/698/9
f 454/380/9 449/687/9 527/698/9
f 454/380/9 527/698/9 524/437/9
f 457/689/9 454/380/9 573/707/9
f 454/380/9 524/437/9 573/707/9
f 525/438/9 526/439/9 709/730/9
f 526/439/9 547/458/9 709/730/9
f 577/480/9 715/731/9 633/520/9
f 555/463/9 556/464/9 633/520/9
f 556/464/9 577/480/9 633/520/9
f 558/467/9 553/476/9 554/462/9
f 557/703/9 558/467/9 554/462/9
f 554/462/9 555/463/9 634/521/9
f 555/463/9 633/520/9 634/521/9
f 709/730/9 717/619/9 575/477/9
f 575/477/9 571/478/9 572/472/9
f 573/707/9 574/473/9 563/474/9
f 709/730/9 575/477/9 525/438/9
f 575/477/9 572/472/9 525/438/9
f 573/707/9 563/474/9 457/689/9
f 563/474/9 564/705/9 457/689/9
f 557/703/9 554/462/9 634/521/9
f 524/437/9 525/438/9 572/472/9
f 524/437/9 572/472/9 573/707/9
f 566/468/9 561/465/9 562/466/9
f 562/466/9 557/703/9 490/408/9
f 562/466/9 490/408/9 485/632/9
f 565/706/9 566/468/9 456/381/9
f 566/468/9 562/466/9 456/381/9
f 457/689/9 564/705/9 456/381/9
f 564/705/9 565/706/9 456/381/9
f 500/412/8 499/427/8 504/415/8
f 504/415/8 503/696/8 601/633/8
f 601/633/8 600/502/8 610/499/8
f 600/502/8 611/500/8 610/499/8
f 610/499/8 609/498/8 501/413/8
f 500/412/8 504/415/8 601/633/8
f 610/499/8 501/413/8 500/412/8
f 202/189/8 201/188/8 206/191/8
f 202/189/8 206/191/8 205/645/8
f 229/210/8 198/209/8 197/643/8
f 230/203/8 229/210/8 197/643/8
f 296/255/8 295/626/8 230/203/8
f 292/254/8 291/267/8 296/255/8
f 283/264/8 288/252/8 287/660/8
f 292/254/8 296/255/8 197/643/8
f 296/255/8 230/203/8 197/643/8
f 284/249/8 283/264/8 287/660/8
f 292/254/8 197/643/8 287/660/8
f 197/643/8 202/189/8 287/660/8
f 287/660/8 202/189/8 284/249/8
f 202/189/8 205/645/8 284/249/8
f 410/337/8 285/250/8 411/681/8
f 285/250/8 284/249/8 411/681/8
f 204/190/8 203/213/8 214/195/8
f 401/340/8 412/338/8 411/681/8
f 402/335/8 401/340/8 205/645/8
f 401/340/8 411/681/8 205/645/8
f 411/681/8 284/249/8 205/645/8
f 204/190/8 214/195/8 266/655/8
f 214/195/8 213/194/8 266/655/8
f 399/330/8 404/345/8 403/680/8
f 403/680/8 402/335/8 204/190/8
f 402/335/8 205/645/8 204/190/8
f 400/331/8 399/330/8 403/680/8
f 391/342/8 396/332/8 392/327/8
f 396/332/8 395/678/8 392/327/8
f 400/331/8 403/680/8 266/655/8
f 403/680/8 204/190/8 266/655/8
f 400/331/8 266/655/8 265/239/8
f 265/239/8 234/238/8 233/648/8
f 238/218/8 237/217/8 242/240/8
f 400/331/8 265/239/8 233/648/8
f 238/218/8 242/240/8 241/650/8
f 400/331/8 233/648/8 395/678/8
f 233/648/8 238/218/8 395/678/8
f 395/678/8 238/218/8 241/650/8
f 482/694/8 393/328/8 392/327/8
f 392/327/8 395/678/8 483/393/8
f 395/678/8 241/650/8 483/393/8
f 240/221/8 239/241/8 250/224/8
f 483/393/8 482/694/8 392/327/8
f 473/397/8 484/394/8 483/393/8
f 474/692/8 473/397/8 241/650/8
f 473/397/8 483/393/8 241/650/8
f 240/221/8 250/224/8 249/223/8
f 471/387/8 476/390/8 472/388/8
f 476/390/8 475/693/8 472/388/8
f 475/693/8 474/692/8 241/650/8
f 240/221/8 249/223/8 472/388/8
f 249/223/8 446/686/8 472/388/8
f 475/693/8 241/650/8 240/221/8
f 463/399/8 468/389/8 464/384/8
f 468/389/8 467/690/8 464/384/8
f 472/388/8 475/693/8 240/221/8
f 472/388/8 446/686/8 413/682/8
f 446/686/8 445/372/8 413/682/8
f 445/372/8 414/371/8 413/682/8
f 418/351/8 417/350/8 422/353/8
f 418/351/8 422/353/8 421/684/8
f 472/388/8 413/682/8 467/690/8
f 413/682/8 418/351/8 467/690/8
f 467/690/8 418/351/8 421/684/8
f 518/422/8 465/385/8 464/384/8
f 464/384/8 467/690/8 519/697/8
f 467/690/8 421/684/8 519/697/8
f 420/352/8 419/375/8 430/357/8
f 519/697/8 518/422/8 464/384/8
f 509/425/8 520/423/8 519/697/8
f 510/420/8 509/425/8 421/684/8
f 509/425/8 519/697/8 421/684/8
f 420/352/8 430/357/8 429/356/8
f 507/430/8 512/431/8 511/634/8
f 511/634/8 510/420/8 420/352/8
f 510/420/8 421/684/8 420/352/8
f 420/352/8 429/356/8 511/634/8
f 429/356/8 508/417/8 511/634/8
f 248/222/8 247/236/8 252/227/8
f 252/227/8 251/652/8 438/635/8
f 438/635/8 437/368/8 447/364/8
f 437/368/8 448/365/8 447/364/8
f 447/364/8 446/686/8 248/222/8
f 446/686/8 249/223/8 248/222/8
f 248/222/8 252/227/8 447/364/8
f 166/160/8 165/159/8 170/162/8
f 166/160/8 170/162/8 169/639/8
f 193/181/8 162/180/8 161/637/8
f 194/174/8 193/181/8 161/637/8
f 224/199/8 223/628/8 220/198/8
f 223/628/8 194/174/8 220/198/8
f 220/198/8 219/211/8 224/199/8
f 211/208/8 216/196/8 212/193/8
f 216/196/8 215/646/8 212/193/8
f 220/198/8 194/174/8 161/637/8
f 220/198/8 161/637/8 215/646/8
f 161/637/8 166/160/8 215/646/8
f 215/646/8 166/160/8 169/639/8
f 266/655/8 213/194/8 212/193/8
f 212/193/8 215/646/8 267/231/8
f 215/646/8 169/639/8 267/231/8
f 168/161/8 167/184/8 178/166/8
f 267/231/8 266/655/8 212/193/8
f 257/235/8 268/232/8 267/231/8
f 258/654/8 257/235/8 169/639/8
f 257/235/8 267/231/8 169/639/8
f 168/161/8 178/166/8 177/165/8
f 255/225/8 260/228/8 259/636/8
f 259/636/8 258/654/8 168/161/8
f 258/654/8 169/639/8 168/161/8
f 168/161/8 177/165/8 259/636/8
f 177/165/8 256/226/8 259/636/8
o path.control.000
v -30.729996 -0.000158 -85.050858
v -32.895065 -0.000158 -83.800858
v -34.145065 -0.000158 -81.635803
v -34.145065 -0.000158 -79.135803
v -24.814926 -0.000158 -79.135803
v -24.814926 -0.000158 -81.635803
v -26.064926 -0.000158 -83.800858
v -28.229996 -0.000158 -85.050858
v 9.270004 -0.000158 -85.050850
v 9.270004 -0.000159 -97.371384
v 6.770004 -0.000159 -97.371384
v 6.770004 -0.000158 -85.050850
v 46.770004 -0.000158 -85.050850
v 46.770004 -0.000159 -97.371376
v 44.270004 -0.000159 -97.371376
v 44.270004 -0.000158 -85.050850
v 83.020004 -0.000158 -85.050850
v 83.020004 -0.000159 -97.371376
v 81.770004 -0.000159 -97.371376
v 81.770004 -0.000158 -85.050850
v -49.479996 -0.000162 -129.847321
v -49.479996 -0.000161 -117.526810
v -46.979996 -0.000161 -117.526810
v -46.979996 -0.000162 -129.847321
v -11.979996 -0.000162 -129.847321
v -11.979996 -0.000161 -117.526810
v -9.479996 -0.000161 -117.526810
v -9.479996 -0.000162 -129.847321
v 25.520008 -0.000162 -129.847321
v 25.520004 -0.000161 -117.526810
v 28.020004 -0.000161 -117.526810
v 28.020008 -0.000162 -129.847321
v 65.520004 -0.000161 -117.526810
v 63.020004 -0.000161 -117.526810
v 63.020004 -0.000162 -129.847321
v 65.520004 -0.000162 -129.847321
v -66.979980 -0.000164 -162.323288
v -65.729980 -0.000164 -162.323273
v -65.729980 -0.000163 -150.002777
v -66.979980 -0.000163 -150.002777
v -30.729988 -0.000164 -162.323273
v -28.229996 -0.000164 -162.323288
v -28.229996 -0.000163 -150.002777
v -30.729980 -0.000163 -150.002777
v 6.770004 -0.000164 -162.323273
v 9.270012 -0.000164 -162.323273
v 9.270020 -0.000163 -150.002762
v 6.770004 -0.000163 -150.002762
v 46.770008 -0.000163 -150.002762
v 44.270023 -0.000163 -150.002762
v 44.270016 -0.000164 -162.323273
v 46.770008 -0.000164 -162.323273
v -30.729996 -0.000159 -97.371384
v -28.229996 -0.000159 -97.371384
v 11.435074 -0.000158 -83.800850
v 4.604935 -0.000158 -83.800850
v 3.354935 -0.000158 -81.635796
v 3.354935 -0.000158 -79.135796
v 12.685074 -0.000158 -79.135796
v 12.685074 -0.000158 -81.635796
v 48.935074 -0.000158 -83.800850
v 42.104935 -0.000158 -83.800850
v 40.854935 -0.000158 -81.635796
v 40.854935 -0.000158 -79.135796
v 50.185074 -0.000158 -79.135796
v 50.185074 -0.000158 -81.635796
v 83.020004 -0.000158 -79.135796
v 79.604935 -0.000158 -83.800850
v 78.354935 -0.000158 -81.635796
v 78.354935 -0.000158 -79.135796
v 80.687469 -0.000158 -79.135796
v 81.770004 -0.000164 -162.323273
v 83.020004 -0.000164 -162.323273
v 83.020004 -0.000163 -150.002762
v 81.770004 -0.000163 -150.002762
v -49.479996 -0.000167 -194.799225
v -49.479996 -0.000166 -182.478729
v -46.979988 -0.000166 -182.478729
v -46.979988 -0.000167 -194.799225
v -11.979988 -0.000167 -194.799225
v -11.979988 -0.000166 -182.478729
v -9.479988 -0.000166 -182.478729
v -9.479988 -0.000167 -194.799225
v 25.520008 -0.000167 -194.799225
v 25.520008 -0.000166 -182.478714
v 28.020008 -0.000166 -182.478714
v 28.020008 -0.000167 -194.799225
v 65.520012 -0.000166 -182.478714
v 63.020008 -0.000166 -182.478714
v 63.020012 -0.000167 -194.799225
v 65.520012 -0.000167 -194.799225
v -66.979980 -0.000169 -221.114929
v -65.729980 -0.000169 -221.114929
v -65.729980 -0.000168 -214.954681
v -66.979980 -0.000168 -214.954681
v -30.729973 -0.000169 -221.114929
v -28.229988 -0.000169 -221.114929
v -28.229988 -0.000168 -214.954681
v -30.729973 -0.000168 -214.954681
v 6.770012 -0.000169 -221.114929
v 9.270027 -0.000169 -221.114929
v 9.270027 -0.000168 -214.954681
v 6.770012 -0.000168 -214.954681
v -65.729996 -0.000158 -85.050858
v -65.729996 -0.000159 -97.371384
v -66.979996 -0.000159 -97.371384
v -66.979996 -0.000158 -85.050858
v -51.645065 -0.000162 -131.097321
v -52.895065 -0.000162 -133.262390
v -52.895065 -0.000162 -135.762390
v -63.564941 -0.000163 -141.922638
v -65.729996 -0.000163 -140.672638
v -66.979996 -0.000163 -140.672638
v -63.564911 -0.000163 -148.752777
v -62.314911 -0.000163 -146.587708
v -62.314911 -0.000163 -144.087708
v -51.645050 -0.000162 -137.927460
v -49.479980 -0.000163 -139.177444
v -46.979980 -0.000163 -139.177444
v -44.814911 -0.000162 -137.927444
v -34.145035 -0.000163 -144.087708
v -34.145035 -0.000163 -146.587708
v -32.895035 -0.000163 -148.752777
v -26.064926 -0.000163 -148.752777
v -24.814926 -0.000163 -146.587708
v -24.814926 -0.000163 -144.087708
v -14.145065 -0.000162 -137.927444
v -11.979996 -0.000163 -139.177444
v -9.479996 -0.000163 -139.177444
v -7.314926 -0.000162 -137.927444
v 3.354935 -0.000163 -144.087708
v 3.354935 -0.000163 -146.587708
v 4.604935 -0.000163 -148.752762
v 11.435074 -0.000163 -148.752762
v 12.685074 -0.000163 -146.587708
v 12.685074 -0.000163 -144.087708
v 23.354969 -0.000162 -137.927444
v 25.520023 -0.000163 -139.177444
v 28.020023 -0.000163 -139.177444
v 30.185093 -0.000162 -137.927444
v 40.854969 -0.000163 -144.087708
v 40.854969 -0.000163 -146.587708
v 42.104969 -0.000163 -148.752762
v 48.935078 -0.000163 -148.752762
v 50.185078 -0.000163 -146.587708
v 50.185074 -0.000163 -144.087708
v 60.854935 -0.000162 -137.927444
v 63.020004 -0.000163 -139.177444
v 65.520004 -0.000163 -139.177444
v 67.685074 -0.000162 -137.927444
v 78.354935 -0.000163 -144.087708
v 78.354935 -0.000163 -146.587708
v 79.604935 -0.000163 -148.752762
v 83.020004 -0.000163 -140.672638
v 81.770004 -0.000163 -140.672638
v 79.604935 -0.000163 -141.922638
v 68.935074 -0.000162 -135.762390
v 68.935074 -0.000162 -133.262390
v 67.685074 -0.000162 -131.097321
v 60.854935 -0.000162 -131.097321
v 59.604935 -0.000162 -133.262390
v 59.604935 -0.000162 -135.762390
v 48.935074 -0.000163 -141.922638
v 46.770008 -0.000163 -140.672638
v 44.270008 -0.000163 -140.672638
v 42.104939 -0.000163 -141.922638
v 31.435078 -0.000162 -135.762390
v 31.435078 -0.000162 -133.262390
v 30.185078 -0.000162 -131.097321
v 23.354939 -0.000162 -131.097321
v 22.104939 -0.000162 -133.262390
v 22.104939 -0.000162 -135.762390
v 11.435074 -0.000163 -141.922638
v 9.270004 -0.000163 -140.672638
v 6.770004 -0.000163 -140.672638
v 4.604935 -0.000163 -141.922638
v -6.064926 -0.000162 -135.762390
v -6.064926 -0.000162 -133.262390
v -7.314926 -0.000162 -131.097321
v -14.145065 -0.000162 -131.097321
v -15.395065 -0.000162 -133.262390
v -15.395065 -0.000162 -135.762390
v -26.064926 -0.000163 -141.922638
v -28.229996 -0.000163 -140.672638
v -30.729996 -0.000163 -140.672638
v -32.895065 -0.000163 -141.922638
v -43.564926 -0.000162 -135.762390
v -43.564926 -0.000162 -133.262390
v -44.814926 -0.000162 -131.097321
v -63.564941 -0.000158 -83.800858
v -66.979996 -0.000158 -79.135803
v -62.314941 -0.000158 -79.135803
v -62.314941 -0.000158 -81.635803
v -26.064926 -0.000159 -98.621384
v -24.814926 -0.000160 -100.786438
v -24.814926 -0.000160 -103.286438
v -14.145065 -0.000160 -109.446701
v -11.979996 -0.000160 -108.196701
v -9.479996 -0.000160 -108.196701
v -7.314926 -0.000160 -109.446701
v 3.354935 -0.000160 -103.286438
v 3.354935 -0.000160 -100.786438
v 4.604935 -0.000159 -98.621384
v 11.435074 -0.000159 -98.621384
v 12.685074 -0.000160 -100.786438
v 12.685074 -0.000160 -103.286438
v 23.354935 -0.000160 -109.446693
v 25.520004 -0.000160 -108.196693
v 28.020004 -0.000160 -108.196693
v 30.185074 -0.000160 -109.446693
v 40.854935 -0.000160 -103.286430
v 40.854935 -0.000160 -100.786430
v 42.104935 -0.000159 -98.621376
v 48.935074 -0.000159 -98.621376
v 50.185074 -0.000160 -100.786430
v 50.185074 -0.000160 -103.286430
v 60.854935 -0.000160 -109.446693
v 63.020004 -0.000160 -108.196693
v 65.520004 -0.000160 -108.196693
v 67.685074 -0.000160 -109.446693
v 78.354935 -0.000160 -103.286430
v 78.354935 -0.000160 -100.786430
v 79.604935 -0.000159 -98.621376
v 83.020004 -0.000160 -106.701485
v 81.770004 -0.000160 -106.701485
v 79.604935 -0.000160 -105.451485
v 68.935074 -0.000160 -111.611748
v 68.935074 -0.000161 -114.111748
v 67.685074 -0.000161 -116.276810
v 60.854935 -0.000161 -116.276810
v 59.604935 -0.000161 -114.111748
v 59.604935 -0.000160 -111.611748
v 48.935074 -0.000160 -105.451485
v 46.770004 -0.000160 -106.701485
v 44.270004 -0.000160 -106.701485
v 42.104935 -0.000160 -105.451485
v 31.435074 -0.000160 -111.611755
v 31.435074 -0.000161 -114.111755
v 30.185074 -0.000161 -116.276810
v 23.354935 -0.000161 -116.276810
v 22.104935 -0.000161 -114.111755
v 22.104935 -0.000160 -111.611755
v 11.435074 -0.000160 -105.451492
v 9.270004 -0.000160 -106.701492
v 6.770004 -0.000160 -106.701492
v 4.604935 -0.000160 -105.451492
v -6.064926 -0.000160 -111.611755
v -6.064926 -0.000161 -114.111755
v -7.314926 -0.000161 -116.276810
v -14.145065 -0.000161 -116.276810
v -15.395065 -0.000161 -114.111755
v -15.395065 -0.000160 -111.611755
v -26.064926 -0.000160 -105.451492
v -28.229996 -0.000160 -106.701492
v -30.729996 -0.000160 -106.701492
v -32.895065 -0.000160 -105.451492
v -43.564926 -0.000160 -111.611755
v -43.564926 -0.000161 -114.111755
v -44.814926 -0.000161 -116.276810
v -51.645050 -0.000161 -116.276817
v -52.895050 -0.000161 -114.111755
v -52.895050 -0.000160 -111.611755
v -63.564926 -0.000160 -105.451492
v -65.729996 -0.000160 -106.701492
v -66.979996 -0.000160 -106.701492
v -63.564941 -0.000159 -98.621384
v -62.314941 -0.000160 -100.786438
v -62.314941 -0.000160 -103.286438
v -51.645065 -0.000160 -109.446701
v -49.479996 -0.000160 -108.196701
v -46.979996 -0.000160 -108.196701
v -44.814926 -0.000160 -109.446701
v -34.145065 -0.000160 -103.286438
v -34.145065 -0.000160 -100.786438
v -32.895065 -0.000159 -98.621384
v -51.645065 -0.000167 -196.049225
v -52.895065 -0.000167 -198.214294
v -52.895065 -0.000167 -200.714294
v -63.564941 -0.000168 -206.874542
v -65.729996 -0.000168 -205.624542
v -66.979996 -0.000168 -205.624542
v -63.564911 -0.000168 -213.704681
v -62.314911 -0.000168 -211.539612
v -62.314911 -0.000168 -209.039612
v -51.645050 -0.000167 -202.879364
v -49.479980 -0.000167 -204.129364
v -46.979973 -0.000167 -204.129364
v -44.814903 -0.000167 -202.879364
v -34.145027 -0.000168 -209.039612
v -34.145027 -0.000168 -211.539612
v -32.895027 -0.000168 -213.704681
v -26.064919 -0.000168 -213.704681
v -24.814919 -0.000168 -211.539612
v -24.814919 -0.000168 -209.039612
v -14.145058 -0.000167 -202.879364
v -11.979988 -0.000167 -204.129364
v -9.479988 -0.000167 -204.129364
v -7.314919 -0.000167 -202.879364
v 3.354942 -0.000168 -209.039612
v 3.354942 -0.000168 -211.539612
v 4.604942 -0.000168 -213.704681
v 11.435081 -0.000168 -213.704681
v 12.685081 -0.000168 -211.539612
v 12.685081 -0.000168 -209.039612
v 23.354969 -0.000167 -202.879349
v 25.520023 -0.000167 -204.129349
v 28.020023 -0.000167 -204.129349
v 30.185093 -0.000167 -202.879349
v 40.854969 -0.000168 -209.039612
v 40.854973 -0.000168 -211.539612
v 42.104973 -0.000168 -213.704681
v 44.270027 -0.000168 -214.954681
v 46.770012 -0.000168 -214.954681
v 48.935081 -0.000168 -213.704681
v 50.185081 -0.000168 -211.539612
v 50.185081 -0.000168 -209.039612
v 60.854942 -0.000167 -202.879349
v 63.020012 -0.000167 -204.129349
v 65.520012 -0.000167 -204.129349
v 67.685081 -0.000167 -202.879349
v 78.354942 -0.000168 -209.039612
v 78.354942 -0.000168 -211.539612
v 79.604942 -0.000168 -213.704681
v 81.770012 -0.000168 -214.954681
v 83.020012 -0.000168 -214.954681
v 83.020012 -0.000168 -205.624542
v 81.770012 -0.000168 -205.624542
v 79.604942 -0.000168 -206.874542
v 68.935081 -0.000167 -200.714294
v 68.935081 -0.000167 -198.214294
v 67.685081 -0.000167 -196.049225
v 60.854942 -0.000167 -196.049225
v 59.604942 -0.000167 -198.214294
v 59.604942 -0.000167 -200.714294
v 48.935081 -0.000168 -206.874542
v 46.770008 -0.000168 -205.624542
v 44.270008 -0.000168 -205.624542
v 42.104939 -0.000168 -206.874542
v 31.435078 -0.000167 -200.714294
v 31.435078 -0.000167 -198.214294
v 30.185078 -0.000167 -196.049225
v 23.354939 -0.000167 -196.049225
v 22.104939 -0.000167 -198.214294
v 22.104939 -0.000167 -200.714294
v 11.435081 -0.000168 -206.874542
v 9.270012 -0.000168 -205.624542
v 6.770012 -0.000168 -205.624542
v 4.604942 -0.000168 -206.874542
v -6.064919 -0.000167 -200.714294
v -6.064919 -0.000167 -198.214294
v -7.314919 -0.000167 -196.049225
v -14.145058 -0.000167 -196.049225
v -15.395058 -0.000167 -198.214294
v -15.395058 -0.000167 -200.714294
v -26.064919 -0.000168 -206.874542
v -28.229988 -0.000168 -205.624542
v -30.729988 -0.000168 -205.624542
v -32.895058 -0.000168 -206.874542
v -43.564919 -0.000167 -200.714294
v -43.564919 -0.000167 -198.214294
v -44.814919 -0.000167 -196.049225
v -26.064926 -0.000164 -163.573288
v -24.814926 -0.000165 -165.738342
v -24.814919 -0.000165 -168.238342
v -14.145058 -0.000165 -174.398605
v -11.979988 -0.000165 -173.148605
v -9.479988 -0.000165 -173.148605
v -7.314919 -0.000165 -174.398605
v 3.354942 -0.000165 -168.238342
v 3.354935 -0.000165 -165.738342
v 4.604935 -0.000164 -163.573273
v 11.435074 -0.000164 -163.573273
v 12.685074 -0.000165 -165.738342
v 12.685081 -0.000165 -168.238342
v 23.354939 -0.000165 -174.398590
v 25.520008 -0.000165 -173.148590
v 28.020008 -0.000165 -173.148590
v 30.185078 -0.000165 -174.398590
v 40.854939 -0.000165 -168.238342
v 40.854939 -0.000165 -165.738342
v 42.104939 -0.000164 -163.573273
v 48.935078 -0.000164 -163.573273
v 50.185078 -0.000165 -165.738342
v 50.185078 -0.000165 -168.238342
v 60.854939 -0.000165 -174.398590
v 63.020008 -0.000165 -173.148590
v 65.520004 -0.000165 -173.148590
v 67.685074 -0.000165 -174.398590
v 78.354935 -0.000165 -168.238342
v 78.354935 -0.000165 -165.738342
v 79.604935 -0.000164 -163.573273
v 83.020012 -0.000165 -171.653381
v 81.770012 -0.000165 -171.653381
v 79.604942 -0.000165 -170.403381
v 68.935074 -0.000165 -176.563660
v 68.935081 -0.000166 -179.063660
v 67.685081 -0.000166 -181.228714
v 60.854939 -0.000166 -181.228714
v 59.604939 -0.000166 -179.063660
v 59.604939 -0.000165 -176.563660
v 48.935078 -0.000165 -170.403381
v 46.770008 -0.000165 -171.653381
v 44.270008 -0.000165 -171.653381
v 42.104939 -0.000165 -170.403381
v 31.435078 -0.000165 -176.563660
v 31.435078 -0.000166 -179.063660
v 30.185078 -0.000166 -181.228714
v 23.354939 -0.000166 -181.228714
v 22.104939 -0.000166 -179.063660
v 22.104939 -0.000165 -176.563660
v 11.435081 -0.000165 -170.403381
v 9.270012 -0.000165 -171.653381
v 6.770012 -0.000165 -171.653381
v 4.604942 -0.000165 -170.403381
v -6.064919 -0.000165 -176.563660
v -6.064919 -0.000166 -179.063660
v -7.314919 -0.000166 -181.228729
v -14.145058 -0.000166 -181.228729
v -15.395058 -0.000166 -179.063660
v -15.395058 -0.000165 -176.563660
v -26.064919 -0.000165 -170.403397
v -28.229988 -0.000165 -171.653397
v -30.729988 -0.000165 -171.653397
v -32.895058 -0.000165 -170.403397
v -43.564919 -0.000165 -176.563660
v -43.564919 -0.000166 -179.063660
v -44.814919 -0.000166 -181.228729
v -51.645050 -0.000166 -181.228729
v -52.895050 -0.000166 -179.063660
v -52.895050 -0.000165 -176.563660
v -63.564926 -0.000165 -170.403397
v -65.729996 -0.000165 -171.653397
v -66.979996 -0.000165 -171.653397
v -63.564941 -0.000164 -163.573288
v -62.314941 -0.000165 -165.738342
v -62.314941 -0.000165 -168.238342
v -51.645065 -0.000165 -174.398605
v -49.479996 -0.000165 -173.148605
v -46.979988 -0.000165 -173.148605
v -44.814919 -0.000165 -174.398605
v -34.145058 -0.000165 -168.238342
v -34.145065 -0.000165 -165.738342
v -32.895065 -0.000164 -163.573288
v 81.770012 -0.000169 -221.114929
v 83.020012 -0.000169 -221.114929
v 44.270023 -0.000169 -221.114929
v 46.770012 -0.000169 -221.114929
vt 0.000000 0.000000
vt 0.000000 0.000000
vt 0.000000 0.000000
vt 0.000000 0.000000
vt 0.000000 0.000000
vt 0.000000 0.000000
vt 0.000000 0.000000
vt 0.000000 0.000000
vt 0.000000 0.000000
vt 0.000000 0.000000
vt 0.000000 0.000000
vt 0.000000 0.000000
vt 0.000000 0.000000
vt 0.000000 0.000000
vt 0.000000 0.000000
vt 0.000000 0.000000
vt 0.000000 0.000000
vt 0.000000 0.000000
vt 0.000000 0.000000
vt 0.000000 0.000000
vt 0.000000 0.000000
vt 0.000000 0.000000
vt 0.000000 0.000000
vt 0.000000 0.000000
vt 0.000000 0.000000
vt 0.000000 0.000000
vt 0.000000 0.000000
vt 0.000000 0.000000
vt 0.000000 0.000000
vt 0.000000 0.000000
vt 0.000000 0.000000
vt 0.000000 0.000000
vt 0.000000 0.000000
vt 0.000000 0.000000
vt 0.000000 0.000000
vt 0.000000 0.000000
vt 0.000000 0.000000
vt 0.000000 0.000000
vt 0.000000 0.000000
vt 0.000000 0.000000
vt 0.000000 0.000000
vt 0.000000 0.000000
vt 0.000000 0.000000
vt 0.000000 0.000000
vt 0.000000 0.000000
vt 0.000000 0.000000
vt 0.000000 0.000000
vt 0.000000 0.000000
vt 0.000000 0.000000
vt 0.000000 0.000000
vt 0.000000 0.000000
vt 0.000000 0.000000
vt 0.000000 0.000000
vt 0.000000 0.000000
vt 0.000000 0.000000
vt 0.000000 0.000000
vt 0.000000 0.000000
vt 0.000000 0.000000
vt 0.000000 0.000000
vt 0.000000 0.000000
vt 0.000000 0.000000
vt 0.000000 0.000000
vt 0.000000 0.000000
vt 0.000000 0.000000
vt 0.000000 0.000000
vt 0.000000 0.000000
vt 0.000000 0.000000
vt 0.000000 0.000000
vt 0.000000 0.000000
vt 0.000000 0.000000
vt 0.000000 0.000000
vt 0.000000 0.000000
vt 0.000000 0.000000
vt 0.000000 0.000000
vt 0.000000 0.000000
vt 0.000000 0.000000
vt 0.000000 0.000000
vt 0.000000 0.000000
vt 0.000000 0.000000
vt 0.000000 0.000000
vt 0.000000 0.000000
vt 0.000000 0.000000
vt 0.000000 0.000000
vt 0.000000 0.000000
vt 0.000000 0.000000
vt 0.000000 0.000000
vt 0.000000 0.000000
vt 0.000000 0.000000
vt 0.000000 0.000000
vt 0.000000 0.000000
vt 0.000000 0.000000
vt 0.000000 0.000000
vt 0.000000 0.000000
vt 0.000000 0.000000
vt 0.000000 0.000000
vt 0.000000 0.000000
vt 0.000000 0.000000
vt 0.000000 0.000000
vt 0.000000 0.000000
vt 0.000000 0.000000
vt 0.000000 0.000000
vt 0.000000 0.000000
vt 0.000000 0.000000
vt 0.000000 0.000000
vt 0.000000 0.000000
vt 0.000000 0.000000
vt 0.000000 0.000000
vt 0.000000 0.000000
vt 0.000000 0.000000
vt 0.000000 0.000000
vt 0.000000 0.000000
vt 0.000000 0.000000
vt 0.000000 0.000000
vt 0.000000 0.000000
vt 0.000000 0.000000
vt 0.000000 0.000000
vt 0.000000 0.000000
vt 0.000000 0.000000
vt 0.000000 0.000000
vt 0.000000 0.000000
vt 0.000000 0.000000
vt 0.000000 0.000000
vt 0.000000 0.000000
vt 0.000000 0.000000
vt 0.000000 0.000000
vt 0.000000 0.000000
vt 0.000000 0.000000
vt 0.000000 0.000000
vt 0.000000 0.000000
vt 0.000000 0.000000
vt 0.000000 0.000000
vt 0.000000 0.000000
vt 0.000000 0.000000
vt 0.000000 0.000000
vt 0.000000 0.000000
vt 0.000000 0.000000
vt 0.000000 0.000000
vt 0.000000 0.000000
vt 0.000000 0.000000
vt 0.000000 0.000000
vt 0.000000 0.000000
vt 0.000000 0.000000
vt 0.000000 0.000000
vt 0.000000 0.000000
vt 0.000000 0.000000
vt 0.000000 0.000000
vt 0.000000 0.000000
vt 0.000000 0.000000
vt 0.000000 0.000000
vt 0.000000 0.000000
vt 0.000000 0.000000
vt 0.000000 0.000000
vt 0.000000 0.000000
vt 0.000000 0.000000
vt 0.000000 0.000000
vt 0.000000 0.000000
vt 0.000000 0.000000
vt 0.000000 0.000000
vt 0.000000 0.000000
vt 0.000000 0.000000
vt 0.000000 0.000000
vt 0.000000 0.000000
vt 0.000000 0.000000
vt 0.000000 0.000000
vt 0.000000 0.000000
vt 0.000000 0.000000
vt 0.000000 0.000000
vt 0.000000 0.000000
vt 0.000000 0.000000
vt 0.000000 0.000000
vt 0.000000 0.000000
vt 0.000000 0.000000
vt 0.000000 0.000000
vt 0.000000 0.000000
vt 0.000000 0.000000
vt 0.000000 0.000000
vt 0.000000 0.000000
vt 0.000000 0.000000
vt 0.000000 0.000000
vt 0.000000 0.000000
vt 0.000000 0.000000
vt 0.000000 0.000000
vt 0.000000 0.000000
vt 0.000000 0.000000
vt 0.000000 0.000000
vt 0.000000 0.000000
vt 0.000000 0.000000
vt 0.000000 0.000000
vt 0.000000 0.000000
vt 0.000000 0.000000
vt 0.000000 0.000000
vt 0.000000 0.000000
vt 0.000000 0.000000
vt 0.000000 0.000000
vt 0.000000 0.000000
vt 0.000000 0.000000
vt 0.000000 0.000000
vt 0.000000 0.000000
vt 0.000000 0.000000
vt 0.000000 0.000000
vt 0.000000 0.000000
vt 0.000000 0.000000
vt 0.000000 0.000000
vt 0.000000 0.000000
vt 0.000000 0.000000
vt 0.000000 0.000000
vt 0.000000 0.000000
vt 0.000000 0.000000
vt 0.000000 0.000000
vt 0.000000 0.000000
vt 0.000000 0.000000
vt 0.000000 0.000000
vt 0.000000 0.000000
vt 0.000000 0.000000
vt 0.000000 0.000000
vt 0.000000 0.000000
vt 0.000000 0.000000
vt 0.000000 0.000000
vt 0.000000 0.000000
vt 0.000000 0.000000
vt 0.000000 0.000000
vt 0.000000 0.000000
vt 0.000000 0.000000
vt 0.000000 0.000000
vt 0.000000 0.000000
vt 0.000000 0.000000
vt 0.000000 0.000000
vt 0.000000 0.000000
vt 0.000000 0.000000
vt 0.000000 0.000000
vt 0.000000 0.000000
vt 0.000000 0.000000
vt 0.000000 0.000000
vt 0.000000 0.000000
vt 0.000000 0.000000
vt 0.000000 0.000000
vt 0.000000 0.000000
vt 0.000000 0.000000
vt 0.000000 0.000000
vt 0.000000 0.000000
vt 0.000000 0.000000
vt 0.000000 0.000000
vt 0.000000 0.000000
vt 0.000000 0.000000
vt 0.000000 0.000000
vt 0.000000 0.000000
vt 0.000000 0.000000
vt 0.000000 0.000000
vt 0.000000 0.000000
vt 0.000000 0.000000
vt 0.000000 0.000000
vt 0.000000 0.000000
vt 0.000000 0.000000
vt 0.000000 0.000000
vt 0.000000 0.000000
vt 0.000000 0.000000
vt 0.000000 0.000000
vt 0.000000 0.000000
vt 0.000000 0.000000
vt 0.000000 0.000000
vt 0.000000 0.000000
vt 0.000000 0.000000
vt 0.000000 0.000000
vt 0.000000 0.000000
vt 0.000000 0.000000
vt 0.000000 0.000000
vt 0.000000 0.000000
vt 0.000000 0.000000
vt 0.000000 0.000000
vt 0.000000 0.000000
vt 0.000000 0.000000
vt 0.000000 0.000000
vt 0.000000 0.000000
vt 0.000000 0.000000
vt 0.000000 0.000000
vt 0.000000 0.000000
vt 0.000000 0.000000
vt 0.000000 0.000000
vt 0.000000 0.000000
vt 0.000000 0.000000
vt 0.000000 0.000000
vt 0.000000 0.000000
vt 0.000000 0.000000
vt 0.000000 0.000000
vt 0.000000 0.000000
vt 0.000000 0.000000
vt 0.000000 0.000000
vt 0.000000 0.000000
vt 0.000000 0.000000
vt 0.000000 0.000000
vt 0.000000 0.000000
vt 0.000000 0.000000
vt 0.000000 0.000000
vt 0.000000 0.000000
vt 0.000000 0.000000
vt 0.000000 0.000000
vt 0.000000 0.000000
vt 0.000000 0.000000
vt 0.000000 0.000000
vt 0.000000 0.000000
vt 0.000000 0.000000
vt 0.000000 0.000000
vt 0.000000 0.000000
vt 0.000000 0.000000
vt 0.000000 0.000000
vt 0.000000 0.000000
vt 0.000000 0.000000
vt 0.000000 0.000000
vt 0.000000 0.000000
vt 0.000000 0.000000
vt 0.000000 0.000000
vt 0.000000 0.000000
vt 0.000000 0.000000
vt 0.000000 0.000000
vt 0.000000 0.000000
vt 0.000000 0.000000
vt 0.000000 0.000000
vt 0.000000 0.000000
vt 0.000000 0.000000
vt 0.000000 0.000000
vt 0.000000 0.000000
vt 0.000000 0.000000
vt 0.000000 0.000000
vt 0.000000 0.000000
vt 0.000000 0.000000
vt 0.000000 0.000000
vt 0.000000 0.000000
vt 0.000000 0.000000
vt 0.000000 0.000000
vt 0.000000 0.000000
vt 0.000000 0.000000
vt 0.000000 0.000000
vt 0.000000 0.000000
vt 0.000000 0.000000
vt 0.000000 0.000000
vt 0.000000 0.000000
vt 0.000000 0.000000
vt 0.000000 0.000000
vt 0.000000 0.000000
vt 0.000000 0.000000
vt 0.000000 0.000000
vt 0.000000 0.000000
vt 0.000000 0.000000
vt 0.000000 0.000000
vt 0.000000 0.000000
vt 0.000000 0.000000
vt 0.000000 0.000000
vt 0.000000 0.000000
vt 0.000000 0.000000
vt 0.000000 0.000000
vt 0.000000 0.000000
vt 0.000000 0.000000
vt 0.000000 0.000000
vt 0.000000 0.000000
vt 0.000000 0.000000
vt 0.000000 0.000000
vt 0.000000 0.000000
vt 0.000000 0.000000
vt 0.000000 0.000000
vt 0.000000 0.000000
vt 0.000000 0.000000
vt 0.000000 0.000000
vt 0.000000 0.000000
vt 0.000000 0.000000
vt 0.000000 0.000000
vt 0.000000 0.000000
vt 0.000000 0.000000
vt 0.000000 0.000000
vt 0.000000 0.000000
vt 0.000000 0.000000
vt 0.000000 0.000000
vt 0.000000 0.000000
vt 0.000000 0.000000
vt 0.000000 0.000000
vt 0.000000 0.000000
vt 0.000000 0.000000
vt 0.000000 0.000000
vt 0.000000 0.000000
vt 0.000000 0.000000
vt 0.000000 0.000000
vt 0.000000 0.000000
vt 0.000000 0.000000
vt 0.000000 0.000000
vt 0.000000 0.000000
vt 0.000000 0.000000
vt 0.000000 0.000000
vt 0.000000 0.000000
vt 0.000000 0.000000
vt 0.000000 0.000000
vt 0.000000 0.000000
vt 0.000000 0.000000
vt 0.000000 0.000000
vt 0.000000 0.000000
vt 0.000000 0.000000
vt 0.000000 0.000000
vt 0.000000 0.000000
vt 0.000000 0.000000
vt 0.000000 0.000000
vt 0.000000 0.000000
vt 0.000000 0.000000
vt 0.000000 0.000000
vt 0.000000 0.000000
vt 0.000000 0.000000
vt 0.000000 0.000000
vt 0.000000 0.000000
vt 0.000000 0.000000
vt 0.000000 0.000000
vt 0.000000 0.000000
vt 0.000000 0.000000
vt 0.000000 0.000000
vt 0.000000 0.000000
vt 0.000000 0.000000
vt 0.000000 0.000000
vt 0.000000 0.000000
vt 0.000000 0.000000
vt 0.000000 0.000000
vt 0.000000 0.000000
vt 0.000000 0.000000
vt 0.000000 0.000000
vt 0.000000 0.000000
vt 0.000000 0.000000
vt 0.000000 0.000000
vt 0.000000 0.000000
vt 0.000000 0.000000
vt 0.000000 0.000000
vt 0.000000 0.000000
vt 0.000000 0.000000
vt 0.000000 0.000000
vt 0.000000 0.000000
vt 0.000000 0.000000
vt 0.000000 0.000000
vt 0.000000 0.000000
vt 0.000000 0.000000
vt 0.000000 0.000000
vt 0.000000 0.000000
vt 0.000000 0.000000
vt 0.000000 0.000000
vt 0.000000 0.000000
vt 0.000000 0.000000
vt 0.000000 0.000000
vt 0.000000 0.000000
vt 0.000000 0.000000
vt 0.000000 0.000000
vt 0.000000 0.000000
vt 0.000000 0.000000
vt 0.000000 0.000000
vt 0.000000 0.000000
vn 0.0000 1.0000 -0.0000
vn 0.0000 -1.0000 0.0000
usemtl Default_OBJ
s 1
f 742/734/10 743/735/10 744/736/10
f 746/737/10 748/738/10 745/739/10
f 750/740/10 752/741/10 749/742/10
f 754/743/10 756/744/10 753/745/10
f 758/746/10 760/747/10 757/748/10
f 762/749/10 764/750/10 761/751/10
f 766/752/10 768/753/10 765/754/10
f 770/755/11 772/756/11 769/757/11
f 774/758/11 776/759/11 773/760/11
f 777/761/11 779/762/11 780/763/11
f 782/764/11 784/765/11 781/766/11
f 786/767/11 788/768/11 785/769/11
f 737/770/10 790/771/10 789/772/10
f 745/739/10 792/773/10 794/774/10
f 749/742/10 798/775/10 800/776/10
f 805/777/10 806/778/10 807/779/10
f 809/780/11 811/781/11 808/782/11
f 813/783/10 815/784/10 812/785/10
f 817/786/10 819/787/10 816/788/10
f 821/789/10 823/790/10 820/791/10
f 825/792/11 827/793/11 824/794/11
f 829/795/11 831/796/11 828/797/11
f 833/798/11 835/799/11 832/800/11
f 837/801/11 839/802/11 836/803/11
f 841/804/10 843/805/10 840/806/10
f 876/807/11 902/808/11 903/809/11
f 927/810/10 928/811/10 929/812/10
f 946/813/10 947/814/10 972/815/10
f 1044/816/11 1074/817/11 1075/818/11
f 1141/819/10 1114/820/10 1115/821/10
f 1181/822/11 1060/823/11 1180/824/11
f 1048/825/11 1183/826/11 1049/827/11
f 744/736/10 737/770/10 740/828/10
f 737/770/10 738/829/10 740/828/10
f 738/829/10 739/830/10 740/828/10
f 740/828/10 741/831/10 744/736/10
f 741/831/10 742/734/10 744/736/10
f 746/737/10 747/832/10 748/738/10
f 750/740/10 751/833/10 752/741/10
f 754/743/10 755/834/10 756/744/10
f 758/746/10 759/835/10 760/747/10
f 762/749/10 763/836/10 764/750/10
f 766/752/10 767/837/10 768/753/10
f 770/755/11 771/838/11 772/756/11
f 774/758/11 775/839/11 776/759/11
f 777/761/11 778/840/11 779/762/11
f 782/764/11 783/841/11 784/765/11
f 786/767/11 787/842/11 788/768/11
f 737/770/10 744/736/10 790/771/10
f 796/843/10 791/844/10 745/739/10
f 745/739/10 748/738/10 792/773/10
f 792/773/10 793/845/10 794/774/10
f 794/774/10 795/846/10 796/843/10
f 796/843/10 745/739/10 794/774/10
f 802/847/10 797/848/10 749/742/10
f 749/742/10 752/741/10 798/775/10
f 798/775/10 799/849/10 800/776/10
f 800/776/10 801/850/10 802/847/10
f 802/847/10 749/742/10 800/776/10
f 807/779/10 803/851/10 804/852/10
f 803/851/10 753/745/10 756/744/10
f 804/852/10 803/851/10 756/744/10
f 804/852/10 805/777/10 807/779/10
f 809/780/11 810/853/11 811/781/11
f 813/783/10 814/854/10 815/784/10
f 817/786/10 818/855/10 819/787/10
f 821/789/10 822/856/10 823/790/10
f 825/792/11 826/857/11 827/793/11
f 829/795/11 830/858/11 831/796/11
f 833/798/11 834/859/11 835/799/11
f 837/801/11 838/860/11 839/802/11
f 841/804/10 842/861/10 843/805/10
f 925/862/11 760/747/11 924/863/11
f 760/747/11 757/748/11 924/863/11
f 757/748/11 844/864/11 845/865/11
f 757/748/11 845/865/11 846/866/11
f 923/867/11 924/863/11 757/748/11
f 923/867/11 757/748/11 846/866/11
f 920/868/11 921/869/11 922/870/11
f 847/871/11 848/872/11 849/873/11
f 849/873/11 776/759/11 852/874/11
f 776/759/11 775/839/11 850/875/11
f 852/874/11 776/759/11 851/876/11
f 850/875/11 851/876/11 776/759/11
f 847/871/11 849/873/11 852/874/11
f 919/877/11 920/868/11 922/870/11
f 916/878/11 917/879/11 761/751/11
f 917/879/11 918/880/11 761/751/11
f 915/881/11 764/750/11 913/882/11
f 764/750/11 761/751/11 913/882/11
f 913/882/11 914/883/11 915/881/11
f 910/884/11 911/885/11 912/886/11
f 909/887/11 910/884/11 872/888/11
f 910/884/11 912/886/11 872/888/11
f 913/882/11 761/751/11 866/889/11
f 761/751/11 918/880/11 866/889/11
f 853/890/11 854/891/11 856/892/11
f 854/891/11 855/893/11 856/892/11
f 847/871/11 852/874/11 846/866/11
f 852/874/11 853/890/11 846/866/11
f 906/894/11 907/895/11 768/753/11
f 907/895/11 908/896/11 768/753/11
f 768/753/11 765/754/11 906/894/11
f 904/897/11 905/898/11 768/753/11
f 903/809/11 904/897/11 768/753/11
f 903/809/11 768/753/11 908/896/11
f 900/899/11 901/900/11 899/901/11
f 901/900/11 902/808/11 899/901/11
f 857/902/11 858/903/11 859/904/11
f 846/866/11 853/890/11 923/867/11
f 853/890/11 856/892/11 923/867/11
f 857/902/11 859/904/11 779/762/11
f 859/904/11 780/763/11 779/762/11
f 923/867/11 856/892/11 922/870/11
f 856/892/11 857/902/11 922/870/11
f 857/902/11 779/762/11 860/905/11
f 860/905/11 861/906/11 857/902/11
f 861/906/11 862/907/11 857/902/11
f 863/908/11 864/909/11 865/910/11
f 863/908/11 865/910/11 918/880/11
f 865/910/11 866/889/11 918/880/11
f 922/870/11 857/902/11 919/877/11
f 857/902/11 862/907/11 919/877/11
f 919/877/11 862/907/11 863/908/11
f 896/911/11 897/912/11 771/838/11
f 897/912/11 898/913/11 771/838/11
f 895/914/11 772/756/11 893/915/11
f 772/756/11 771/838/11 893/915/11
f 893/915/11 894/916/11 895/914/11
f 890/917/11 891/918/11 892/919/11
f 810/853/11 890/917/11 887/920/11
f 890/917/11 892/919/11 887/920/11
f 893/915/11 771/838/11 883/921/11
f 771/838/11 898/913/11 883/921/11
f 811/781/11 810/853/11 889/922/11
f 888/923/11 889/922/11 810/853/11
f 887/920/11 888/923/11 810/853/11
f 918/880/11 919/877/11 863/908/11
f 884/924/11 885/925/11 886/926/11
f 886/926/11 887/920/11 892/919/11
f 867/927/11 868/928/11 869/929/11
f 913/882/11 866/889/11 912/886/11
f 866/889/11 867/927/11 912/886/11
f 867/927/11 869/929/11 784/765/11
f 784/765/11 783/841/11 870/930/11
f 870/930/11 871/931/11 872/888/11
f 873/932/11 874/933/11 875/934/11
f 784/765/11 870/930/11 872/888/11
f 873/932/11 875/934/11 876/807/11
f 867/927/11 784/765/11 912/886/11
f 784/765/11 872/888/11 912/886/11
f 909/887/11 872/888/11 908/896/11
f 872/888/11 873/932/11 908/896/11
f 886/926/11 892/919/11 893/915/11
f 883/921/11 884/924/11 893/915/11
f 884/924/11 886/926/11 893/915/11
f 880/935/11 881/936/11 882/937/11
f 785/769/11 880/935/11 882/937/11
f 786/767/11 785/769/11 879/938/11
f 785/769/11 882/937/11 879/938/11
f 882/937/11 883/921/11 899/901/11
f 883/921/11 898/913/11 899/901/11
f 877/939/11 878/940/11 879/938/11
f 877/939/11 879/938/11 882/937/11
f 882/937/11 899/901/11 877/939/11
f 899/901/11 902/808/11 877/939/11
f 908/896/11 873/932/11 903/809/11
f 873/932/11 876/807/11 903/809/11
f 876/807/11 877/939/11 902/808/11
f 929/812/10 926/941/10 927/810/10
f 926/941/10 840/806/10 927/810/10
f 840/806/10 843/805/10 927/810/10
f 789/772/10 790/771/10 932/942/10
f 790/771/10 930/943/10 932/942/10
f 930/943/10 931/944/10 932/942/10
f 933/945/10 934/946/10 935/947/10
f 933/945/10 935/947/10 988/948/10
f 935/947/10 936/949/10 988/948/10
f 1011/950/10 789/772/10 932/942/10
f 1011/950/10 932/942/10 989/951/10
f 932/942/10 933/945/10 989/951/10
f 1009/952/10 1010/953/10 1011/950/10
f 1006/954/10 1007/955/10 1008/956/10
f 1005/957/10 1006/954/10 998/958/10
f 1006/954/10 1008/956/10 998/958/10
f 1002/959/10 1003/960/10 842/861/10
f 1003/960/10 1004/961/10 842/861/10
f 841/804/10 1002/959/10 842/861/10
f 1001/962/10 842/861/10 1004/961/10
f 999/963/10 1000/964/10 1001/962/10
f 996/965/10 997/966/10 758/746/10
f 997/966/10 998/958/10 758/746/10
f 999/963/10 1001/962/10 1004/961/10
f 999/963/10 1004/961/10 1005/957/10
f 759/835/10 758/746/10 998/958/10
f 998/958/10 999/963/10 1005/957/10
f 995/967/10 759/835/10 998/958/10
f 993/968/10 994/969/10 995/967/10
f 990/970/10 991/971/10 992/972/10
f 993/968/10 995/967/10 1008/956/10
f 995/967/10 998/958/10 1008/956/10
f 989/951/10 990/970/10 1011/950/10
f 990/970/10 992/972/10 1011/950/10
f 993/968/10 1008/956/10 1009/952/10
f 992/972/10 993/968/10 1009/952/10
f 937/973/10 938/974/10 939/975/10
f 939/975/10 747/832/10 937/973/10
f 747/832/10 746/737/10 937/973/10
f 746/737/10 940/976/10 942/977/10
f 940/976/10 941/978/10 942/977/10
f 937/973/10 746/737/10 982/979/10
f 746/737/10 942/977/10 982/979/10
f 943/980/10 944/981/10 945/982/10
f 992/972/10 1009/952/10 1011/950/10
f 986/983/10 987/984/10 988/948/10
f 988/948/10 989/951/10 933/945/10
f 762/749/10 986/983/10 988/948/10
f 985/985/10 763/836/10 983/986/10
f 763/836/10 762/749/10 983/986/10
f 983/986/10 984/987/10 985/985/10
f 980/988/10 981/989/10 982/979/10
f 979/990/10 980/988/10 942/977/10
f 980/988/10 982/979/10 942/977/10
f 983/986/10 762/749/10 936/949/10
f 762/749/10 988/948/10 936/949/10
f 943/980/10 945/982/10 946/813/10
f 947/814/10 948/991/10 949/992/10
f 947/814/10 949/992/10 751/833/10
f 751/833/10 750/740/10 952/993/10
f 750/740/10 950/994/10 952/993/10
f 950/994/10 951/995/10 952/993/10
f 953/996/10 954/997/10 955/998/10
f 953/996/10 955/998/10 968/999/10
f 955/998/10 956/1000/10 968/999/10
f 947/814/10 751/833/10 972/815/10
f 751/833/10 952/993/10 972/815/10
f 983/986/10 936/949/10 937/973/10
f 982/979/10 983/986/10 937/973/10
f 957/1001/10 958/1002/10 754/743/10
f 958/1002/10 959/1003/10 754/743/10
f 959/1003/10 755/834/10 754/743/10
f 754/743/10 960/1004/10 957/1001/10
f 960/1004/10 961/1005/10 962/1006/10
f 960/1004/10 962/1006/10 957/1001/10
f 963/1007/10 964/1008/10 769/757/10
f 964/1008/10 965/1009/10 769/757/10
f 957/1001/10 962/1006/10 963/1007/10
f 956/1000/10 957/1001/10 963/1007/10
f 769/757/10 770/755/10 968/999/10
f 770/755/10 966/1010/10 968/999/10
f 966/1010/10 967/1011/10 968/999/10
f 969/1012/10 970/1013/10 971/1014/10
f 969/1012/10 971/1014/10 952/993/10
f 971/1014/10 972/815/10 952/993/10
f 963/1007/10 769/757/10 956/1000/10
f 769/757/10 968/999/10 956/1000/10
f 953/996/10 968/999/10 952/993/10
f 968/999/10 969/1012/10 952/993/10
f 979/990/10 942/977/10 943/980/10
f 976/1015/10 977/1016/10 978/1017/10
f 978/1017/10 979/990/10 943/980/10
f 978/1017/10 943/980/10 766/752/10
f 943/980/10 946/813/10 766/752/10
f 766/752/10 976/1015/10 978/1017/10
f 975/1018/10 767/837/10 766/752/10
f 973/1019/10 974/1020/10 975/1018/10
f 973/1019/10 975/1018/10 946/813/10
f 975/1018/10 766/752/10 946/813/10
f 972/815/10 973/1019/10 946/813/10
f 1097/1021/11 815/784/11 1096/1022/11
f 815/784/11 812/785/11 1096/1022/11
f 812/785/11 1012/1023/11 1013/1024/11
f 812/785/11 1013/1024/11 1014/1025/11
f 1095/1026/11 1096/1022/11 812/785/11
f 1095/1026/11 812/785/11 1014/1025/11
f 1092/1027/11 1093/1028/11 1094/1029/11
f 1015/1030/11 1016/1031/11 1017/1032/11
f 1017/1032/11 831/796/11 1020/1033/11
f 831/796/11 830/858/11 1018/1034/11
f 1020/1033/11 831/796/11 1019/1035/11
f 1018/1034/11 1019/1035/11 831/796/11
f 1015/1030/11 1017/1032/11 1020/1033/11
f 1091/1036/11 1092/1027/11 1094/1029/11
f 1088/1037/11 1089/1038/11 816/788/11
f 1089/1038/11 1090/1039/11 816/788/11
f 1087/1040/11 819/787/11 1085/1041/11
f 819/787/11 816/788/11 1085/1041/11
f 1085/1041/11 1086/1042/11 1087/1040/11
f 1082/1043/11 1083/1044/11 1084/1045/11
f 1081/1046/11 1082/1043/11 1040/1047/11
f 1082/1043/11 1084/1045/11 1040/1047/11
f 1085/1041/11 816/788/11 1090/1039/11
f 1021/1048/11 1022/1049/11 1023/1050/11
f 1015/1030/11 1020/1033/11 1014/1025/11
f 1020/1033/11 1021/1048/11 1014/1025/11
f 1078/1051/11 1079/1052/11 823/790/11
f 1079/1052/11 1080/1053/11 823/790/11
f 823/790/11 820/791/11 1078/1051/11
f 1076/1054/11 1077/1055/11 823/790/11
f 1075/818/11 1076/1054/11 823/790/11
f 1075/818/11 823/790/11 1080/1053/11
f 1072/1056/11 1073/1057/11 1074/817/11
f 1021/1048/11 1023/1050/11 1024/1058/11
f 1025/1059/11 1026/1060/11 1027/1061/11
f 1014/1025/11 1021/1048/11 1095/1026/11
f 1021/1048/11 1024/1058/11 1095/1026/11
f 1025/1059/11 1027/1061/11 834/859/11
f 1027/1061/11 835/799/11 834/859/11
f 1095/1026/11 1024/1058/11 1094/1029/11
f 1024/1058/11 1025/1059/11 1094/1029/11
f 1025/1059/11 834/859/11 1028/1062/11
f 1028/1062/11 1029/1063/11 1025/1059/11
f 1029/1063/11 1030/1064/11 1025/1059/11
f 1031/1065/11 1032/1066/11 1033/1067/11
f 1031/1065/11 1033/1067/11 1090/1039/11
f 1033/1067/11 1034/1068/11 1090/1039/11
f 1094/1029/11 1025/1059/11 1091/1036/11
f 1025/1059/11 1030/1064/11 1091/1036/11
f 1091/1036/11 1030/1064/11 1031/1065/11
f 1071/1069/11 1072/1056/11 1074/817/11
f 1068/1070/11 1069/1071/11 826/857/11
f 1069/1071/11 1070/1072/11 826/857/11
f 1067/1073/11 827/793/11 1065/1074/11
f 827/793/11 826/857/11 1065/1074/11
f 1065/1074/11 1066/1075/11 1067/1073/11
f 1062/1076/11 1063/1077/11 1064/1078/11
f 1061/1079/11 1062/1076/11 1057/1080/11
f 1062/1076/11 1064/1078/11 1057/1080/11
f 1065/1074/11 826/857/11 1053/1081/11
f 826/857/11 1070/1072/11 1053/1081/11
f 1060/823/11 1061/1079/11 1059/1082/11
f 1058/1083/11 1059/1082/11 1061/1079/11
f 1057/1080/11 1058/1083/11 1061/1079/11
f 1090/1039/11 1091/1036/11 1031/1065/11
f 1054/1084/11 1055/1085/11 1056/1086/11
f 1056/1086/11 1057/1080/11 1064/1078/11
f 1085/1041/11 1090/1039/11 1034/1068/11
f 1035/1087/11 1036/1088/11 839/802/11
f 1036/1088/11 1037/1089/11 839/802/11
f 1085/1041/11 1034/1068/11 1084/1045/11
f 1034/1068/11 1035/1087/11 1084/1045/11
f 839/802/11 838/860/11 1038/1090/11
f 1038/1090/11 1039/1091/11 839/802/11
f 1039/1091/11 1040/1047/11 839/802/11
f 1041/1092/11 1042/1093/11 1043/1094/11
f 1041/1092/11 1043/1094/11 1044/816/11
f 1035/1087/11 839/802/11 1040/1047/11
f 1084/1045/11 1035/1087/11 1040/1047/11
f 1081/1046/11 1040/1047/11 1080/1053/11
f 1040/1047/11 1041/1092/11 1080/1053/11
f 1056/1086/11 1064/1078/11 1065/1074/11
f 1053/1081/11 1054/1084/11 1065/1074/11
f 1054/1084/11 1056/1086/11 1065/1074/11
f 1050/1095/11 1051/1096/11 1049/827/11
f 1051/1096/11 1052/1097/11 1049/827/11
f 1048/825/11 1049/827/11 1047/1098/11
f 1049/827/11 1052/1097/11 1047/1098/11
f 1052/1097/11 1053/1081/11 1071/1069/11
f 1053/1081/11 1070/1072/11 1071/1069/11
f 1045/1099/11 1046/1100/11 1052/1097/11
f 1046/1100/11 1047/1098/11 1052/1097/11
f 1052/1097/11 1071/1069/11 1045/1099/11
f 1071/1069/11 1074/817/11 1045/1099/11
f 1080/1053/11 1041/1092/11 1075/818/11
f 1041/1092/11 1044/816/11 1075/818/11
f 1044/816/11 1045/1099/11 1074/817/11
f 777/761/10 778/840/10 1098/1101/10
f 1098/1101/10 1099/1102/10 1100/1103/10
f 1101/1104/10 1102/1105/10 1103/1106/10
f 777/761/10 1098/1101/10 1179/1107/10
f 1098/1101/10 1100/1103/10 1179/1107/10
f 1101/1104/10 1103/1106/10 1156/1108/10
f 1103/1106/10 1104/1109/10 1156/1108/10
f 1179/1107/10 1100/1103/10 1157/1110/10
f 1100/1103/10 1101/1104/10 1157/1110/10
f 1177/1111/10 1178/1112/10 1179/1107/10
f 1174/1113/10 1175/1114/10 1176/1115/10
f 1173/1116/10 1174/1113/10 1166/1117/10
f 1174/1113/10 1176/1115/10 1166/1117/10
f 1170/1118/10 1171/1119/10 773/760/10
f 1171/1119/10 1172/1120/10 773/760/10
f 774/758/10 1170/1118/10 773/760/10
f 1169/1121/10 773/760/10 1172/1120/10
f 1167/1122/10 1168/1123/10 1169/1121/10
f 1164/1124/10 1165/1125/10 1166/1117/10
f 1167/1122/10 1169/1121/10 1172/1120/10
f 813/783/10 1164/1124/10 814/854/10
f 1164/1124/10 1166/1117/10 814/854/10
f 1167/1122/10 1172/1120/10 1173/1116/10
f 1166/1117/10 1167/1122/10 1173/1116/10
f 1163/1126/10 814/854/10 1166/1117/10
f 1161/1127/10 1162/1128/10 1163/1126/10
f 1158/1129/10 1159/1130/10 1160/1131/10
f 1161/1127/10 1163/1126/10 1176/1115/10
f 1163/1126/10 1166/1117/10 1176/1115/10
f 1157/1110/10 1158/1129/10 1179/1107/10
f 1158/1129/10 1160/1131/10 1179/1107/10
f 1161/1127/10 1176/1115/10 1177/1111/10
f 1160/1131/10 1161/1127/10 1177/1111/10
f 1105/1132/10 1106/1133/10 1107/1134/10
f 1107/1134/10 781/766/10 1105/1132/10
f 781/766/10 782/764/10 1105/1132/10
f 782/764/10 1108/1135/10 1109/1136/10
f 782/764/10 1109/1136/10 1110/1137/10
f 1105/1132/10 782/764/10 1150/1138/10
f 782/764/10 1110/1137/10 1150/1138/10
f 1111/1139/10 1112/1140/10 1113/1141/10
f 1160/1131/10 1177/1111/10 1179/1107/10
f 1154/1142/10 1155/1143/10 817/786/10
f 1155/1143/10 1156/1108/10 817/786/10
f 1156/1108/10 1157/1110/10 1101/1104/10
f 1153/1144/10 818/855/10 1151/1145/10
f 818/855/10 817/786/10 1151/1145/10
f 1151/1145/10 1152/1146/10 1153/1144/10
f 1148/1147/10 1149/1148/10 1147/1149/10
f 1149/1148/10 1150/1138/10 1147/1149/10
f 1151/1145/10 817/786/10 1104/1109/10
f 817/786/10 1156/1108/10 1104/1109/10
f 1111/1139/10 1113/1141/10 1146/1150/10
f 1113/1141/10 1114/820/10 1146/1150/10
f 1115/821/10 1116/1151/10 787/842/10
f 1116/1151/10 1117/1152/10 787/842/10
f 787/842/10 788/768/10 1118/1153/10
f 1118/1153/10 1119/1154/10 787/842/10
f 1119/1154/10 1120/1155/10 787/842/10
f 1121/1156/10 1122/1157/10 1123/1158/10
f 1121/1156/10 1123/1158/10 1136/1159/10
f 1123/1158/10 1124/1160/10 1136/1159/10
f 1115/821/10 787/842/10 1140/1161/10
f 787/842/10 1120/1155/10 1140/1161/10
f 1151/1145/10 1104/1109/10 1105/1132/10
f 1150/1138/10 1151/1145/10 1105/1132/10
f 1125/1162/10 1126/1163/10 809/780/10
f 1126/1163/10 1127/1164/10 809/780/10
f 1127/1164/10 808/782/10 809/780/10
f 809/780/10 1128/1165/10 1125/1162/10
f 1128/1165/10 1129/1166/10 1130/1167/10
f 1128/1165/10 1130/1167/10 1125/1162/10
f 1131/1168/10 1132/1169/10 1133/1170/10
f 1125/1162/10 1130/1167/10 1131/1168/10
f 1124/1160/10 1125/1162/10 1131/1168/10
f 1131/1168/10 1133/1170/10 824/794/10
f 824/794/10 825/792/10 1136/1159/10
f 825/792/10 1134/1171/10 1136/1159/10
f 1134/1171/10 1135/1172/10 1136/1159/10
f 1137/1173/10 1138/1174/10 1139/1175/10
f 1137/1173/10 1139/1175/10 1140/1161/10
f 1131/1168/10 824/794/10 1124/1160/10
f 824/794/10 1136/1159/10 1124/1160/10
f 1121/1156/10 1136/1159/10 1120/1155/10
f 1136/1159/10 1137/1173/10 1120/1155/10
f 1147/1149/10 1150/1138/10 1110/1137/10
f 1147/1149/10 1110/1137/10 1146/1150/10
f 1110/1137/10 1111/1139/10 1146/1150/10
f 1144/1176/10 1145/1177/10 1146/1150/10
f 821/789/10 1144/1176/10 1146/1150/10
f 1143/1178/10 822/856/10 1141/819/10
f 822/856/10 821/789/10 1141/819/10
f 1141/819/10 1142/1179/10 1143/1178/10
f 821/789/10 1146/1150/10 1114/820/10
f 1120/1155/10 1137/1173/10 1140/1161/10
f 1141/819/10 821/789/10 1114/820/10
f 1140/1161/10 1141/819/10 1115/821/10
f 1181/822/11 1061/1079/11 1060/823/11
f 1048/825/11 1182/1180/11 1183/826/11
o path.office.000
v -89.479988 -0.000158 -79.135803
v -89.479980 -0.000163 -140.125366
v -89.479980 -0.000165 -170.620148
v -89.479980 -0.000167 -201.114929
v -69.479980 -0.000169 -221.114929
v -69.479988 -0.000158 -79.135803
v -150.469543 -5.000158 -79.135803
v -211.459106 -5.000158 -79.135803
v -211.459106 -5.000163 -140.125366
v -150.469543 -5.000163 -140.125366
v -119.974762 -0.000167 -201.114929
v -150.469543 -0.000167 -201.114929
v -211.459106 -0.000167 -201.114929
v -211.459106 -0.000169 -221.114929
v -119.974762 -5.000158 -79.135803
v -119.974762 -5.000163 -140.125366
v -150.469543 -5.000165 -170.620148
v -120.120895 -5.000156 -170.691010
v -211.459106 -5.000165 -170.620148
vt 0.000000 0.000000
vt 0.000000 0.000000
vt 0.000000 0.000000
vt 0.000000 0.000000
vt 0.000000 0.000000
vt 0.000000 0.000000
vt 0.000000 0.000000
vt 0.000000 0.000000
vt 0.000000 0.000000
vt 0.000000 0.000000
vt 0.000000 0.000000
vt 0.000000 0.000000
vt 0.000000 0.000000
vt 0.000000 0.000000
vt 0.000000 0.000000
vt 0.000000 0.000000
vt 0.000000 0.000000
vt 0.000000 0.000000
vt 0.000000 0.000000
vn 0.0000 -1.0000 0.0000
vn -0.0001 -0.9868 -0.1620
vn -0.0001 -0.9868 -0.1619
vn 0.0000 -0.9868 -0.1622
vn -0.0002 -0.9868 -0.1618
vn 0.0000 -0.9868 -0.1618
vn 0.1612 -0.9869 -0.0002
vn 0.1611 -0.9869 -0.0005
vn 0.1610 -0.9869 0.0000
vn 0.1616 -0.9869 -0.0002
vn 0.1618 -0.9868 0.0000
usemtl Default_OBJ
s 1
f 1185/1181/12 1186/1182/12 1188/1183/12
f 1191/1184/12 1193/1185/12 1190/1186/12
f 1195/1187/12 1197/1188/12 1188/1183/12
f 1190/1186/12 1199/1189/12 1198/1190/12
f 1193/1185/12 1201/1191/12 1199/1189/12
f 1192/1192/12 1200/1193/12 1193/1185/12
f 1201/1191/13 1195/1187/14 1194/1194/15
f 1194/1194/15 1187/1195/15 1201/1191/13
f 1200/1193/16 1196/1196/17 1195/1187/14
f 1186/1182/18 1201/1191/19 1187/1195/20
f 1186/1182/18 1199/1189/21 1201/1191/19
f 1184/1197/22 1199/1189/21 1185/1181/22
f 1189/1198/12 1184/1197/12 1185/1181/12
f 1186/1182/12 1187/1195/12 1188/1183/12
f 1189/1198/12 1185/1181/12 1188/1183/12
f 1191/1184/12 1192/1192/12 1193/1185/12
f 1188/1183/12 1187/1195/12 1194/1194/12
f 1195/1187/12 1196/1196/12 1197/1188/12
f 1188/1183/12 1194/1194/12 1195/1187/12
f 1190/1186/12 1193/1185/12 1199/1189/12
f 1193/1185/12 1200/1193/12 1201/1191/12
f 1192/1192/12 1202/1199/12 1200/1193/12
f 1201/1191/13 1200/1193/16 1195/1187/14
f 1200/1193/16 1202/1199/17 1196/1196/17
f 1186/1182/18 1185/1181/22 1199/1189/21
f 1184/1197/22 1198/1190/22 1199/1189/21
o path.accelerator
v -270.209106 -5.000164 -158.544830
v -272.374146 -5.000164 -159.794830
v -283.044006 -5.000164 -153.634567
v -283.044006 -5.000164 -151.134567
v -272.374146 -5.000163 -144.974304
v -270.209106 -5.000163 -146.224304
v -286.459106 -5.000162 -135.398987
v -284.294006 -5.000162 -134.148987
v -273.624146 -5.000163 -140.309250
v -273.624146 -5.000163 -142.809250
v -284.294006 -5.000164 -148.969513
v -286.459106 -5.000163 -147.719498
v -288.959106 -5.000163 -147.719513
v -291.124146 -5.000164 -148.969513
v -301.794006 -5.000163 -142.809250
v -301.794006 -5.000163 -140.309250
v -291.124146 -5.000162 -134.148987
v -288.959106 -5.000162 -135.398987
v -305.209106 -5.000163 -146.224304
v -303.044006 -5.000163 -144.974304
v -292.374146 -5.000164 -151.134567
v -292.374146 -5.000164 -153.634567
v -303.044006 -5.000164 -159.794830
v -305.209106 -5.000164 -158.544830
v -288.959106 -5.000165 -169.370148
v -291.124146 -5.000165 -170.620148
v -301.794006 -5.000165 -164.459885
v -301.794006 -5.000165 -161.959885
v -291.124146 -5.000164 -155.799622
v -288.959106 -5.000164 -157.049622
v -286.459106 -5.000164 -157.049622
v -284.294006 -5.000164 -155.799622
v -273.624146 -5.000165 -161.959885
v -273.624146 -5.000165 -164.459885
v -284.294006 -5.000165 -170.620148
v -286.459106 -5.000165 -169.370148
v -232.709091 -5.000164 -158.544830
v -234.874161 -5.000164 -159.794830
v -245.544022 -5.000164 -153.634567
v -245.544022 -5.000164 -151.134567
v -234.874161 -5.000163 -144.974304
v -232.709091 -5.000163 -146.224304
v -248.959091 -5.000162 -135.398987
v -246.794022 -5.000162 -134.148987
v -236.124161 -5.000163 -140.309250
v -236.124161 -5.000163 -142.809250
v -246.794022 -5.000164 -148.969513
v -248.959091 -5.000163 -147.719498
v -251.459091 -5.000163 -147.719513
v -253.624161 -5.000164 -148.969513
v -264.294006 -5.000163 -142.809250
v -264.294006 -5.000163 -140.309250
v -253.624161 -5.000162 -134.148987
v -251.459091 -5.000162 -135.398987
v -267.709106 -5.000163 -146.224304
v -265.544006 -5.000163 -144.974304
v -254.874161 -5.000164 -151.134567
v -254.874161 -5.000164 -153.634567
v -265.544006 -5.000164 -159.794830
v -267.709106 -5.000164 -158.544830
v -251.459091 -5.000165 -169.370148
v -253.624161 -5.000165 -170.620148
v -264.294006 -5.000165 -164.459885
v -264.294006 -5.000165 -161.959885
v -253.624161 -5.000164 -155.799622
v -251.459091 -5.000164 -157.049622
v -248.959091 -5.000164 -157.049622
v -246.794022 -5.000164 -155.799622
v -236.124161 -5.000165 -161.959885
v -236.124161 -5.000165 -164.459885
v -246.794022 -5.000165 -170.620148
v -248.959091 -5.000165 -169.370148
v -251.459091 -5.000162 -126.068871
v -253.624161 -5.000162 -127.318871
v -264.294006 -5.000161 -121.158615
v -264.294006 -5.000161 -118.658615
v -253.624161 -5.000161 -112.498360
v -251.459091 -5.000161 -113.748360
v -267.709076 -5.000160 -102.923042
v -265.544006 -5.000160 -101.673042
v -254.874161 -5.000160 -107.833298
v -254.874161 -5.000160 -110.333298
v -265.544006 -5.000161 -116.493546
v -267.709076 -5.000161 -115.243546
v -270.209076 -5.000161 -115.243546
v -272.374146 -5.000161 -116.493546
v -283.044006 -5.000160 -110.333298
v -283.044006 -5.000160 -107.833298
v -272.374146 -5.000160 -101.673042
v -270.209076 -5.000160 -102.923042
v -286.459106 -5.000161 -113.748352
v -284.294006 -5.000161 -112.498352
v -273.624146 -5.000161 -118.658615
v -273.624146 -5.000161 -121.158615
v -284.294006 -5.000162 -127.318863
v -286.459106 -5.000162 -126.068863
v -270.209106 -5.000163 -136.894196
v -272.374146 -5.000163 -138.144196
v -283.044006 -5.000162 -131.983932
v -283.044006 -5.000162 -129.483932
v -272.374146 -5.000162 -123.323669
v -270.209076 -5.000162 -124.573669
v -267.709076 -5.000162 -124.573669
v -265.544006 -5.000162 -123.323669
v -254.874161 -5.000162 -129.483932
v -254.874161 -5.000162 -131.983932
v -265.544006 -5.000163 -138.144196
v -267.709106 -5.000163 -136.894196
v -288.959106 -5.000162 -126.068863
v -291.124146 -5.000162 -127.318863
v -301.794006 -5.000161 -121.158615
v -301.794006 -5.000161 -118.658615
v -291.124146 -5.000161 -112.498352
v -288.959106 -5.000161 -113.748352
v -305.209106 -5.000160 -102.923035
v -303.044006 -5.000160 -101.673042
v -292.374146 -5.000160 -107.833298
v -292.374146 -5.000160 -110.333298
v -303.044006 -5.000161 -116.493546
v -305.209106 -5.000161 -115.243546
v -305.209106 -5.000162 -124.573669
v -303.044006 -5.000162 -123.323669
v -292.374146 -5.000162 -129.483932
v -292.374146 -5.000162 -131.983932
v -303.044006 -5.000163 -138.144196
v -305.209106 -5.000163 -136.894196
v -270.209076 -5.000159 -93.592926
v -272.374146 -5.000159 -94.842926
v -283.044006 -5.000159 -88.682663
v -283.044006 -5.000159 -86.182663
v -272.374146 -5.000158 -80.022400
v -270.209076 -5.000158 -81.272400
v -286.459076 -5.000157 -70.447083
v -284.294006 -5.000157 -69.197083
v -273.624146 -5.000158 -75.357346
v -273.624146 -5.000158 -77.857346
v -284.294006 -5.000158 -84.017609
v -286.459076 -5.000158 -82.767593
v -288.959076 -5.000158 -82.767609
v -291.124146 -5.000158 -84.017609
v -301.794006 -5.000158 -77.857346
v -301.794006 -5.000158 -75.357346
v -291.124146 -5.000157 -69.197083
v -288.959076 -5.000157 -70.447083
v -305.209076 -5.000158 -81.272392
v -303.044006 -5.000158 -80.022400
v -292.374146 -5.000159 -86.182663
v -292.374146 -5.000159 -88.682663
v -303.044006 -5.000159 -94.842926
v -305.209106 -5.000159 -93.592918
v -288.959106 -5.000160 -104.418243
v -291.124146 -5.000160 -105.668243
v -301.794006 -5.000160 -99.507980
v -301.794006 -5.000159 -97.007980
v -291.124146 -5.000159 -90.847717
v -288.959106 -5.000159 -92.097717
v -286.459106 -5.000159 -92.097717
v -284.294006 -5.000159 -90.847717
v -273.624146 -5.000159 -97.007980
v -273.624146 -5.000160 -99.507980
v -284.294006 -5.000160 -105.668243
v -286.459106 -5.000160 -104.418243
v -288.959076 -5.000157 -61.116966
v -291.124146 -5.000157 -62.366966
v -301.794006 -5.000156 -56.206711
v -301.794006 -5.000156 -53.706711
v -291.124146 -5.000156 -47.546455
v -288.959076 -5.000156 -48.796455
v -305.209076 -5.000155 -45.381393
v -292.374146 -5.000155 -45.381393
v -303.044006 -5.000156 -51.541649
v -305.209076 -5.000156 -50.291634
v -305.209076 -5.000156 -59.621758
v -303.044006 -5.000156 -58.371773
v -292.374146 -5.000157 -64.532028
v -292.374146 -5.000157 -67.032028
v -303.044006 -5.000158 -73.192291
v -305.209076 -5.000157 -71.942284
v -213.959091 -5.000163 -147.719513
v -216.124161 -5.000164 -148.969513
v -226.794022 -5.000163 -142.809250
v -226.794022 -5.000163 -140.309250
v -216.124161 -5.000162 -134.148987
v -213.959091 -5.000162 -135.398987
v -230.209091 -5.000163 -146.224304
v -228.044022 -5.000163 -144.974304
v -217.374161 -5.000164 -151.134567
v -217.374161 -5.000164 -153.634567
v -228.044022 -5.000164 -159.794830
v -230.209091 -5.000164 -158.544830
v -213.959091 -5.000165 -169.370148
v -216.124161 -5.000165 -170.620148
v -226.794022 -5.000165 -164.459885
v -226.794022 -5.000165 -161.959885
v -216.124161 -5.000164 -155.799622
v -213.959091 -5.000164 -157.049622
v -213.959091 -5.000162 -126.068871
v -216.124161 -5.000162 -127.318871
v -226.794022 -5.000161 -121.158615
v -226.794022 -5.000161 -118.658615
v -216.124161 -5.000161 -112.498360
v -213.959091 -5.000161 -113.748360
v -230.209091 -5.000160 -102.923042
v -228.044022 -5.000160 -101.673042
v -217.374161 -5.000160 -107.833298
v -217.374161 -5.000160 -110.333298
v -228.044022 -5.000161 -116.493553
v -230.209091 -5.000161 -115.243546
v -232.709091 -5.000161 -115.243553
v -234.874161 -5.000161 -116.493553
v -245.544022 -5.000160 -110.333298
v -245.544022 -5.000160 -107.833298
v -234.874161 -5.000160 -101.673042
v -232.709091 -5.000160 -102.923042
v -248.959091 -5.000161 -113.748360
v -246.794022 -5.000161 -112.498360
v -236.124161 -5.000161 -118.658615
v -236.124161 -5.000161 -121.158615
v -246.794022 -5.000162 -127.318871
v -248.959091 -5.000162 -126.068871
v -232.709091 -5.000163 -136.894196
v -234.874161 -5.000163 -138.144196
v -245.544022 -5.000162 -131.983932
v -245.544022 -5.000162 -129.483932
v -234.874161 -5.000162 -123.323677
v -232.709091 -5.000162 -124.573677
v -230.209091 -5.000162 -124.573669
v -228.044022 -5.000162 -123.323677
v -217.374161 -5.000162 -129.483932
v -217.374161 -5.000162 -131.983932
v -228.044022 -5.000163 -138.144196
v -230.209091 -5.000163 -136.894196
v -232.709091 -5.000159 -93.592926
v -234.874161 -5.000159 -94.842926
v -245.544022 -5.000159 -88.682663
v -245.544022 -5.000159 -86.182663
v -234.874161 -5.000158 -80.022400
v -232.709091 -5.000158 -81.272400
v -248.959091 -5.000157 -70.447083
v -246.794022 -5.000157 -69.197083
v -236.124161 -5.000158 -75.357346
v -236.124161 -5.000158 -77.857346
v -246.794022 -5.000158 -84.017609
v -248.959091 -5.000158 -82.767593
v -251.459091 -5.000158 -82.767609
v -253.624161 -5.000158 -84.017609
v -264.294006 -5.000158 -77.857346
v -264.294006 -5.000158 -75.357346
v -253.624161 -5.000157 -69.197083
v -251.459091 -5.000157 -70.447083
v -267.709076 -5.000158 -81.272400
v -265.544006 -5.000158 -80.022400
v -254.874161 -5.000159 -86.182663
v -254.874161 -5.000159 -88.682663
v -265.544006 -5.000159 -94.842926
v -267.709076 -5.000159 -93.592926
v -251.459091 -5.000160 -104.418243
v -253.624161 -5.000160 -105.668243
v -264.294006 -5.000160 -99.507980
v -264.294006 -5.000159 -97.007980
v -253.624161 -5.000159 -90.847717
v -251.459091 -5.000159 -92.097717
v -248.959091 -5.000159 -92.097717
v -246.794022 -5.000159 -90.847717
v -236.124161 -5.000159 -97.007980
v -236.124161 -5.000160 -99.507980
v -246.794022 -5.000160 -105.668243
v -248.959091 -5.000160 -104.418243
v -213.959091 -5.000158 -82.767609
v -216.124161 -5.000158 -84.017609
v -226.794022 -5.000158 -77.857346
v -226.794022 -5.000158 -75.357346
v -216.124161 -5.000157 -69.197083
v -213.959091 -5.000157 -70.447083
v -230.209091 -5.000158 -81.272400
v -228.044022 -5.000158 -80.022400
v -217.374161 -5.000159 -86.182663
v -217.374161 -5.000159 -88.682663
v -228.044022 -5.000159 -94.842926
v -230.209091 -5.000159 -93.592926
v -213.959091 -5.000160 -104.418243
v -216.124161 -5.000160 -105.668243
v -226.794022 -5.000160 -99.507980
v -226.794022 -5.000159 -97.007980
v -216.124161 -5.000159 -90.847717
v -213.959091 -5.000159 -92.097717
v -213.959091 -5.000157 -61.116966
v -216.124161 -5.000157 -62.366966
v -226.794022 -5.000156 -56.206711
v -226.794022 -5.000156 -53.706711
v -216.124161 -5.000156 -47.546455
v -213.959091 -5.000156 -48.796455
v -230.209091 -5.000155 -45.381393
v -217.374161 -5.000155 -45.381393
v -228.044022 -5.000156 -51.541649
v -230.209091 -5.000156 -50.291641
v -248.959091 -5.000156 -48.796455
v -246.794022 -5.000156 -47.546455
v -236.124161 -5.000156 -53.706711
v -236.124161 -5.000156 -56.206711
v -246.794022 -5.000157 -62.366966
v -248.959091 -5.000157 -61.116966
v -232.709091 -5.000157 -71.942291
v -234.874161 -5.000158 -73.192291
v -245.544022 -5.000157 -67.032028
v -245.544022 -5.000157 -64.532028
v -234.874161 -5.000156 -58.371773
v -232.709091 -5.000156 -59.621773
v -230.209091 -5.000156 -59.621765
v -228.044022 -5.000156 -58.371773
v -217.374161 -5.000157 -64.532028
v -217.374161 -5.000157 -67.032028
v -228.044022 -5.000158 -73.192291
v -230.209091 -5.000157 -71.942291
v -245.544022 -5.000155 -45.381393
v -234.874161 -5.000156 -51.541649
v -232.709091 -5.000156 -50.291649
v -232.709091 -5.000155 -45.381393
v -251.459091 -5.000157 -61.116966
v -253.624161 -5.000157 -62.366966
v -264.294006 -5.000156 -56.206711
v -264.294006 -5.000156 -53.706711
v -253.624161 -5.000156 -47.546455
v -251.459091 -5.000156 -48.796455
v -267.709076 -5.000155 -45.381393
v -254.874161 -5.000155 -45.381393
v -265.544006 -5.000156 -51.541649
v -267.709076 -5.000156 -50.291641
v -286.459076 -5.000156 -48.796455
v -284.294006 -5.000156 -47.546455
v -273.624146 -5.000156 -53.706711
v -273.624146 -5.000156 -56.206711
v -284.294006 -5.000157 -62.366966
v -286.459076 -5.000157 -61.116966
v -270.209076 -5.000157 -71.942291
v -272.374146 -5.000158 -73.192291
v -283.044006 -5.000157 -67.032028
v -283.044006 -5.000157 -64.532028
v -272.374146 -5.000156 -58.371773
v -270.209076 -5.000156 -59.621773
v -267.709076 -5.000156 -59.621765
v -265.544006 -5.000156 -58.371773
v -254.874161 -5.000157 -64.532028
v -254.874161 -5.000157 -67.032028
v -265.544006 -5.000158 -73.192291
v -267.709076 -5.000157 -71.942291
v -283.044006 -5.000155 -45.381393
v -272.374146 -5.000156 -51.541649
v -270.209076 -5.000156 -50.291649
v -270.209076 -5.000155 -45.381393
v -232.709076 -5.000165 -172.785202
v -245.544006 -5.000165 -172.785202
v -234.874146 -5.000165 -166.624939
v -232.709076 -5.000165 -167.874939
v -270.209076 -5.000165 -172.785202
v -283.044006 -5.000165 -172.785202
v -272.374146 -5.000165 -166.624939
v -270.209076 -5.000165 -167.874939
v -230.209076 -5.000165 -167.874939
v -230.209076 -5.000165 -172.785202
v -228.044006 -5.000165 -166.624939
v -217.374146 -5.000165 -172.785202
v -267.709076 -5.000165 -167.874939
v -267.709076 -5.000165 -172.785202
v -265.544006 -5.000165 -166.624939
v -254.874146 -5.000165 -172.785202
v -305.209076 -5.000165 -167.874939
v -303.044006 -5.000165 -166.624939
v -292.374146 -5.000165 -172.785202
v -305.209076 -5.000165 -172.785202
vt 0.000000 0.000000
vt 0.000000 0.000000
vt 0.000000 0.000000
vt 0.000000 0.000000
vt 0.000000 0.000000
vt 0.000000 0.000000
vt 0.000000 0.000000
vt 0.000000 0.000000
vt 0.000000 0.000000
vt 0.000000 0.000000
vt 0.000000 0.000000
vt 0.000000 0.000000
vt 0.000000 0.000000
vt 0.000000 0.000000
vt 0.000000 0.000000
vt 0.000000 0.000000
vt 0.000000 0.000000
vt 0.000000 0.000000
vt 0.000000 0.000000
vt 0.000000 0.000000
vt 0.000000 0.000000
vt 0.000000 0.000000
vt 0.000000 0.000000
vt 0.000000 0.000000
vt 0.000000 0.000000
vt 0.000000 0.000000
vt 0.000000 0.000000
vt 0.000000 0.000000
vt 0.000000 0.000000
vt 0.000000 0.000000
vt 0.000000 0.000000
vt 0.000000 0.000000
vt 0.000000 0.000000
vt 0.000000 0.000000
vt 0.000000 0.000000
vt 0.000000 0.000000
vt 0.000000 0.000000
vt 0.000000 0.000000
vt 0.000000 0.000000
vt 0.000000 0.000000
vt 0.000000 0.000000
vt 0.000000 0.000000
vt 0.000000 0.000000
vt 0.000000 0.000000
vt 0.000000 0.000000
vt 0.000000 0.000000
vt 0.000000 0.000000
vt 0.000000 0.000000
vt 0.000000 0.000000
vt 0.000000 0.000000
vt 0.000000 0.000000
vt 0.000000 0.000000
vt 0.000000 0.000000
vt 0.000000 0.000000
vt 0.000000 0.000000
vt 0.000000 0.000000
vt 0.000000 0.000000
vt 0.000000 0.000000
vt 0.000000 0.000000
vt 0.000000 0.000000
vt 0.000000 0.000000
vt 0.000000 0.000000
vt 0.000000 0.000000
vt 0.000000 0.000000
vt 0.000000 0.000000
vt 0.000000 0.000000
vt 0.000000 0.000000
vt 0.000000 0.000000
vt 0.000000 0.000000
vt 0.000000 0.000000
vt 0.000000 0.000000
vt 0.000000 0.000000
vt 0.000000 0.000000
vt 0.000000 0.000000
vt 0.000000 0.000000
vt 0.000000 0.000000
vt 0.000000 0.000000
vt 0.000000 0.000000
vt 0.000000 0.000000
vt 0.000000 0.000000
vt 0.000000 0.000000
vt 0.000000 0.000000
vt 0.000000 0.000000
vt 0.000000 0.000000
vt 0.000000 0.000000
vt 0.000000 0.000000
vt 0.000000 0.000000
vt 0.000000 0.000000
vt 0.000000 0.000000
vt 0.000000 0.000000
vt 0.000000 0.000000
vt 0.000000 0.000000
vt 0.000000 0.000000
vt 0.000000 0.000000
vt 0.000000 0.000000
vt 0.000000 0.000000
vt 0.000000 0.000000
vt 0.000000 0.000000
vt 0.000000 0.000000
vt 0.000000 0.000000
vt 0.000000 0.000000
vt 0.000000 0.000000
vt 0.000000 0.000000
vt 0.000000 0.000000
vt 0.000000 0.000000
vt 0.000000 0.000000
vt 0.000000 0.000000
vt 0.000000 0.000000
vt 0.000000 0.000000
vt 0.000000 0.000000
vt 0.000000 0.000000
vt 0.000000 0.000000
vt 0.000000 0.000000
vt 0.000000 0.000000
vt 0.000000 0.000000
vt 0.000000 0.000000
vt 0.000000 0.000000
vt 0.000000 0.000000
vt 0.000000 0.000000
vt 0.000000 0.000000
vt 0.000000 0.000000
vt 0.000000 0.000000
vt 0.000000 0.000000
vt 0.000000 0.000000
vt 0.000000 0.000000
vt 0.000000 0.000000
vt 0.000000 0.000000
vt 0.000000 0.000000
vt 0.000000 0.000000
vt 0.000000 0.000000
vt 0.000000 0.000000
vt 0.000000 0.000000
vt 0.000000 0.000000
vt 0.000000 0.000000
vt 0.000000 0.000000
vt 0.000000 0.000000
vt 0.000000 0.000000
vt 0.000000 0.000000
vt 0.000000 0.000000
vt 0.000000 0.000000
vt 0.000000 0.000000
vt 0.000000 0.000000
vt 0.000000 0.000000
vt 0.000000 0.000000
vt 0.000000 0.000000
vt 0.000000 0.000000
vt 0.000000 0.000000
vt 0.000000 0.000000
vt 0.000000 0.000000
vt 0.000000 0.000000
vt 0.000000 0.000000
vt 0.000000 0.000000
vt 0.000000 0.000000
vt 0.000000 0.000000
vt 0.000000 0.000000
vt 0.000000 0.000000
vt 0.000000 0.000000
vt 0.000000 0.000000
vt 0.000000 0.000000
vt 0.000000 0.000000
vt 0.000000 0.000000
vt 0.000000 0.000000
vt 0.000000 0.000000
vt 0.000000 0.000000
vt 0.000000 0.000000
vt 0.000000 0.000000
vt 0.000000 0.000000
vt 0.000000 0.000000
vt 0.000000 0.000000
vt 0.000000 0.000000
vt 0.000000 0.000000
vt 0.000000 0.000000
vt 0.000000 0.000000
vt 0.000000 0.000000
vt 0.000000 0.000000
vt 0.000000 0.000000
vt 0.000000 0.000000
vt 0.000000 0.000000
vt 0.000000 0.000000
vt 0.000000 0.000000
vt 0.000000 0.000000
vt 0.000000 0.000000
vt 0.000000 0.000000
vt 0.000000 0.000000
vt 0.000000 0.000000
vt 0.000000 0.000000
vt 0.000000 0.000000
vt 0.000000 0.000000
vt 0.000000 0.000000
vt 0.000000 0.000000
vt 0.000000 0.000000
vt 0.000000 0.000000
vt 0.000000 0.000000
vt 0.000000 0.000000
vt 0.000000 0.000000
vt 0.000000 0.000000
vt 0.000000 0.000000
vt 0.000000 0.000000
vt 0.000000 0.000000
vt 0.000000 0.000000
vt 0.000000 0.000000
vt 0.000000 0.000000
vt 0.000000 0.000000
vt 0.000000 0.000000
vt 0.000000 0.000000
vt 0.000000 0.000000
vt 0.000000 0.000000
vt 0.000000 0.000000
vt 0.000000 0.000000
vt 0.000000 0.000000
vt 0.000000 0.000000
vt 0.000000 0.000000
vt 0.000000 0.000000
vt 0.000000 0.000000
vt 0.000000 0.000000
vt 0.000000 0.000000
vt 0.000000 0.000000
vt 0.000000 0.000000
vt 0.000000 0.000000
vt 0.000000 0.000000
vt 0.000000 0.000000
vt 0.000000 0.000000
vt 0.000000 0.000000
vt 0.000000 0.000000
vt 0.000000 0.000000
vt 0.000000 0.000000
vt 0.000000 0.000000
vt 0.000000 0.000000
vt 0.000000 0.000000
vt 0.000000 0.000000
vt 0.000000 0.000000
vt 0.000000 0.000000
vt 0.000000 0.000000
vt 0.000000 0.000000
vt 0.000000 0.000000
vt 0.000000 0.000000
vt 0.000000 0.000000
vt 0.000000 0.000000
vt 0.000000 0.000000
vt 0.000000 0.000000
vt 0.000000 0.000000
vt 0.000000 0.000000
vt 0.000000 0.000000
vt 0.000000 0.000000
vt 0.000000 0.000000
vt 0.000000 0.000000
vt 0.000000 0.000000
vt 0.000000 0.000000
vt 0.000000 0.000000
vt 0.000000 0.000000
vt 0.000000 0.000000
vt 0.000000 0.000000
vt 0.000000 0.000000
vt 0.000000 0.000000
vt 0.000000 0.000000
vt 0.000000 0.000000
vt 0.000000 0.000000
vt 0.000000 0.000000
vt 0.000000 0.000000
vt 0.000000 0.000000
vt 0.000000 0.000000
vt 0.000000 0.000000
vt 0.000000 0.000000
vt 0.000000 0.000000
vt 0.000000 0.000000
vt 0.000000 0.000000
vt 0.000000 0.000000
vt 0.000000 0.000000
vt 0.000000 0.000000
vt 0.000000 0.000000
vt 0.000000 0.000000
vt 0.000000 0.000000
vt 0.000000 0.000000
vt 0.000000 0.000000
vt 0.000000 0.000000
vt 0.000000 0.000000
vt 0.000000 0.000000
vt 0.000000 0.000000
vt 0.000000 0.000000
vt 0.000000 0.000000
vt 0.000000 0.000000
vt 0.000000 0.000000
vt 0.000000 0.000000
vt 0.000000 0.000000
vt 0.000000 0.000000
vt 0.000000 0.000000
vt 0.000000 0.000000
vt 0.000000 0.000000
vt 0.000000 0.000000
vt 0.000000 0.000000
vt 0.000000 0.000000
vt 0.000000 0.000000
vt 0.000000 0.000000
vt 0.000000 0.000000
vt 0.000000 0.000000
vt 0.000000 0.000000
vt 0.000000 0.000000
vt 0.000000 0.000000
vt 0.000000 0.000000
vt 0.000000 0.000000
vt 0.000000 0.000000
vt 0.000000 0.000000
vt 0.000000 0.000000
vt 0.000000 0.000000
vt 0.000000 0.000000
vt 0.000000 0.000000
vt 0.000000 0.000000
vt 0.000000 0.000000
vt 0.000000 0.000000
vt 0.000000 0.000000
vt 0.000000 0.000000
vt 0.000000 0.000000
vt 0.000000 0.000000
vt 0.000000 0.000000
vt 0.000000 0.000000
vt 0.000000 0.000000
vt 0.000000 0.000000
vt 0.000000 0.000000
vt 0.000000 0.000000
vt 0.000000 0.000000
vt 0.000000 0.000000
vt 0.000000 0.000000
vt 0.000000 0.000000
vt 0.000000 0.000000
vt 0.000000 0.000000
vt 0.000000 0.000000
vt 0.000000 0.000000
vt 0.000000 0.000000
vt 0.000000 0.000000
vt 0.000000 0.000000
vt 0.000000 0.000000
vt 0.000000 0.000000
vt 0.000000 0.000000
vt 0.000000 0.000000
vt 0.000000 0.000000
vt 0.000000 0.000000
vt 0.000000 0.000000
vt 0.000000 0.000000
vt 0.000000 0.000000
vt 0.000000 0.000000
vt 0.000000 0.000000
vt 0.000000 0.000000
vt 0.000000 0.000000
vt 0.000000 0.000000
vt 0.000000 0.000000
vt 0.000000 0.000000
vt 0.000000 0.000000
vt 0.000000 0.000000
vt 0.000000 0.000000
vt 0.000000 0.000000
vt 0.000000 0.000000
vt 0.000000 0.000000
vt 0.000000 0.000000
vt 0.000000 0.000000
vt 0.000000 0.000000
vt 0.000000 0.000000
vt 0.000000 0.000000
vt 0.000000 0.000000
vt 0.000000 0.000000
vt 0.000000 0.000000
vt 0.000000 0.000000
vt 0.000000 0.000000
vt 0.000000 0.000000
vt 0.000000 0.000000
vt 0.000000 0.000000
vt 0.000000 0.000000
vt 0.000000 0.000000
vt 0.000000 0.000000
vt 0.000000 0.000000
vt 0.000000 0.000000
vn 0.0000 1.0000 -0.0000
vn 0.0000 -1.0000 -0.0000
usemtl Default_OBJ
s 1
f 1206/1200/23 1207/1201/23 1208/1202/23
f 1213/1203/23 1214/1204/23 1210/1205/23
f 1218/1206/23 1219/1207/23 1220/1208/23
f 1225/1209/23 1226/1210/23 1222/1211/23
f 1230/1212/23 1231/1213/23 1232/1214/23
f 1237/1215/23 1238/1216/23 1234/1217/23
f 1233/1218/23 1227/1219/23 1232/1214/23
f 1217/1220/23 1223/1221/23 1222/1211/23
f 1205/1222/24 1235/1223/24 1204/1224/24
f 1230/1212/24 1224/1225/24 1225/1209/24
f 1206/1200/24 1212/1226/24 1213/1203/24
f 1214/1204/23 1220/1208/23 1209/1227/23
f 1215/1228/23 1213/1203/23 1233/1218/23
f 1242/1229/23 1243/1230/23 1244/1231/23
f 1248/1232/23 1249/1233/23 1250/1234/23
f 1254/1235/23 1255/1236/23 1256/1237/23
f 1261/1238/23 1262/1239/23 1258/1240/23
f 1266/1241/23 1267/1242/23 1268/1243/23
f 1272/1244/23 1273/1245/23 1274/1246/23
f 1269/1247/23 1263/1248/23 1268/1243/23
f 1252/1249/23 1258/1240/23 1253/1250/23
f 1241/1251/24 1271/1252/24 1240/1253/24
f 1267/1242/24 1261/1238/24 1266/1241/24
f 1242/1229/24 1248/1232/24 1249/1233/24
f 1250/1234/23 1256/1237/23 1245/1254/23
f 1251/1255/23 1249/1233/23 1269/1247/23
f 1278/1256/23 1279/1257/23 1280/1258/23
f 1284/1259/23 1285/1260/23 1286/1261/23
f 1291/1262/23 1292/1263/23 1288/1264/23
f 1297/1265/23 1298/1266/23 1294/1267/23
f 1302/1268/23 1303/1269/23 1304/1270/23
f 1309/1271/23 1310/1272/23 1306/1273/23
f 1304/1270/23 1310/1272/23 1299/1274/23
f 1288/1264/23 1294/1267/23 1289/1275/23
f 1276/1276/24 1306/1273/24 1307/1277/24
f 1303/1269/24 1297/1265/24 1302/1268/24
f 1285/1260/24 1279/1257/24 1284/1259/24
f 1286/1261/23 1292/1263/23 1281/1278/23
f 1287/1279/23 1285/1260/23 1305/1280/23
f 1314/1281/23 1315/1282/23 1316/1283/23
f 1321/1284/23 1322/1285/23 1318/1286/23
f 1327/1287/23 1328/1288/23 1324/1289/23
f 1312/1290/24 1324/1289/24 1325/1291/24
f 1321/1284/24 1315/1282/24 1320/1292/24
f 1332/1293/23 1333/1294/23 1334/1295/23
f 1338/1296/23 1339/1297/23 1340/1298/23
f 1344/1299/23 1345/1300/23 1346/1301/23
f 1351/1302/23 1352/1303/23 1348/1304/23
f 1356/1305/23 1357/1306/23 1358/1307/23
f 1363/1308/23 1364/1309/23 1360/1310/23
f 1359/1311/23 1353/1312/23 1358/1307/23
f 1343/1313/23 1349/1314/23 1348/1304/23
f 1331/1315/24 1361/1316/24 1330/1317/24
f 1356/1305/24 1350/1318/24 1351/1302/24
f 1332/1293/24 1338/1296/24 1339/1297/24
f 1340/1298/23 1346/1301/23 1335/1319/23
f 1341/1320/23 1339/1297/23 1359/1311/23
f 1366/1321/23 1368/1322/23 1370/1323/23
f 1371/1324/23 1373/1325/23 1374/1326/23
f 1376/1327/23 1378/1328/23 1380/1329/23
f 1366/1321/24 1376/1327/24 1377/1330/24
f 1368/1322/24 1372/1331/24 1373/1325/24
f 1384/1332/23 1385/1333/23 1386/1334/23
f 1390/1335/23 1391/1336/23 1392/1337/23
f 1396/1338/23 1397/1339/23 1398/1340/23
f 1383/1341/23 1389/1342/23 1388/1343/23
f 1396/1338/24 1390/1335/24 1391/1336/24
f 1400/1344/23 1402/1345/23 1404/1346/23
f 1406/1347/23 1408/1348/23 1410/1349/23
f 1412/1350/23 1414/1351/23 1416/1352/23
f 1418/1353/23 1420/1354/23 1422/1355/23
f 1426/1356/23 1427/1357/23 1428/1358/23
f 1430/1359/23 1432/1360/23 1434/1361/23
f 1428/1358/23 1434/1361/23 1423/1362/23
f 1412/1350/23 1418/1353/23 1413/1363/23
f 1400/1344/24 1430/1359/24 1431/1364/24
f 1427/1357/24 1421/1365/24 1426/1356/24
f 1402/1345/24 1408/1348/24 1409/1366/24
f 1410/1349/23 1416/1352/23 1405/1367/23
f 1411/1368/23 1409/1366/23 1429/1369/23
f 1438/1370/23 1439/1371/23 1440/1372/23
f 1444/1373/23 1445/1374/23 1446/1375/23
f 1450/1376/23 1451/1377/23 1452/1378/23
f 1456/1379/23 1457/1380/23 1458/1381/23
f 1462/1382/23 1463/1383/23 1464/1384/23
f 1468/1385/23 1469/1386/23 1470/1387/23
f 1465/1388/23 1459/1389/23 1464/1384/23
f 1448/1390/23 1454/1391/23 1449/1392/23
f 1437/1393/24 1467/1394/24 1436/1395/24
f 1463/1383/24 1457/1380/24 1462/1382/24
f 1438/1370/24 1444/1373/24 1445/1374/24
f 1446/1375/23 1452/1378/23 1441/1396/23
f 1447/1397/23 1445/1374/23 1465/1388/23
f 1474/1398/23 1475/1399/23 1476/1400/23
f 1480/1401/23 1481/1402/23 1482/1403/23
f 1486/1404/23 1487/1405/23 1488/1406/23
f 1473/1407/23 1479/1408/23 1478/1409/23
f 1486/1404/24 1480/1401/24 1481/1402/24
f 1490/1410/23 1492/1411/23 1494/1412/23
f 1495/1413/23 1497/1414/23 1498/1415/23
f 1500/1416/23 1502/1417/23 1504/1418/23
f 1508/1419/23 1509/1420/23 1510/1421/23
f 1512/1422/23 1514/1423/23 1516/1424/23
f 1510/1421/23 1516/1424/23 1505/1425/23
f 1518/1426/23 1500/1416/23 1517/1427/23
f 1490/1410/24 1512/1422/24 1513/1428/24
f 1509/1420/24 1503/1429/24 1508/1419/24
f 1492/1411/24 1496/1430/24 1497/1414/24
f 1498/1415/23 1520/1431/23 1495/1413/23
f 1519/1432/23 1497/1414/23 1511/1433/23
f 1524/1434/23 1525/1435/23 1526/1436/23
f 1527/1437/23 1529/1438/23 1530/1439/23
f 1532/1440/23 1534/1441/23 1536/1442/23
f 1540/1443/23 1541/1444/23 1542/1445/23
f 1544/1446/23 1546/1447/23 1548/1448/23
f 1542/1445/23 1548/1448/23 1537/1449/23
f 1550/1450/23 1532/1440/23 1549/1451/23
f 1522/1452/24 1544/1446/24 1545/1453/24
f 1541/1444/24 1535/1454/24 1540/1443/24
f 1529/1438/24 1525/1435/24 1528/1455/24
f 1530/1439/23 1552/1456/23 1527/1437/23
f 1551/1457/23 1529/1438/23 1543/1458/23
f 1550/1450/23 1552/1456/23 1551/1457/23
f 1553/1459/23 1555/1460/23 1556/1461/23
f 1557/1462/23 1559/1463/23 1560/1464/23
f 1562/1465/23 1556/1461/23 1561/1466/23
f 1563/1467/23 1562/1465/23 1561/1466/23
f 1566/1468/23 1560/1464/23 1565/1469/23
f 1567/1470/23 1566/1468/23 1565/1469/23
f 1570/1471/23 1572/1472/23 1569/1473/23
f 1375/1474/23 1374/1326/23 1373/1325/23
f 1547/1475/23 1450/1376/23 1454/1391/23
f 1469/1386/23 1415/1476/23 1414/1351/23
f 1571/1477/23 1229/1478/23 1228/1479/23
f 1247/1480/24 1424/1481/24 1425/1482/24
f 1518/1426/23 1520/1431/23 1519/1432/23
f 1570/1471/23 1569/1473/23 1225/1209/23
f 1208/1202/23 1203/1483/23 1206/1200/23
f 1203/1483/23 1204/1224/23 1206/1200/23
f 1204/1224/23 1205/1222/23 1206/1200/23
f 1214/1204/23 1209/1227/23 1210/1205/23
f 1210/1205/23 1211/1484/23 1212/1226/23
f 1212/1226/23 1213/1203/23 1210/1205/23
f 1220/1208/23 1215/1228/23 1218/1206/23
f 1215/1228/23 1216/1485/23 1218/1206/23
f 1216/1485/23 1217/1220/23 1218/1206/23
f 1226/1210/23 1221/1486/23 1222/1211/23
f 1222/1211/23 1223/1221/23 1224/1225/23
f 1224/1225/23 1225/1209/23 1222/1211/23
f 1232/1214/23 1227/1219/23 1230/1212/23
f 1227/1219/23 1228/1479/23 1230/1212/23
f 1228/1479/23 1229/1478/23 1230/1212/23
f 1238/1216/23 1233/1218/23 1234/1217/23
f 1234/1217/23 1235/1223/23 1236/1487/23
f 1236/1487/23 1237/1215/23 1234/1217/23
f 1233/1218/23 1238/1216/23 1227/1219/23
f 1217/1220/23 1216/1485/23 1223/1221/23
f 1205/1222/24 1234/1217/24 1235/1223/24
f 1230/1212/24 1231/1213/24 1224/1225/24
f 1206/1200/24 1207/1201/24 1212/1226/24
f 1214/1204/23 1215/1228/23 1220/1208/23
f 1213/1203/23 1206/1200/23 1205/1222/23
f 1205/1222/23 1234/1217/23 1233/1218/23
f 1233/1218/23 1232/1214/23 1231/1213/23
f 1231/1213/23 1224/1225/23 1223/1221/23
f 1223/1221/23 1216/1485/23 1215/1228/23
f 1215/1228/23 1214/1204/23 1213/1203/23
f 1213/1203/23 1205/1222/23 1233/1218/23
f 1233/1218/23 1231/1213/23 1223/1221/23
f 1223/1221/23 1215/1228/23 1233/1218/23
f 1244/1231/23 1239/1488/23 1242/1229/23
f 1239/1488/23 1240/1253/23 1242/1229/23
f 1240/1253/23 1241/1251/23 1242/1229/23
f 1250/1234/23 1245/1254/23 1246/1489/23
f 1246/1489/23 1247/1480/23 1250/1234/23
f 1247/1480/23 1248/1232/23 1250/1234/23
f 1256/1237/23 1251/1255/23 1254/1235/23
f 1251/1255/23 1252/1249/23 1254/1235/23
f 1252/1249/23 1253/1250/23 1254/1235/23
f 1262/1239/23 1257/1490/23 1258/1240/23
f 1258/1240/23 1259/1491/23 1260/1492/23
f 1260/1492/23 1261/1238/23 1258/1240/23
f 1268/1243/23 1263/1248/23 1266/1241/23
f 1263/1248/23 1264/1493/23 1266/1241/23
f 1264/1493/23 1265/1494/23 1266/1241/23
f 1274/1246/23 1269/1247/23 1272/1244/23
f 1269/1247/23 1270/1495/23 1272/1244/23
f 1270/1495/23 1271/1252/23 1272/1244/23
f 1269/1247/23 1274/1246/23 1263/1248/23
f 1252/1249/23 1259/1491/23 1258/1240/23
f 1241/1251/24 1270/1495/24 1271/1252/24
f 1267/1242/24 1260/1492/24 1261/1238/24
f 1242/1229/24 1243/1230/24 1248/1232/24
f 1250/1234/23 1251/1255/23 1256/1237/23
f 1249/1233/23 1242/1229/23 1241/1251/23
f 1241/1251/23 1270/1495/23 1249/1233/23
f 1270/1495/23 1269/1247/23 1249/1233/23
f 1269/1247/23 1268/1243/23 1259/1491/23
f 1268/1243/23 1267/1242/23 1259/1491/23
f 1267/1242/23 1260/1492/23 1259/1491/23
f 1259/1491/23 1252/1249/23 1251/1255/23
f 1251/1255/23 1250/1234/23 1249/1233/23
f 1259/1491/23 1251/1255/23 1269/1247/23
f 1280/1258/23 1275/1496/23 1278/1256/23
f 1275/1496/23 1276/1276/23 1278/1256/23
f 1276/1276/23 1277/1497/23 1278/1256/23
f 1286/1261/23 1281/1278/23 1282/1498/23
f 1282/1498/23 1283/1499/23 1286/1261/23
f 1283/1499/23 1284/1259/23 1286/1261/23
f 1292/1263/23 1287/1279/23 1288/1264/23
f 1288/1264/23 1289/1275/23 1290/1500/23
f 1290/1500/23 1291/1262/23 1288/1264/23
f 1298/1266/23 1293/1501/23 1294/1267/23
f 1294/1267/23 1295/1502/23 1296/1503/23
f 1296/1503/23 1297/1265/23 1294/1267/23
f 1304/1270/23 1299/1274/23 1302/1268/23
f 1299/1274/23 1300/1504/23 1302/1268/23
f 1300/1504/23 1301/1505/23 1302/1268/23
f 1310/1272/23 1305/1280/23 1306/1273/23
f 1306/1273/23 1307/1277/23 1308/1506/23
f 1308/1506/23 1309/1271/23 1306/1273/23
f 1304/1270/23 1305/1280/23 1310/1272/23
f 1288/1264/23 1295/1502/23 1294/1267/23
f 1276/1276/24 1277/1497/24 1306/1273/24
f 1303/1269/24 1296/1503/24 1297/1265/24
f 1285/1260/24 1278/1256/24 1279/1257/24
f 1286/1261/23 1287/1279/23 1292/1263/23
f 1285/1260/23 1278/1256/23 1305/1280/23
f 1278/1256/23 1277/1497/23 1305/1280/23
f 1277/1497/23 1306/1273/23 1305/1280/23
f 1305/1280/23 1304/1270/23 1295/1502/23
f 1304/1270/23 1303/1269/23 1295/1502/23
f 1303/1269/23 1296/1503/23 1295/1502/23
f 1295/1502/23 1288/1264/23 1287/1279/23
f 1287/1279/23 1286/1261/23 1285/1260/23
f 1295/1502/23 1287/1279/23 1305/1280/23
f 1316/1283/23 1311/1507/23 1314/1281/23
f 1311/1507/23 1312/1290/23 1314/1281/23
f 1312/1290/23 1313/1508/23 1314/1281/23
f 1322/1285/23 1317/1509/23 1318/1286/23
f 1318/1286/23 1319/1510/23 1320/1292/23
f 1320/1292/23 1321/1284/23 1318/1286/23
f 1328/1288/23 1323/1511/23 1324/1289/23
f 1324/1289/23 1325/1291/23 1326/1512/23
f 1326/1512/23 1327/1287/23 1324/1289/23
f 1312/1290/24 1313/1508/24 1324/1289/24
f 1321/1284/24 1314/1281/24 1315/1282/24
f 1334/1295/23 1329/1513/23 1332/1293/23
f 1329/1513/23 1330/1317/23 1332/1293/23
f 1330/1317/23 1331/1315/23 1332/1293/23
f 1340/1298/23 1335/1319/23 1336/1514/23
f 1336/1514/23 1337/1515/23 1340/1298/23
f 1337/1515/23 1338/1296/23 1340/1298/23
f 1346/1301/23 1341/1320/23 1344/1299/23
f 1341/1320/23 1342/1516/23 1344/1299/23
f 1342/1516/23 1343/1313/23 1344/1299/23
f 1352/1303/23 1347/1517/23 1348/1304/23
f 1348/1304/23 1349/1314/23 1350/1318/23
f 1350/1318/23 1351/1302/23 1348/1304/23
f 1358/1307/23 1353/1312/23 1356/1305/23
f 1353/1312/23 1354/1518/23 1356/1305/23
f 1354/1518/23 1355/1519/23 1356/1305/23
f 1364/1309/23 1359/1311/23 1360/1310/23
f 1360/1310/23 1361/1316/23 1362/1520/23
f 1362/1520/23 1363/1308/23 1360/1310/23
f 1359/1311/23 1364/1309/23 1353/1312/23
f 1343/1313/23 1342/1516/23 1349/1314/23
f 1331/1315/24 1360/1310/24 1361/1316/24
f 1356/1305/24 1357/1306/24 1350/1318/24
f 1332/1293/24 1333/1294/24 1338/1296/24
f 1340/1298/23 1341/1320/23 1346/1301/23
f 1339/1297/23 1332/1293/23 1331/1315/23
f 1331/1315/23 1360/1310/23 1359/1311/23
f 1359/1311/23 1358/1307/23 1357/1306/23
f 1357/1306/23 1350/1318/23 1349/1314/23
f 1349/1314/23 1342/1516/23 1341/1320/23
f 1341/1320/23 1340/1298/23 1339/1297/23
f 1339/1297/23 1331/1315/23 1359/1311/23
f 1359/1311/23 1357/1306/23 1349/1314/23
f 1349/1314/23 1341/1320/23 1359/1311/23
f 1370/1323/23 1365/1521/23 1366/1321/23
f 1366/1321/23 1367/1522/23 1368/1322/23
f 1368/1322/23 1369/1523/23 1370/1323/23
f 1371/1324/23 1372/1331/23 1373/1325/23
f 1380/1329/23 1375/1474/23 1376/1327/23
f 1376/1327/23 1377/1330/23 1378/1328/23
f 1378/1328/23 1379/1524/23 1380/1329/23
f 1366/1321/24 1367/1522/24 1376/1327/24
f 1368/1322/24 1369/1523/24 1372/1331/24
f 1386/1334/23 1381/1525/23 1384/1332/23
f 1381/1525/23 1382/1526/23 1384/1332/23
f 1382/1526/23 1383/1341/23 1384/1332/23
f 1392/1337/23 1387/1527/23 1390/1335/23
f 1387/1527/23 1388/1343/23 1390/1335/23
f 1388/1343/23 1389/1342/23 1390/1335/23
f 1398/1340/23 1393/1528/23 1396/1338/23
f 1393/1528/23 1394/1529/23 1396/1338/23
f 1394/1529/23 1395/1530/23 1396/1338/23
f 1383/1341/23 1382/1526/23 1389/1342/23
f 1396/1338/24 1397/1339/24 1390/1335/24
f 1404/1346/23 1399/1531/23 1400/1344/23
f 1400/1344/23 1401/1532/23 1402/1345/23
f 1402/1345/23 1403/1533/23 1404/1346/23
f 1410/1349/23 1405/1367/23 1406/1347/23
f 1406/1347/23 1407/1534/23 1408/1348/23
f 1408/1348/23 1409/1366/23 1410/1349/23
f 1416/1352/23 1411/1368/23 1412/1350/23
f 1412/1350/23 1413/1363/23 1414/1351/23
f 1414/1351/23 1415/1476/23 1416/1352/23
f 1422/1355/23 1417/1535/23 1418/1353/23
f 1418/1353/23 1419/1536/23 1420/1354/23
f 1420/1354/23 1421/1365/23 1422/1355/23
f 1428/1358/23 1423/1362/23 1424/1481/23
f 1424/1481/23 1425/1482/23 1428/1358/23
f 1425/1482/23 1426/1356/23 1428/1358/23
f 1434/1361/23 1429/1369/23 1430/1359/23
f 1430/1359/23 1431/1364/23 1432/1360/23
f 1432/1360/23 1433/1537/23 1434/1361/23
f 1428/1358/23 1429/1369/23 1434/1361/23
f 1412/1350/23 1419/1536/23 1418/1353/23
f 1400/1344/24 1401/1532/24 1430/1359/24
f 1427/1357/24 1420/1354/24 1421/1365/24
f 1402/1345/24 1403/1533/24 1408/1348/24
f 1410/1349/23 1411/1368/23 1416/1352/23
f 1409/1366/23 1402/1345/23 1429/1369/23
f 1402/1345/23 1401/1532/23 1429/1369/23
f 1401/1532/23 1430/1359/23 1429/1369/23
f 1429/1369/23 1428/1358/23 1427/1357/23
f 1427/1357/23 1420/1354/23 1419/1536/23
f 1419/1536/23 1412/1350/23 1411/1368/23
f 1411/1368/23 1410/1349/23 1409/1366/23
f 1429/1369/23 1427/1357/23 1419/1536/23
f 1419/1536/23 1411/1368/23 1429/1369/23
f 1440/1372/23 1435/1538/23 1438/1370/23
f 1435/1538/23 1436/1395/23 1438/1370/23
f 1436/1395/23 1437/1393/23 1438/1370/23
f 1446/1375/23 1441/1396/23 1442/1539/23
f 1442/1539/23 1443/1540/23 1446/1375/23
f 1443/1540/23 1444/1373/23 1446/1375/23
f 1452/1378/23 1447/1397/23 1450/1376/23
f 1447/1397/23 1448/1390/23 1450/1376/23
f 1448/1390/23 1449/1392/23 1450/1376/23
f 1458/1381/23 1453/1541/23 1456/1379/23
f 1453/1541/23 1454/1391/23 1456/1379/23
f 1454/1391/23 1455/1542/23 1456/1379/23
f 1464/1384/23 1459/1389/23 1462/1382/23
f 1459/1389/23 1460/1543/23 1462/1382/23
f 1460/1543/23 1461/1544/23 1462/1382/23
f 1470/1387/23 1465/1388/23 1468/1385/23
f 1465/1388/23 1466/1545/23 1468/1385/23
f 1466/1545/23 1467/1394/23 1468/1385/23
f 1465/1388/23 1470/1387/23 1459/1389/23
f 1448/1390/23 1455/1542/23 1454/1391/23
f 1437/1393/24 1466/1545/24 1467/1394/24
f 1463/1383/24 1456/1379/24 1457/1380/24
f 1438/1370/24 1439/1371/24 1444/1373/24
f 1446/1375/23 1447/1397/23 1452/1378/23
f 1445/1374/23 1438/1370/23 1437/1393/23
f 1437/1393/23 1466/1545/23 1445/1374/23
f 1466/1545/23 1465/1388/23 1445/1374/23
f 1465/1388/23 1464/1384/23 1455/1542/23
f 1464/1384/23 1463/1383/23 1455/1542/23
f 1463/1383/23 1456/1379/23 1455/1542/23
f 1455/1542/23 1448/1390/23 1447/1397/23
f 1447/1397/23 1446/1375/23 1445/1374/23
f 1455/1542/23 1447/1397/23 1465/1388/23
f 1476/1400/23 1471/1546/23 1474/1398/23
f 1471/1546/23 1472/1547/23 1474/1398/23
f 1472/1547/23 1473/1407/23 1474/1398/23
f 1482/1403/23 1477/1548/23 1480/1401/23
f 1477/1548/23 1478/1409/23 1480/1401/23
f 1478/1409/23 1479/1408/23 1480/1401/23
f 1488/1406/23 1483/1549/23 1486/1404/23
f 1483/1549/23 1484/1550/23 1486/1404/23
f 1484/1550/23 1485/1551/23 1486/1404/23
f 1473/1407/23 1472/1547/23 1479/1408/23
f 1486/1404/24 1487/1405/24 1480/1401/24
f 1494/1412/23 1489/1552/23 1490/1410/23
f 1490/1410/23 1491/1553/23 1492/1411/23
f 1492/1411/23 1493/1554/23 1494/1412/23
f 1495/1413/23 1496/1430/23 1497/1414/23
f 1504/1418/23 1499/1555/23 1500/1416/23
f 1500/1416/23 1501/1556/23 1502/1417/23
f 1502/1417/23 1503/1429/23 1504/1418/23
f 1510/1421/23 1505/1425/23 1506/1557/23
f 1506/1557/23 1507/1558/23 1510/1421/23
f 1507/1558/23 1508/1419/23 1510/1421/23
f 1516/1424/23 1511/1433/23 1512/1422/23
f 1512/1422/23 1513/1428/23 1514/1423/23
f 1514/1423/23 1515/1559/23 1516/1424/23
f 1510/1421/23 1511/1433/23 1516/1424/23
f 1518/1426/23 1501/1556/23 1500/1416/23
f 1490/1410/24 1491/1553/24 1512/1422/24
f 1509/1420/24 1502/1417/24 1503/1429/24
f 1492/1411/24 1493/1554/24 1496/1430/24
f 1498/1415/23 1519/1432/23 1520/1431/23
f 1497/1414/23 1492/1411/23 1511/1433/23
f 1492/1411/23 1491/1553/23 1511/1433/23
f 1491/1553/23 1512/1422/23 1511/1433/23
f 1511/1433/23 1510/1421/23 1509/1420/23
f 1509/1420/23 1502/1417/23 1501/1556/23
f 1501/1556/23 1518/1426/23 1519/1432/23
f 1519/1432/23 1498/1415/23 1497/1414/23
f 1511/1433/23 1509/1420/23 1501/1556/23
f 1501/1556/23 1519/1432/23 1511/1433/23
f 1526/1436/23 1521/1560/23 1524/1434/23
f 1521/1560/23 1522/1452/23 1524/1434/23
f 1522/1452/23 1523/1561/23 1524/1434/23
f 1527/1437/23 1528/1455/23 1529/1438/23
f 1536/1442/23 1531/1562/23 1532/1440/23
f 1532/1440/23 1533/1563/23 1534/1441/23
f 1534/1441/23 1535/1454/23 1536/1442/23
f 1542/1445/23 1537/1449/23 1538/1564/23
f 1538/1564/23 1539/1565/23 1542/1445/23
f 1539/1565/23 1540/1443/23 1542/1445/23
f 1548/1448/23 1543/1458/23 1544/1446/23
f 1544/1446/23 1545/1453/23 1546/1447/23
f 1546/1447/23 1547/1475/23 1548/1448/23
f 1542/1445/23 1543/1458/23 1548/1448/23
f 1550/1450/23 1533/1563/23 1532/1440/23
f 1522/1452/24 1523/1561/24 1544/1446/24
f 1541/1444/24 1534/1441/24 1535/1454/24
f 1529/1438/24 1524/1434/24 1525/1435/24
f 1530/1439/23 1551/1457/23 1552/1456/23
f 1529/1438/23 1524/1434/23 1543/1458/23
f 1524/1434/23 1523/1561/23 1543/1458/23
f 1523/1561/23 1544/1446/23 1543/1458/23
f 1543/1458/23 1542/1445/23 1541/1444/23
f 1541/1444/23 1534/1441/23 1533/1563/23
f 1533/1563/23 1550/1450/23 1551/1457/23
f 1551/1457/23 1530/1439/23 1529/1438/23
f 1543/1458/23 1541/1444/23 1533/1563/23
f 1533/1563/23 1551/1457/23 1543/1458/23
f 1550/1450/23 1549/1451/23 1552/1456/23
f 1553/1459/23 1554/1566/23 1555/1460/23
f 1557/1462/23 1558/1567/23 1559/1463/23
f 1562/1465/23 1553/1459/23 1556/1461/23
f 1563/1467/23 1564/1568/23 1562/1465/23
f 1566/1468/23 1557/1462/23 1560/1464/23
f 1567/1470/23 1568/1569/23 1566/1468/23
f 1570/1471/23 1571/1477/23 1572/1472/23
f 1373/1325/23 1368/1322/23 1375/1474/23
f 1368/1322/23 1367/1522/23 1375/1474/23
f 1367/1522/23 1376/1327/23 1375/1474/23
f 1453/1541/23 1334/1295/23 1337/1515/23
f 1334/1295/23 1333/1294/23 1337/1515/23
f 1333/1294/23 1338/1296/23 1337/1515/23
f 1336/1514/23 1335/1319/23 1346/1301/23
f 1336/1514/23 1346/1301/23 1345/1300/23
f 1454/1391/23 1453/1541/23 1337/1515/23
f 1454/1391/23 1337/1515/23 1538/1564/23
f 1337/1515/23 1336/1514/23 1538/1564/23
f 1450/1376/23 1449/1392/23 1454/1391/23
f 1441/1396/23 1452/1378/23 1451/1377/23
f 1442/1539/23 1441/1396/23 1504/1418/23
f 1441/1396/23 1451/1377/23 1504/1418/23
f 1439/1371/23 1444/1373/23 1443/1540/23
f 1440/1372/23 1439/1371/23 1443/1540/23
f 1478/1409/23 1477/1548/23 1474/1398/23
f 1477/1548/23 1440/1372/23 1474/1398/23
f 1474/1398/23 1473/1407/23 1478/1409/23
f 1514/1423/23 1475/1399/23 1474/1398/23
f 1505/1425/23 1516/1424/23 1474/1398/23
f 1516/1424/23 1515/1559/23 1474/1398/23
f 1515/1559/23 1514/1423/23 1474/1398/23
f 1474/1398/23 1440/1372/23 1506/1557/23
f 1440/1372/23 1443/1540/23 1506/1557/23
f 1506/1557/23 1505/1425/23 1474/1398/23
f 1345/1300/23 1344/1299/23 1379/1524/23
f 1378/1328/23 1377/1330/23 1365/1521/23
f 1377/1330/23 1366/1321/23 1365/1521/23
f 1345/1300/23 1379/1524/23 1378/1328/23
f 1336/1514/23 1345/1300/23 1365/1521/23
f 1345/1300/23 1378/1328/23 1365/1521/23
f 1365/1521/23 1370/1323/23 1531/1562/23
f 1536/1442/23 1535/1454/23 1540/1443/23
f 1365/1521/23 1531/1562/23 1536/1442/23
f 1503/1429/23 1508/1419/23 1507/1558/23
f 1507/1558/23 1506/1557/23 1443/1540/23
f 1507/1558/23 1443/1540/23 1442/1539/23
f 1504/1418/23 1503/1429/23 1442/1539/23
f 1503/1429/23 1507/1558/23 1442/1539/23
f 1526/1436/23 1499/1555/23 1504/1418/23
f 1545/1453/23 1522/1452/23 1521/1560/23
f 1521/1560/23 1526/1436/23 1504/1418/23
f 1545/1453/23 1521/1560/23 1504/1418/23
f 1546/1447/23 1545/1453/23 1451/1377/23
f 1545/1453/23 1504/1418/23 1451/1377/23
f 1336/1514/23 1365/1521/23 1536/1442/23
f 1536/1442/23 1540/1443/23 1336/1514/23
f 1540/1443/23 1539/1565/23 1336/1514/23
f 1538/1564/23 1537/1449/23 1548/1448/23
f 1538/1564/23 1548/1448/23 1547/1475/23
f 1336/1514/23 1539/1565/23 1538/1564/23
f 1547/1475/23 1546/1447/23 1450/1376/23
f 1546/1447/23 1451/1377/23 1450/1376/23
f 1538/1564/23 1547/1475/23 1454/1391/23
f 1422/1355/23 1275/1496/23 1280/1258/23
f 1280/1258/23 1279/1257/23 1284/1259/23
f 1280/1258/23 1284/1259/23 1283/1499/23
f 1417/1535/23 1422/1355/23 1280/1258/23
f 1413/1363/23 1418/1353/23 1417/1535/23
f 1414/1351/23 1413/1363/23 1417/1535/23
f 1417/1535/23 1280/1258/23 1283/1499/23
f 1282/1498/23 1281/1278/23 1292/1263/23
f 1414/1351/23 1417/1535/23 1469/1386/23
f 1417/1535/23 1283/1499/23 1469/1386/23
f 1282/1498/23 1292/1263/23 1329/1513/23
f 1292/1263/23 1291/1262/23 1329/1513/23
f 1405/1367/23 1416/1352/23 1415/1476/23
f 1484/1550/23 1407/1534/23 1406/1347/23
f 1406/1347/23 1405/1367/23 1415/1476/23
f 1290/1500/23 1289/1275/23 1294/1267/23
f 1293/1501/23 1298/1266/23 1311/1507/23
f 1290/1500/23 1294/1267/23 1293/1501/23
f 1293/1501/23 1311/1507/23 1316/1283/23
f 1316/1283/23 1315/1282/23 1319/1510/23
f 1315/1282/23 1320/1292/23 1319/1510/23
f 1319/1510/23 1318/1286/23 1355/1519/23
f 1290/1500/23 1293/1501/23 1319/1510/23
f 1293/1501/23 1316/1283/23 1319/1510/23
f 1319/1510/23 1355/1519/23 1354/1518/23
f 1354/1518/23 1353/1312/23 1364/1309/23
f 1354/1518/23 1364/1309/23 1290/1500/23
f 1364/1309/23 1363/1308/23 1290/1500/23
f 1290/1500/23 1319/1510/23 1354/1518/23
f 1362/1520/23 1361/1316/23 1330/1317/23
f 1290/1500/23 1363/1308/23 1362/1520/23
f 1291/1262/23 1290/1500/23 1362/1520/23
f 1362/1520/23 1330/1317/23 1291/1262/23
f 1330/1317/23 1329/1513/23 1291/1262/23
f 1329/1513/23 1334/1295/23 1453/1541/23
f 1458/1381/23 1457/1380/23 1462/1382/23
f 1329/1513/23 1453/1541/23 1458/1381/23
f 1329/1513/23 1458/1381/23 1461/1544/23
f 1458/1381/23 1462/1382/23 1461/1544/23
f 1485/1551/23 1484/1550/23 1406/1347/23
f 1481/1402/23 1486/1404/23 1485/1551/23
f 1440/1372/23 1477/1548/23 1482/1403/23
f 1482/1403/23 1481/1402/23 1485/1551/23
f 1485/1551/23 1406/1347/23 1482/1403/23
f 1406/1347/23 1415/1476/23 1482/1403/23
f 1282/1498/23 1329/1513/23 1461/1544/23
f 1460/1543/23 1459/1389/23 1470/1387/23
f 1282/1498/23 1461/1544/23 1460/1543/23
f 1435/1538/23 1440/1372/23 1482/1403/23
f 1467/1394/23 1436/1395/23 1468/1385/23
f 1436/1395/23 1435/1538/23 1468/1385/23
f 1435/1538/23 1482/1403/23 1415/1476/23
f 1283/1499/23 1282/1498/23 1460/1543/23
f 1460/1543/23 1470/1387/23 1283/1499/23
f 1470/1387/23 1469/1386/23 1283/1499/23
f 1468/1385/23 1435/1538/23 1415/1476/23
f 1469/1386/23 1468/1385/23 1415/1476/23
f 1571/1477/23 1570/1471/23 1229/1478/23
f 1203/1483/24 1204/1224/24 1236/1487/24
f 1204/1224/24 1235/1223/24 1236/1487/24
f 1236/1487/24 1237/1215/24 1558/1567/24
f 1212/1226/24 1207/1201/24 1211/1484/24
f 1207/1201/24 1208/1202/24 1211/1484/24
f 1220/1208/24 1209/1227/24 1219/1207/24
f 1209/1227/24 1210/1205/24 1219/1207/24
f 1327/1287/24 1218/1206/24 1326/1512/24
f 1218/1206/24 1219/1207/24 1326/1512/24
f 1312/1290/24 1325/1291/24 1326/1512/24
f 1326/1512/24 1219/1207/24 1210/1205/24
f 1311/1507/24 1312/1290/24 1326/1512/24
f 1297/1265/24 1298/1266/24 1301/1505/24
f 1298/1266/24 1311/1507/24 1301/1505/24
f 1301/1505/24 1302/1268/24 1297/1265/24
f 1310/1272/24 1299/1274/24 1300/1504/24
f 1309/1271/24 1310/1272/24 1208/1202/24
f 1310/1272/24 1300/1504/24 1208/1202/24
f 1301/1505/24 1311/1507/24 1210/1205/24
f 1311/1507/24 1326/1512/24 1210/1205/24
f 1301/1505/24 1210/1205/24 1211/1484/24
f 1300/1504/24 1301/1505/24 1211/1484/24
f 1300/1504/24 1211/1484/24 1208/1202/24
f 1276/1276/24 1307/1277/24 1308/1506/24
f 1422/1355/24 1275/1496/24 1308/1506/24
f 1275/1496/24 1276/1276/24 1308/1506/24
f 1426/1356/24 1421/1365/24 1422/1355/24
f 1425/1482/24 1426/1356/24 1422/1355/24
f 1236/1487/24 1558/1567/24 1559/1463/24
f 1559/1463/24 1560/1464/24 1565/1469/24
f 1567/1470/24 1568/1569/24 1264/1493/24
f 1559/1463/24 1565/1469/24 1203/1483/24
f 1565/1469/24 1567/1470/24 1203/1483/24
f 1203/1483/24 1236/1487/24 1559/1463/24
f 1425/1482/24 1422/1355/24 1246/1489/24
f 1422/1355/24 1308/1506/24 1246/1489/24
f 1434/1361/24 1423/1362/24 1424/1481/24
f 1567/1470/24 1264/1493/24 1265/1494/24
f 1265/1494/24 1266/1241/24 1261/1238/24
f 1265/1494/24 1261/1238/24 1262/1239/24
f 1203/1483/24 1567/1470/24 1262/1239/24
f 1567/1470/24 1265/1494/24 1262/1239/24
f 1433/1537/24 1434/1361/24 1424/1481/24
f 1385/1333/24 1432/1360/24 1384/1332/24
f 1432/1360/24 1433/1537/24 1384/1332/24
f 1388/1343/24 1383/1341/24 1384/1332/24
f 1384/1332/24 1433/1537/24 1387/1527/24
f 1433/1537/24 1424/1481/24 1387/1527/24
f 1387/1527/24 1388/1343/24 1384/1332/24
f 1396/1338/24 1391/1336/24 1395/1530/24
f 1391/1336/24 1392/1337/24 1395/1530/24
f 1257/1490/24 1258/1240/24 1253/1250/24
f 1203/1483/24 1262/1239/24 1257/1490/24
f 1564/1568/24 1394/1529/24 1563/1467/24
f 1394/1529/24 1395/1530/24 1563/1467/24
f 1556/1461/24 1561/1466/24 1563/1467/24
f 1563/1467/24 1395/1530/24 1392/1337/24
f 1555/1460/24 1556/1461/24 1392/1337/24
f 1556/1461/24 1563/1467/24 1392/1337/24
f 1273/1245/24 1554/1566/24 1272/1244/24
f 1554/1566/24 1555/1460/24 1272/1244/24
f 1240/1253/24 1271/1252/24 1272/1244/24
f 1208/1202/24 1203/1483/24 1257/1490/24
f 1257/1490/24 1253/1250/24 1254/1235/24
f 1255/1236/24 1256/1237/24 1245/1254/24
f 1208/1202/24 1257/1490/24 1309/1271/24
f 1257/1490/24 1254/1235/24 1309/1271/24
f 1255/1236/24 1245/1254/24 1308/1506/24
f 1245/1254/24 1246/1489/24 1308/1506/24
f 1309/1271/24 1254/1235/24 1255/1236/24
f 1272/1244/24 1555/1460/24 1239/1488/24
f 1555/1460/24 1392/1337/24 1239/1488/24
f 1239/1488/24 1240/1253/24 1272/1244/24
f 1248/1232/24 1243/1230/24 1247/1480/24
f 1243/1230/24 1244/1231/24 1247/1480/24
f 1244/1231/24 1239/1488/24 1392/1337/24
f 1308/1506/24 1309/1271/24 1255/1236/24
f 1244/1231/24 1392/1337/24 1387/1527/24
f 1247/1480/24 1244/1231/24 1424/1481/24
f 1244/1231/24 1387/1527/24 1424/1481/24
f 1425/1482/24 1246/1489/24 1247/1480/24
f 1518/1426/23 1517/1427/23 1520/1431/23
f 1569/1473/23 1226/1210/23 1225/1209/23
f 1225/1209/23 1230/1212/23 1229/1478/23
f 1229/1478/23 1570/1471/23 1225/1209/23
o path.corridor.001
v -353.378967 -5.000167 -203.096085
v -349.919006 -5.000167 -197.103302
v -348.624146 -5.000167 -197.850891
v -348.624146 -5.000167 -200.350891
v -334.539215 -5.000167 -195.105698
v -337.999146 -5.000167 -201.098495
v -339.294006 -5.000167 -200.350891
v -339.294006 -5.000167 -197.850891
v -339.249146 -5.000167 -203.263550
v -340.544006 -5.000167 -202.515961
v -347.374146 -5.000167 -195.685837
v -348.669006 -5.000167 -194.938232
v -332.039215 -5.000166 -190.775574
v -340.544006 -5.000167 -195.685837
v -347.374146 -5.000167 -202.515961
v -355.878967 -5.000168 -207.426208
v -358.044006 -5.000168 -211.176208
v -350.930786 -5.000168 -211.176208
v -343.817535 -5.000168 -211.176208
v -342.709076 -5.000168 -209.256332
v -342.709076 -5.000167 -203.765961
v -345.209076 -5.000167 -203.765961
v -345.209076 -5.000167 -194.435837
v -342.709076 -5.000167 -194.435837
v -326.459076 -5.000165 -172.785202
v -333.378967 -5.000165 -172.785202
v -328.624146 -5.000165 -170.040009
v -326.459076 -5.000165 -171.290009
v -323.959076 -5.000164 -160.464691
v -317.039215 -5.000164 -160.464691
v -321.794006 -5.000165 -163.209885
v -323.959076 -5.000165 -161.959885
v -323.959076 -5.000165 -171.290009
v -323.959076 -5.000165 -172.785202
v -329.874146 -5.000165 -167.874939
v -329.874146 -5.000165 -165.374939
v -328.624146 -5.000165 -163.209885
v -326.459076 -5.000165 -161.959885
v -320.544006 -5.000165 -165.374939
v -320.544006 -5.000165 -167.874939
v -321.794006 -5.000165 -170.040009
v -345.209076 -5.000166 -188.945450
v -342.709076 -5.000166 -184.615326
v -340.544006 -5.000166 -180.865326
v -329.874146 -5.000166 -187.025574
v -326.459076 -5.000164 -160.464691
v -334.628967 -5.000165 -170.620132
v -331.169006 -5.000165 -164.627350
v -315.789185 -5.000165 -162.629745
v -319.249146 -5.000165 -168.622543
v -320.499146 -5.000165 -170.787598
v -329.919006 -5.000165 -162.462296
v -328.765717 -5.000164 -160.464691
v -335.878967 -5.000165 -172.785202
v -321.652466 -5.000165 -172.785202
v -328.624146 -5.000166 -184.860519
v -339.294006 -5.000165 -178.700256
v -314.539215 -5.000164 -160.464691
v -307.709076 -5.000164 -160.464691
v -307.709076 -5.000165 -166.624939
v -307.709076 -5.000165 -172.785202
vt 0.000000 0.000000
vt 0.000000 0.000000
vt 0.000000 0.000000
vt 0.000000 0.000000
vt 0.000000 0.000000
vt 0.000000 0.000000
vt 0.000000 0.000000
vt 0.000000 0.000000
vt 0.000000 0.000000
vt 0.000000 0.000000
vt 0.000000 0.000000
vt 0.000000 0.000000
vt 0.000000 0.000000
vt 0.000000 0.000000
vt 0.000000 0.000000
vt 0.000000 0.000000
vt 0.000000 0.000000
vt 0.000000 0.000000
vt 0.000000 0.000000
vt 0.000000 0.000000
vt 0.000000 0.000000
vt 0.000000 0.000000
vt 0.000000 0.000000
vt 0.000000 0.000000
vt 0.000000 0.000000
vt 0.000000 0.000000
vt 0.000000 0.000000
vt 0.000000 0.000000
vt 0.000000 0.000000
vt 0.000000 0.000000
vt 0.000000 0.000000
vt 0.000000 0.000000
vt 0.000000 0.000000
vt 0.000000 0.000000
vt 0.000000 0.000000
vt 0.000000 0.000000
vt 0.000000 0.000000
vt 0.000000 0.000000
vt 0.000000 0.000000
vt 0.000000 0.000000
vt 0.000000 0.000000
vt 0.000000 0.000000
vt 0.000000 0.000000
vt 0.000000 0.000000
vt 0.000000 0.000000
vt 0.000000 0.000000
vt 0.000000 0.000000
vt 0.000000 0.000000
vt 0.000000 0.000000
vt 0.000000 0.000000
vt 0.000000 0.000000
vt 0.000000 0.000000
vt 0.000000 0.000000
vt 0.000000 0.000000
vt 0.000000 0.000000
vt 0.000000 0.000000
vt 0.000000 0.000000
vt 0.000000 0.000000
vt 0.000000 0.000000
vt 0.000000 0.000000
vt 0.000000 0.000000
vn -0.0000 1.0000 -0.0000
vn 0.0000 -1.0000 0.0000
usemtl Default_OBJ
s 1
f 1574/1570/25 1576/1571/25 1573/1572/25
f 1578/1573/25 1580/1574/25 1577/1575/25
f 1582/1576/25 1578/1573/25 1581/1577/25
f 1574/1570/26 1583/1578/26 1584/1579/26
f 1586/1580/26 1577/1575/26 1585/1581/26
f 1592/1582/26 1593/1583/26 1594/1584/26
f 1593/1583/25 1587/1585/25 1595/1586/25
f 1597/1587/25 1599/1588/25 1600/1589/25
f 1601/1590/25 1603/1591/25 1604/1592/25
f 1600/1589/25 1606/1593/25 1597/1587/25
f 1605/1594/25 1599/1588/25 1610/1595/25
f 1587/1585/26 1573/1572/26 1588/1596/26
f 1595/1586/25 1584/1579/25 1614/1597/25
f 1596/1598/25 1614/1597/25 1615/1599/25
f 1593/1583/25 1581/1577/25 1592/1582/25
f 1586/1580/25 1596/1598/25 1615/1599/25
f 1610/1595/25 1601/1590/25 1604/1592/25
f 1620/1600/25 1607/1601/25 1619/1602/25
f 1622/1603/25 1611/1604/25 1621/1605/25
f 1613/1606/25 1622/1603/25 1623/1607/25
f 1608/1608/26 1624/1609/26 1620/1600/26
f 1609/1610/25 1625/1611/25 1610/1595/25
f 1606/1593/25 1628/1612/25 1597/1587/25
f 1619/1602/25 1607/1601/25 1599/1588/25
f 1613/1606/25 1623/1607/25 1627/1613/25
f 1611/1604/25 1602/1614/25 1621/1605/25
f 1622/1603/25 1621/1605/25 1632/1615/25
f 1616/1616/25 1628/1612/25 1617/1617/25
f 1574/1570/25 1575/1618/25 1576/1571/25
f 1578/1573/25 1579/1619/25 1580/1574/25
f 1582/1576/25 1579/1619/25 1578/1573/25
f 1574/1570/26 1575/1618/26 1583/1578/26
f 1586/1580/26 1580/1574/26 1577/1575/26
f 1594/1584/26 1587/1585/26 1590/1620/26
f 1587/1585/26 1588/1596/26 1590/1620/26
f 1588/1596/26 1589/1621/26 1590/1620/26
f 1590/1620/26 1591/1622/26 1594/1584/26
f 1591/1622/26 1592/1582/26 1594/1584/26
f 1587/1585/25 1576/1571/25 1595/1586/25
f 1576/1571/25 1575/1618/25 1595/1586/25
f 1575/1618/25 1583/1578/25 1595/1586/25
f 1595/1586/25 1596/1598/25 1579/1619/25
f 1596/1598/25 1586/1580/25 1579/1619/25
f 1586/1580/25 1580/1574/25 1579/1619/25
f 1579/1619/25 1582/1576/25 1593/1583/25
f 1593/1583/25 1594/1584/25 1587/1585/25
f 1579/1619/25 1593/1583/25 1595/1586/25
f 1597/1587/25 1598/1623/25 1599/1588/25
f 1601/1590/25 1602/1614/25 1603/1591/25
f 1600/1589/25 1605/1594/25 1606/1593/25
f 1599/1588/25 1607/1601/25 1610/1595/25
f 1607/1601/25 1608/1608/25 1610/1595/25
f 1608/1608/25 1609/1610/25 1610/1595/25
f 1610/1595/25 1604/1592/25 1612/1624/25
f 1604/1592/25 1603/1591/25 1612/1624/25
f 1603/1591/25 1611/1604/25 1612/1624/25
f 1612/1624/25 1613/1606/25 1605/1594/25
f 1605/1594/25 1600/1589/25 1599/1588/25
f 1612/1624/25 1605/1594/25 1610/1595/25
f 1587/1585/26 1576/1571/26 1573/1572/26
f 1595/1586/25 1583/1578/25 1584/1579/25
f 1596/1598/25 1595/1586/25 1614/1597/25
f 1593/1583/25 1582/1576/25 1581/1577/25
f 1615/1599/25 1616/1616/25 1617/1617/25
f 1617/1617/25 1585/1581/25 1615/1599/25
f 1585/1581/25 1586/1580/25 1615/1599/25
f 1610/1595/25 1618/1625/25 1601/1590/25
f 1620/1600/25 1608/1608/25 1607/1601/25
f 1622/1603/25 1612/1624/25 1611/1604/25
f 1613/1606/25 1612/1624/25 1622/1603/25
f 1608/1608/26 1609/1610/26 1624/1609/26
f 1624/1609/25 1625/1611/25 1609/1610/25
f 1625/1611/25 1618/1625/25 1610/1595/25
f 1629/1626/25 1626/1627/25 1598/1623/25
f 1629/1626/25 1598/1623/25 1628/1612/25
f 1598/1623/25 1597/1587/25 1628/1612/25
f 1627/1613/25 1628/1612/25 1606/1593/25
f 1599/1588/25 1598/1623/25 1619/1602/25
f 1598/1623/25 1626/1627/25 1619/1602/25
f 1606/1593/25 1605/1594/25 1627/1613/25
f 1605/1594/25 1613/1606/25 1627/1613/25
f 1603/1591/25 1602/1614/25 1611/1604/25
f 1602/1614/25 1630/1628/25 1621/1605/25
f 1630/1628/25 1631/1629/25 1632/1615/25
f 1632/1615/25 1633/1630/25 1622/1603/25
f 1633/1630/25 1627/1613/25 1623/1607/25
f 1622/1603/25 1633/1630/25 1623/1607/25
f 1621/1605/25 1630/1628/25 1632/1615/25
f 1616/1616/25 1629/1626/25 1628/1612/25
o path.observation.large
v -211.459106 -0.000003 -41.584938
v 21.895824 -0.000003 -41.584938
v 21.895824 -0.000006 -76.635803
v -211.459106 -0.000006 -76.635803
v 66.447083 -0.000006 -76.635803
v 66.447083 -0.000005 -67.306633
vt 1.000000 0.000000
vt 0.000000 1.000000
vt 0.000000 0.000000
vt 1.000000 1.000000
vt 0.000000 0.000000
vt 0.000000 0.000000
vn 0.0000 1.0000 -0.0000
usemtl Default_OBJ
s 1
f 1635/1631/27 1637/1632/27 1634/1633/27
f 1636/1634/27 1639/1635/27 1638/1636/27
f 1635/1631/27 1636/1634/27 1637/1632/27
f 1636/1634/27 1635/1631/27 1639/1635/27
o path.laboratory
v -214.866684 -5.000174 -288.676208
v -213.616684 -5.000174 -290.841278
v -219.776947 -5.000175 -301.511139
v -222.276947 -5.000175 -301.511139
v -228.437210 -5.000174 -290.841278
v -227.187210 -5.000174 -288.676208
v -238.012527 -5.000175 -304.926208
v -239.262527 -5.000175 -302.761139
v -233.102264 -5.000174 -292.091278
v -230.602264 -5.000174 -292.091278
v -224.442001 -5.000175 -302.761139
v -225.692017 -5.000175 -304.926208
v -225.692001 -5.000175 -307.426208
v -224.442001 -5.000175 -309.591278
v -230.602264 -5.000176 -320.261139
v -233.102264 -5.000176 -320.261139
v -239.262527 -5.000175 -309.591278
v -238.012527 -5.000175 -307.426208
v -227.187210 -5.000176 -323.676208
v -228.437210 -5.000176 -321.511139
v -222.276947 -5.000175 -310.841278
v -219.776947 -5.000175 -310.841278
v -213.616684 -5.000176 -321.511139
v -214.866684 -5.000176 -323.676208
v -204.041367 -5.000175 -307.426208
v -202.791367 -5.000175 -309.591278
v -208.951630 -5.000176 -320.261139
v -211.451630 -5.000176 -320.261139
v -217.611893 -5.000175 -309.591278
v -216.361893 -5.000175 -307.426208
v -216.361893 -5.000175 -304.926208
v -217.611893 -5.000175 -302.761139
v -211.451630 -5.000174 -292.091278
v -208.951630 -5.000174 -292.091278
v -202.791367 -5.000175 -302.761139
v -204.041367 -5.000175 -304.926208
v -214.866684 -5.000171 -251.176208
v -213.616684 -5.000171 -253.341278
v -219.776947 -5.000172 -264.011139
v -222.276947 -5.000172 -264.011139
v -228.437210 -5.000171 -253.341278
v -227.187210 -5.000171 -251.176208
v -238.012527 -5.000172 -267.426208
v -239.262527 -5.000172 -265.261139
v -233.102264 -5.000171 -254.591278
v -230.602264 -5.000171 -254.591278
v -224.442001 -5.000172 -265.261139
v -225.692017 -5.000172 -267.426208
v -225.692001 -5.000173 -269.926208
v -224.442001 -5.000173 -272.091278
v -230.602264 -5.000174 -282.761139
v -233.102264 -5.000174 -282.761139
v -239.262527 -5.000173 -272.091278
v -238.012527 -5.000173 -269.926208
v -227.187210 -5.000174 -286.176208
v -228.437210 -5.000174 -284.011139
v -222.276947 -5.000173 -273.341278
v -219.776947 -5.000173 -273.341278
v -213.616684 -5.000174 -284.011139
v -214.866684 -5.000174 -286.176208
v -204.041367 -5.000173 -269.926208
v -202.791367 -5.000173 -272.091278
v -208.951630 -5.000174 -282.761139
v -211.451630 -5.000174 -282.761139
v -217.611893 -5.000173 -272.091278
v -216.361893 -5.000173 -269.926208
v -216.361893 -5.000172 -267.426208
v -217.611893 -5.000172 -265.261139
v -211.451630 -5.000171 -254.591278
v -208.951630 -5.000171 -254.591278
v -202.791367 -5.000172 -265.261139
v -204.041367 -5.000172 -267.426208
v -247.342651 -7.000173 -269.926208
v -246.092651 -7.000173 -272.091278
v -252.252899 -7.000174 -282.761139
v -254.752899 -7.000174 -282.761139
v -260.913147 -7.000173 -272.091278
v -259.663147 -7.000173 -269.926208
v -270.488464 -7.000174 -286.176208
v -271.738464 -7.000174 -284.011139
v -265.578217 -7.000173 -273.341278
v -263.078217 -7.000173 -273.341278
v -256.917969 -7.000174 -284.011139
v -258.167969 -7.000174 -286.176208
v -258.167969 -7.000174 -288.676208
v -256.917969 -7.000174 -290.841278
v -263.078217 -7.000175 -301.511139
v -265.578217 -7.000175 -301.511139
v -271.738464 -7.000174 -290.841278
v -270.488464 -7.000174 -288.676208
v -259.663147 -7.000175 -304.926208
v -260.913147 -7.000175 -302.761139
v -254.752899 -7.000174 -292.091278
v -252.252899 -7.000174 -292.091278
v -246.092651 -7.000175 -302.761139
v -247.342651 -7.000175 -304.926208
v -236.517319 -7.000174 -288.676208
v -235.267319 -7.000174 -290.841278
v -241.427582 -7.000175 -301.511139
v -243.927582 -7.000175 -301.511139
v -250.087830 -7.000174 -290.841278
v -248.837830 -7.000174 -288.676208
v -248.837845 -7.000174 -286.176208
v -250.087830 -7.000174 -284.011139
v -243.927582 -7.000173 -273.341278
v -241.427582 -7.000173 -273.341278
v -235.267319 -7.000174 -284.011139
v -236.517319 -7.000174 -286.176208
v -247.342651 -5.000175 -307.426208
v -246.092651 -5.000175 -309.591278
v -252.252899 -5.000176 -320.261139
v -254.752899 -5.000176 -320.261139
v -260.913147 -5.000175 -309.591278
v -259.663147 -5.000175 -307.426208
v -270.488464 -5.000176 -323.676208
v -271.738464 -5.000176 -321.511139
v -265.578217 -5.000175 -310.841278
v -263.078217 -5.000175 -310.841278
v -256.917969 -5.000176 -321.511139
v -258.167969 -5.000176 -323.676208
v -258.167969 -5.000177 -326.176208
v -256.917969 -5.000177 -328.341278
v -263.078217 -5.000178 -339.011139
v -265.578217 -5.000178 -339.011139
v -271.738464 -5.000177 -328.341278
v -270.488464 -5.000177 -326.176208
v -259.663147 -5.000178 -342.426208
v -260.913147 -5.000178 -340.261139
v -254.752899 -5.000177 -329.591278
v -252.252899 -5.000177 -329.591278
v -246.092651 -5.000178 -340.261139
v -247.342651 -5.000178 -342.426208
v -236.517319 -5.000177 -326.176208
v -235.267319 -5.000177 -328.341278
v -241.427582 -5.000178 -339.011139
v -243.927582 -5.000178 -339.011139
v -250.087830 -5.000177 -328.341278
v -248.837830 -5.000177 -326.176208
v -248.837845 -5.000176 -323.676208
v -250.087830 -5.000176 -321.511139
v -243.927582 -5.000175 -310.841278
v -241.427582 -5.000175 -310.841278
v -235.267319 -5.000176 -321.511139
v -236.517319 -5.000176 -323.676208
v -214.866684 -5.000168 -213.676208
v -213.616684 -5.000168 -215.841278
v -219.776947 -5.000169 -226.511139
v -222.276947 -5.000169 -226.511139
v -228.437210 -5.000168 -215.841278
v -227.187210 -5.000168 -213.676208
v -238.012527 -5.000169 -229.926208
v -239.262527 -5.000169 -227.761139
v -233.102264 -5.000168 -217.091278
v -230.602264 -5.000168 -217.091278
v -224.442001 -5.000169 -227.761139
v -225.692017 -5.000169 -229.926208
v -225.692001 -5.000170 -232.426208
v -224.442001 -5.000170 -234.591278
v -230.602264 -5.000171 -245.261139
v -233.102264 -5.000171 -245.261139
v -239.262527 -5.000170 -234.591278
v -238.012527 -5.000170 -232.426208
v -227.187210 -5.000171 -248.676208
v -228.437210 -5.000171 -246.511139
v -222.276947 -5.000170 -235.841278
v -219.776947 -5.000170 -235.841278
v -213.616684 -5.000171 -246.511139
v -214.866684 -5.000171 -248.676208
v -204.041367 -5.000170 -232.426208
v -202.791367 -5.000170 -234.591278
v -208.951630 -5.000171 -245.261139
v -211.451630 -5.000171 -245.261139
v -217.611893 -5.000170 -234.591278
v -216.361893 -5.000170 -232.426208
v -216.361893 -5.000169 -229.926208
v -217.611893 -5.000169 -227.761139
v -211.451630 -5.000168 -217.091278
v -208.951630 -5.000168 -217.091278
v -202.791367 -5.000169 -227.761139
v -204.041367 -5.000169 -229.926208
v -247.342651 -7.000170 -232.426208
v -246.092651 -7.000170 -234.591278
v -252.252899 -7.000171 -245.261139
v -254.752899 -7.000171 -245.261139
v -260.913147 -7.000170 -234.591278
v -259.663147 -7.000170 -232.426208
v -270.488464 -7.000171 -248.676208
v -271.738464 -7.000171 -246.511139
v -265.578217 -7.000170 -235.841278
v -263.078217 -7.000170 -235.841278
v -256.917969 -7.000171 -246.511139
v -258.167969 -7.000171 -248.676208
v -258.167969 -7.000171 -251.176208
v -256.917969 -7.000171 -253.341278
v -263.078217 -7.000172 -264.011139
v -265.578217 -7.000172 -264.011139
v -271.738464 -7.000171 -253.341278
v -270.488464 -7.000171 -251.176208
v -259.663147 -7.000172 -267.426208
v -260.913147 -7.000172 -265.261139
v -254.752899 -7.000171 -254.591278
v -252.252899 -7.000171 -254.591278
v -246.092651 -7.000172 -265.261139
v -247.342651 -7.000172 -267.426208
v -236.517319 -7.000171 -251.176208
v -235.267319 -7.000171 -253.341278
v -241.427582 -7.000172 -264.011139
v -243.927582 -7.000172 -264.011139
v -250.087830 -7.000171 -253.341278
v -248.837830 -7.000171 -251.176208
v -248.837845 -7.000171 -248.676208
v -250.087830 -7.000171 -246.511139
v -243.927582 -7.000170 -235.841278
v -241.427582 -7.000170 -235.841278
v -235.267319 -7.000171 -246.511139
v -236.517319 -7.000171 -248.676208
v -279.818604 -7.000174 -288.676208
v -278.568604 -7.000174 -290.841278
v -284.728882 -7.000175 -301.511139
v -287.228882 -7.000175 -301.511139
v -293.389160 -7.000174 -290.841278
v -292.139160 -7.000174 -288.676208
v -302.964478 -7.000175 -304.926208
v -304.214478 -7.000175 -302.761139
v -298.054199 -7.000174 -292.091278
v -295.554199 -7.000174 -292.091278
v -289.393921 -7.000175 -302.761139
v -290.643951 -7.000175 -304.926208
v -290.643921 -7.000175 -307.426208
v -289.393921 -7.000175 -309.591278
v -295.554199 -7.000176 -320.261139
v -298.054199 -7.000176 -320.261139
v -304.214478 -7.000175 -309.591278
v -302.964478 -7.000175 -307.426208
v -292.139160 -7.000176 -323.676208
v -293.389160 -7.000176 -321.511139
v -287.228882 -7.000175 -310.841278
v -284.728882 -7.000175 -310.841278
v -278.568604 -7.000176 -321.511139
v -279.818604 -7.000176 -323.676208
v -268.993286 -7.000175 -307.426208
v -267.743286 -7.000175 -309.591278
v -273.903564 -7.000176 -320.261139
v -276.403564 -7.000176 -320.261139
v -282.563843 -7.000175 -309.591278
v -281.313843 -7.000175 -307.426208
v -281.313843 -7.000175 -304.926208
v -282.563843 -7.000175 -302.761139
v -276.403564 -7.000174 -292.091278
v -273.903564 -7.000174 -292.091278
v -267.743286 -7.000175 -302.761139
v -268.993286 -7.000175 -304.926208
v -279.818604 -9.000171 -251.176208
v -278.568604 -9.000171 -253.341278
v -284.728882 -9.000172 -264.011139
v -287.228882 -9.000172 -264.011139
v -293.389160 -9.000171 -253.341278
v -292.139160 -9.000171 -251.176208
v -302.964478 -9.000172 -267.426208
v -304.214478 -9.000172 -265.261139
v -298.054199 -9.000171 -254.591278
v -295.554199 -9.000171 -254.591278
v -289.393921 -9.000172 -265.261139
v -290.643951 -9.000172 -267.426208
v -290.643921 -9.000172 -269.926208
v -289.393921 -9.000173 -272.091278
v -295.554199 -9.000173 -282.761139
v -298.054199 -9.000173 -282.761139
v -304.214478 -9.000173 -272.091278
v -302.964478 -9.000172 -269.926208
v -292.139160 -9.000174 -286.176208
v -293.389160 -9.000173 -284.011139
v -287.228882 -9.000173 -273.341278
v -284.728882 -9.000173 -273.341278
v -278.568604 -9.000173 -284.011139
v -279.818604 -9.000174 -286.176208
v -268.993286 -9.000172 -269.926208
v -267.743286 -9.000173 -272.091278
v -273.903564 -9.000173 -282.761139
v -276.403564 -9.000173 -282.761139
v -282.563843 -9.000173 -272.091278
v -281.313843 -9.000172 -269.926208
v -281.313843 -9.000172 -267.426208
v -282.563843 -9.000172 -265.261139
v -276.403564 -9.000171 -254.591278
v -273.903564 -9.000171 -254.591278
v -267.743286 -9.000172 -265.261139
v -268.993286 -9.000172 -267.426208
v -312.294586 -7.000173 -269.926208
v -311.044586 -7.000173 -272.091278
v -317.204834 -7.000174 -282.761139
v -319.704834 -7.000174 -282.761139
v -325.865112 -7.000173 -272.091278
v -324.615112 -7.000173 -269.926208
v -335.440430 -7.000174 -286.176208
v -336.690430 -7.000174 -284.011139
v -330.530151 -7.000173 -273.341278
v -328.030151 -7.000173 -273.341278
v -321.869904 -7.000174 -284.011139
v -323.119904 -7.000174 -286.176208
v -323.119873 -7.000174 -288.676208
v -321.869904 -7.000174 -290.841278
v -328.030151 -7.000175 -301.511139
v -330.530151 -7.000175 -301.511139
v -336.690430 -7.000174 -290.841278
v -335.440430 -7.000174 -288.676208
v -324.615112 -7.000175 -304.926208
v -325.865112 -7.000175 -302.761139
v -319.704834 -7.000174 -292.091278
v -317.204834 -7.000174 -292.091278
v -311.044586 -7.000175 -302.761139
v -312.294586 -7.000175 -304.926208
v -301.469238 -7.000174 -288.676208
v -300.219238 -7.000174 -290.841278
v -306.379517 -7.000175 -301.511139
v -308.879517 -7.000175 -301.511139
v -315.039764 -7.000174 -290.841278
v -313.789764 -7.000174 -288.676208
v -313.789795 -7.000174 -286.176208
v -315.039764 -7.000174 -284.011139
v -308.879517 -7.000173 -273.341278
v -306.379517 -7.000173 -273.341278
v -300.219238 -7.000174 -284.011139
v -301.469238 -7.000174 -286.176208
v -312.294586 -5.000175 -307.426208
v -311.044586 -5.000175 -309.591278
v -317.204834 -5.000176 -320.261139
v -319.704834 -5.000176 -320.261139
v -325.865112 -5.000175 -309.591278
v -324.615112 -5.000175 -307.426208
v -335.440430 -5.000176 -323.676208
v -336.690430 -5.000176 -321.511139
v -330.530151 -5.000175 -310.841278
v -328.030151 -5.000175 -310.841278
v -321.869904 -5.000176 -321.511139
v -323.119904 -5.000176 -323.676208
v -323.119873 -5.000177 -326.176208
v -321.869904 -5.000177 -328.341278
v -328.030151 -5.000178 -339.011139
v -330.530151 -5.000178 -339.011139
v -336.690430 -5.000177 -328.341278
v -335.440430 -5.000177 -326.176208
v -324.615112 -5.000178 -342.426208
v -325.865112 -5.000178 -340.261139
v -319.704834 -5.000177 -329.591278
v -317.204834 -5.000177 -329.591278
v -311.044586 -5.000178 -340.261139
v -312.294586 -5.000178 -342.426208
v -301.469238 -5.000177 -326.176208
v -300.219238 -5.000177 -328.341278
v -306.379517 -5.000178 -339.011139
v -308.879517 -5.000178 -339.011139
v -315.039764 -5.000177 -328.341278
v -313.789764 -5.000177 -326.176208
v -313.789795 -5.000176 -323.676208
v -315.039764 -5.000176 -321.511139
v -308.879517 -5.000175 -310.841278
v -306.379517 -5.000175 -310.841278
v -300.219238 -5.000176 -321.511139
v -301.469238 -5.000176 -323.676208
v -279.818604 -5.000177 -326.176208
v -278.568604 -5.000177 -328.341278
v -284.728882 -5.000178 -339.011139
v -287.228882 -5.000178 -339.011139
v -293.389160 -5.000177 -328.341278
v -292.139160 -5.000177 -326.176208
v -302.964478 -5.000178 -342.426208
v -304.214478 -5.000178 -340.261139
v -298.054199 -5.000177 -329.591278
v -295.554199 -5.000177 -329.591278
v -289.393921 -5.000178 -340.261139
v -290.643951 -5.000178 -342.426208
v -290.643921 -5.000178 -344.926208
v -289.393921 -5.000178 -347.091278
v -295.554199 -5.000179 -357.761139
v -298.054199 -5.000179 -357.761139
v -304.214478 -5.000178 -347.091278
v -302.964478 -5.000178 -344.926208
v -292.139160 -5.000179 -361.176208
v -293.389160 -5.000179 -359.011139
v -287.228882 -5.000178 -348.341278
v -284.728882 -5.000178 -348.341278
v -278.568604 -5.000179 -359.011139
v -279.818604 -5.000179 -361.176208
v -268.993286 -5.000178 -344.926208
v -267.743286 -5.000178 -347.091278
v -273.903564 -5.000179 -357.761139
v -276.403564 -5.000179 -357.761139
v -282.563843 -5.000178 -347.091278
v -281.313843 -5.000178 -344.926208
v -281.313843 -5.000178 -342.426208
v -282.563843 -5.000178 -340.261139
v -276.403564 -5.000177 -329.591278
v -273.903564 -5.000177 -329.591278
v -267.743286 -5.000178 -340.261139
v -268.993286 -5.000178 -342.426208
v -344.770508 -5.000174 -288.676208
v -343.520508 -5.000174 -290.841278
v -349.680786 -5.000175 -301.511139
v -352.180786 -5.000175 -301.511139
v -358.341064 -5.000174 -290.841278
v -357.091064 -5.000174 -288.676208
v -367.916382 -5.000175 -304.926208
v -369.166382 -5.000175 -302.761139
v -363.006104 -5.000174 -292.091278
v -360.506104 -5.000174 -292.091278
v -354.345825 -5.000175 -302.761139
v -355.595856 -5.000175 -304.926208
v -355.595825 -5.000175 -307.426208
v -354.345825 -5.000175 -309.591278
v -360.506104 -5.000176 -320.261139
v -363.006104 -5.000176 -320.261139
v -369.166382 -5.000175 -309.591278
v -367.916382 -5.000175 -307.426208
v -357.091064 -5.000176 -323.676208
v -358.341064 -5.000176 -321.511139
v -352.180786 -5.000175 -310.841278
v -349.680786 -5.000175 -310.841278
v -343.520508 -5.000176 -321.511139
v -344.770508 -5.000176 -323.676208
v -333.945190 -5.000175 -307.426208
v -332.695190 -5.000175 -309.591278
v -338.855469 -5.000176 -320.261139
v -341.355469 -5.000176 -320.261139
v -347.515747 -5.000175 -309.591278
v -346.265747 -5.000175 -307.426208
v -346.265747 -5.000175 -304.926208
v -347.515747 -5.000175 -302.761139
v -341.355469 -5.000174 -292.091278
v -338.855469 -5.000174 -292.091278
v -332.695190 -5.000175 -302.761139
v -333.945190 -5.000175 -304.926208
v -247.342651 -5.000167 -194.926208
v -246.092651 -5.000167 -197.091278
v -252.252899 -5.000168 -207.761139
v -254.752899 -5.000168 -207.761139
v -260.913147 -5.000167 -197.091278
v -259.663147 -5.000167 -194.926208
v -270.488464 -5.000168 -211.176208
v -271.738464 -5.000168 -209.011139
v -265.578217 -5.000167 -198.341278
v -263.078217 -5.000167 -198.341278
v -256.917969 -5.000168 -209.011139
v -258.167969 -5.000168 -211.176208
v -258.167969 -5.000168 -213.676208
v -256.917969 -5.000168 -215.841278
v -263.078217 -5.000169 -226.511139
v -265.578217 -5.000169 -226.511139
v -271.738464 -5.000168 -215.841278
v -270.488464 -5.000168 -213.676208
v -259.663147 -5.000169 -229.926208
v -260.913147 -5.000169 -227.761139
v -254.752899 -5.000168 -217.091278
v -252.252899 -5.000168 -217.091278
v -246.092651 -5.000169 -227.761139
v -247.342651 -5.000169 -229.926208
v -236.517319 -5.000168 -213.676208
v -235.267319 -5.000168 -215.841278
v -241.427582 -5.000169 -226.511139
v -243.927582 -5.000169 -226.511139
v -250.087830 -5.000168 -215.841278
v -248.837830 -5.000168 -213.676208
v -248.837845 -5.000168 -211.176208
v -250.087830 -5.000168 -209.011139
v -243.927582 -5.000167 -198.341278
v -241.427582 -5.000167 -198.341278
v -235.267319 -5.000168 -209.011139
v -236.517319 -5.000168 -211.176208
v -279.818604 -7.000168 -213.676208
v -278.568604 -7.000168 -215.841278
v -284.728882 -7.000169 -226.511139
v -287.228882 -7.000169 -226.511139
v -293.389160 -7.000168 -215.841278
v -292.139160 -7.000168 -213.676208
v -302.964478 -7.000169 -229.926208
v -304.214478 -7.000169 -227.761139
v -298.054199 -7.000168 -217.091278
v -295.554199 -7.000168 -217.091278
v -289.393921 -7.000169 -227.761139
v -290.643951 -7.000169 -229.926208
v -290.643921 -7.000170 -232.426208
v -289.393921 -7.000170 -234.591278
v -295.554199 -7.000171 -245.261139
v -298.054199 -7.000171 -245.261139
v -304.214478 -7.000170 -234.591278
v -302.964478 -7.000170 -232.426208
v -292.139160 -7.000171 -248.676208
v -293.389160 -7.000171 -246.511139
v -287.228882 -7.000170 -235.841278
v -284.728882 -7.000170 -235.841278
v -278.568604 -7.000171 -246.511139
v -279.818604 -7.000171 -248.676208
v -268.993286 -7.000170 -232.426208
v -267.743286 -7.000170 -234.591278
v -273.903564 -7.000171 -245.261139
v -276.403564 -7.000171 -245.261139
v -282.563843 -7.000170 -234.591278
v -281.313843 -7.000170 -232.426208
v -281.313843 -7.000169 -229.926208
v -282.563843 -7.000169 -227.761139
v -276.403564 -7.000168 -217.091278
v -273.903564 -7.000168 -217.091278
v -267.743286 -7.000169 -227.761139
v -268.993286 -7.000169 -229.926208
v -312.294586 -7.000170 -232.426208
v -311.044586 -7.000170 -234.591278
v -317.204834 -7.000171 -245.261139
v -319.704834 -7.000171 -245.261139
v -325.865112 -7.000170 -234.591278
v -324.615112 -7.000170 -232.426208
v -335.440430 -7.000171 -248.676208
v -336.690430 -7.000171 -246.511139
v -330.530151 -7.000170 -235.841278
v -328.030151 -7.000170 -235.841278
v -321.869904 -7.000171 -246.511139
v -323.119904 -7.000171 -248.676208
v -323.119873 -7.000171 -251.176208
v -321.869904 -7.000171 -253.341278
v -328.030151 -7.000172 -264.011139
v -330.530151 -7.000172 -264.011139
v -336.690430 -7.000171 -253.341278
v -335.440430 -7.000171 -251.176208
v -324.615112 -7.000172 -267.426208
v -325.865112 -7.000172 -265.261139
v -319.704834 -7.000171 -254.591278
v -317.204834 -7.000171 -254.591278
v -311.044586 -7.000172 -265.261139
v -312.294586 -7.000172 -267.426208
v -301.469238 -7.000171 -251.176208
v -300.219238 -7.000171 -253.341278
v -306.379517 -7.000172 -264.011139
v -308.879517 -7.000172 -264.011139
v -315.039764 -7.000171 -253.341278
v -313.789764 -7.000171 -251.176208
v -313.789795 -7.000171 -248.676208
v -315.039764 -7.000171 -246.511139
v -308.879517 -7.000170 -235.841278
v -306.379517 -7.000170 -235.841278
v -300.219238 -7.000171 -246.511139
v -301.469238 -7.000171 -248.676208
v -279.818604 -5.000165 -176.176208
v -278.568604 -5.000165 -178.341278
v -284.728882 -5.000166 -189.011139
v -287.228882 -5.000166 -189.011139
v -293.389160 -5.000165 -178.341278
v -292.139160 -5.000165 -176.176208
v -302.964478 -5.000166 -192.426208
v -304.214478 -5.000166 -190.261139
v -298.054199 -5.000165 -179.591278
v -295.554199 -5.000165 -179.591278
v -289.393921 -5.000166 -190.261139
v -290.643951 -5.000166 -192.426208
v -290.643921 -5.000167 -194.926208
v -289.393921 -5.000167 -197.091278
v -295.554199 -5.000168 -207.761139
v -298.054199 -5.000168 -207.761139
v -304.214478 -5.000167 -197.091278
v -302.964478 -5.000167 -194.926208
v -292.139160 -5.000168 -211.176208
v -293.389160 -5.000168 -209.011139
v -287.228882 -5.000167 -198.341278
v -284.728882 -5.000167 -198.341278
v -278.568604 -5.000168 -209.011139
v -279.818604 -5.000168 -211.176208
v -268.993286 -5.000167 -194.926208
v -267.743286 -5.000167 -197.091278
v -273.903564 -5.000168 -207.761139
v -276.403564 -5.000168 -207.761139
v -282.563843 -5.000167 -197.091278
v -281.313843 -5.000167 -194.926208
v -281.313843 -5.000166 -192.426208
v -282.563843 -5.000166 -190.261139
v -276.403564 -5.000165 -179.591278
v -273.903564 -5.000165 -179.591278
v -267.743286 -5.000166 -190.261139
v -268.993286 -5.000166 -192.426208
v -312.294586 -5.000167 -194.926208
v -311.044586 -5.000167 -197.091278
v -317.204834 -5.000168 -207.761139
v -319.704834 -5.000168 -207.761139
v -325.865112 -5.000167 -197.091278
v -324.615112 -5.000167 -194.926208
v -335.440430 -5.000168 -211.176208
v -336.690430 -5.000168 -209.011139
v -330.530151 -5.000167 -198.341278
v -328.030151 -5.000167 -198.341278
v -321.869904 -5.000168 -209.011139
v -323.119904 -5.000168 -211.176208
v -323.119873 -5.000168 -213.676208
v -321.869904 -5.000168 -215.841278
v -328.030151 -5.000169 -226.511139
v -330.530151 -5.000169 -226.511139
v -336.690430 -5.000168 -215.841278
v -335.440430 -5.000168 -213.676208
v -324.615112 -5.000169 -229.926208
v -325.865112 -5.000169 -227.761139
v -319.704834 -5.000168 -217.091278
v -317.204834 -5.000168 -217.091278
v -311.044586 -5.000169 -227.761139
v -312.294586 -5.000169 -229.926208
v -301.469238 -5.000168 -213.676208
v -300.219238 -5.000168 -215.841278
v -306.379517 -5.000169 -226.511139
v -308.879517 -5.000169 -226.511139
v -315.039764 -5.000168 -215.841278
v -313.789764 -5.000168 -213.676208
v -313.789795 -5.000168 -211.176208
v -315.039764 -5.000168 -209.011139
v -308.879517 -5.000167 -198.341278
v -306.379517 -5.000167 -198.341278
v -300.219238 -5.000168 -209.011139
v -301.469238 -5.000168 -211.176208
v -344.770508 -5.000171 -251.176208
v -343.520508 -5.000171 -253.341278
v -349.680786 -5.000172 -264.011139
v -352.180786 -5.000172 -264.011139
v -358.341064 -5.000171 -253.341278
v -357.091064 -5.000171 -251.176208
v -367.916382 -5.000172 -267.426208
v -369.166382 -5.000172 -265.261139
v -363.006104 -5.000171 -254.591278
v -360.506104 -5.000171 -254.591278
v -354.345825 -5.000172 -265.261139
v -355.595856 -5.000172 -267.426208
v -355.595825 -5.000173 -269.926208
v -354.345825 -5.000173 -272.091278
v -360.506104 -5.000174 -282.761139
v -363.006104 -5.000174 -282.761139
v -369.166382 -5.000173 -272.091278
v -367.916382 -5.000173 -269.926208
v -357.091064 -5.000174 -286.176208
v -358.341064 -5.000174 -284.011139
v -352.180786 -5.000173 -273.341278
v -349.680786 -5.000173 -273.341278
v -343.520508 -5.000174 -284.011139
v -344.770508 -5.000174 -286.176208
v -333.945190 -5.000173 -269.926208
v -332.695190 -5.000173 -272.091278
v -338.855469 -5.000174 -282.761139
v -341.355469 -5.000174 -282.761139
v -347.515747 -5.000173 -272.091278
v -346.265747 -5.000173 -269.926208
v -346.265747 -5.000172 -267.426208
v -347.515747 -5.000172 -265.261139
v -341.355469 -5.000171 -254.591278
v -338.855469 -5.000171 -254.591278
v -332.695190 -5.000172 -265.261139
v -333.945190 -5.000172 -267.426208
v -344.770508 -5.000168 -213.676208
v -343.520508 -5.000168 -215.841278
v -349.680786 -5.000169 -226.511139
v -352.180786 -5.000169 -226.511139
v -358.341064 -5.000168 -215.841278
v -357.091064 -5.000168 -213.676208
v -367.916382 -5.000169 -229.926208
v -369.166382 -5.000169 -227.761139
v -363.006104 -5.000168 -217.091278
v -360.506104 -5.000168 -217.091278
v -354.345825 -5.000169 -227.761139
v -355.595856 -5.000169 -229.926208
v -355.595825 -5.000170 -232.426208
v -354.345825 -5.000170 -234.591278
v -360.506104 -5.000171 -245.261139
v -363.006104 -5.000171 -245.261139
v -369.166382 -5.000170 -234.591278
v -367.916382 -5.000170 -232.426208
v -357.091064 -5.000171 -248.676208
v -358.341064 -5.000171 -246.511139
v -352.180786 -5.000170 -235.841278
v -349.680786 -5.000170 -235.841278
v -343.520508 -5.000171 -246.511139
v -344.770508 -5.000171 -248.676208
v -333.945190 -5.000170 -232.426208
v -332.695190 -5.000170 -234.591278
v -338.855469 -5.000171 -245.261139
v -341.355469 -5.000171 -245.261139
v -347.515747 -5.000170 -234.591278
v -346.265747 -5.000170 -232.426208
v -346.265747 -5.000169 -229.926208
v -347.515747 -5.000169 -227.761139
v -341.355469 -5.000168 -217.091278
v -338.855469 -5.000168 -217.091278
v -332.695190 -5.000169 -227.761139
v -333.945190 -5.000169 -229.926208
vt 0.000000 0.000000
vt 0.000000 0.000000
vt 0.000000 0.000000
vt 0.000000 0.000000
vt 0.000000 0.000000
vt 0.000000 0.000000
vt 0.000000 0.000000
vt 0.000000 0.000000
vt 0.000000 0.000000
vt 0.000000 0.000000
vt 0.000000 0.000000
vt 0.000000 0.000000
vt 0.000000 0.000000
vt 0.000000 0.000000
vt 0.000000 0.000000
vt 0.000000 0.000000
vt 0.000000 0.000000
vt 0.000000 0.000000
vt 0.000000 0.000000
vt 0.000000 0.000000
vt 0.000000 0.000000
vt 0.000000 0.000000
vt 0.000000 0.000000
vt 0.000000 0.000000
vt 0.000000 0.000000
vt 0.000000 0.000000
vt 0.000000 0.000000
vt 0.000000 0.000000
vt 0.000000 0.000000
vt 0.000000 0.000000
vt 0.000000 0.000000
vt 0.000000 0.000000
vt 0.000000 0.000000
vt 0.000000 0.000000
vt 0.000000 0.000000
vt 0.000000 0.000000
vt 0.000000 0.000000
vt 0.000000 0.000000
vt 0.000000 0.000000
vt 0.000000 0.000000
vt 0.000000 0.000000
vt 0.000000 0.000000
vt 0.000000 0.000000
vt 0.000000 0.000000
vt 0.000000 0.000000
vt 0.000000 0.000000
vt 0.000000 0.000000
vt 0.000000 0.000000
vt 0.000000 0.000000
vt 0.000000 0.000000
vt 0.000000 0.000000
vt 0.000000 0.000000
vt 0.000000 0.000000
vt 0.000000 0.000000
vt 0.000000 0.000000
vt 0.000000 0.000000
vt 0.000000 0.000000
vt 0.000000 0.000000
vt 0.000000 0.000000
vt 0.000000 0.000000
vt 0.000000 0.000000
vt 0.000000 0.000000
vt 0.000000 0.000000
vt 0.000000 0.000000
vt 0.000000 0.000000
vt 0.000000 0.000000
vt 0.000000 0.000000
vt 0.000000 0.000000
vt 0.000000 0.000000
vt 0.000000 0.000000
vt 0.000000 0.000000
vt 0.000000 0.000000
vt 0.000000 0.000000
vt 0.000000 0.000000
vt 0.000000 0.000000
vt 0.000000 0.000000
vt 0.000000 0.000000
vt 0.000000 0.000000
vt 0.000000 0.000000
vt 0.000000 0.000000
vt 0.000000 0.000000
vt 0.000000 0.000000
vt 0.000000 0.000000
vt 0.000000 0.000000
vt 0.000000 0.000000
vt 0.000000 0.000000
vt 0.000000 0.000000
vt 0.000000 0.000000
vt 0.000000 0.000000
vt 0.000000 0.000000
vt 0.000000 0.000000
vt 0.000000 0.000000
vt 0.000000 0.000000
vt 0.000000 0.000000
vt 0.000000 0.000000
vt 0.000000 0.000000
vt 0.000000 0.000000
vt 0.000000 0.000000
vt 0.000000 0.000000
vt 0.000000 0.000000
vt 0.000000 0.000000
vt 0.000000 0.000000
vt 0.000000 0.000000
vt 0.000000 0.000000
vt 0.000000 0.000000
vt 0.000000 0.000000
vt 0.000000 0.000000
vt 0.000000 0.000000
vt 0.000000 0.000000
vt 0.000000 0.000000
vt 0.000000 0.000000
vt 0.000000 0.000000
vt 0.000000 0.000000
vt 0.000000 0.000000
vt 0.000000 0.000000
vt 0.000000 0.000000
vt 0.000000 0.000000
vt 0.000000 0.000000
vt 0.000000 0.000000
vt 0.000000 0.000000
vt 0.000000 0.000000
vt 0.000000 0.000000
vt 0.000000 0.000000
vt 0.000000 0.000000
vt 0.000000 0.000000
vt 0.000000 0.000000
vt 0.000000 0.000000
vt 0.000000 0.000000
vt 0.000000 0.000000
vt 0.000000 0.000000
vt 0.000000 0.000000
vt 0.000000 0.000000
vt 0.000000 0.000000
vt 0.000000 0.000000
vt 0.000000 0.000000
vt 0.000000 0.000000
vt 0.000000 0.000000
vt 0.000000 0.000000
vt 0.000000 0.000000
vt 0.000000 0.000000
vt 0.000000 0.000000
vt 0.000000 0.000000
vt 0.000000 0.000000
vt 0.000000 0.000000
vt 0.000000 0.000000
vt 0.000000 0.000000
vt 0.000000 0.000000
vt 0.000000 0.000000
vt 0.000000 0.000000
vt 0.000000 0.000000
vt 0.000000 0.000000
vt 0.000000 0.000000
vt 0.000000 0.000000
vt 0.000000 0.000000
vt 0.000000 0.000000
vt 0.000000 0.000000
vt 0.000000 0.000000
vt 0.000000 0.000000
vt 0.000000 0.000000
vt 0.000000 0.000000
vt 0.000000 0.000000
vt 0.000000 0.000000
vt 0.000000 0.000000
vt 0.000000 0.000000
vt 0.000000 0.000000
vt 0.000000 0.000000
vt 0.000000 0.000000
vt 0.000000 0.000000
vt 0.000000 0.000000
vt 0.000000 0.000000
vt 0.000000 0.000000
vt 0.000000 0.000000
vt 0.000000 0.000000
vt 0.000000 0.000000
vt 0.000000 0.000000
vt 0.000000 0.000000
vt 0.000000 0.000000
vt 0.000000 0.000000
vt 0.000000 0.000000
vt 0.000000 0.000000
vt 0.000000 0.000000
vt 0.000000 0.000000
vt 0.000000 0.000000
vt 0.000000 0.000000
vt 0.000000 0.000000
vt 0.000000 0.000000
vt 0.000000 0.000000
vt 0.000000 0.000000
vt 0.000000 0.000000
vt 0.000000 0.000000
vt 0.000000 0.000000
vt 0.000000 0.000000
vt 0.000000 0.000000
vt 0.000000 0.000000
vt 0.000000 0.000000
vt 0.000000 0.000000
vt 0.000000 0.000000
vt 0.000000 0.000000
vt 0.000000 0.000000
vt 0.000000 0.000000
vt 0.000000 0.000000
vt 0.000000 0.000000
vt 0.000000 0.000000
vt 0.000000 0.000000
vt 0.000000 0.000000
vt 0.000000 0.000000
vt 0.000000 0.000000
vt 0.000000 0.000000
vt 0.000000 0.000000
vt 0.000000 0.000000
vt 0.000000 0.000000
vt 0.000000 0.000000
vt 0.000000 0.000000
vt 0.000000 0.000000
vt 0.000000 0.000000
vt 0.000000 0.000000
vt 0.000000 0.000000
vt 0.000000 0.000000
vt 0.000000 0.000000
vt 0.000000 0.000000
vt 0.000000 0.000000
vt 0.000000 0.000000
vt 0.000000 0.000000
vt 0.000000 0.000000
vt 0.000000 0.000000
vt 0.000000 0.000000
vt 0.000000 0.000000
vt 0.000000 0.000000
vt 0.000000 0.000000
vt 0.000000 0.000000
vt 0.000000 0.000000
vt 0.000000 0.000000
vt 0.000000 0.000000
vt 0.000000 0.000000
vt 0.000000 0.000000
vt 0.000000 0.000000
vt 0.000000 0.000000
vt 0.000000 0.000000
vt 0.000000 0.000000
vt 0.000000 0.000000
vt 0.000000 0.000000
vt 0.000000 0.000000
vt 0.000000 0.000000
vt 0.000000 0.000000
vt 0.000000 0.000000
vt 0.000000 0.000000
vt 0.000000 0.000000
vt 0.000000 0.000000
vt 0.000000 0.000000
vt 0.000000 0.000000
vt 0.000000 0.000000
vt 0.000000 0.000000
vt 0.000000 0.000000
vt 0.000000 0.000000
vt 0.000000 0.000000
vt 0.000000 0.000000
vt 0.000000 0.000000
vt 0.000000 0.000000
vt 0.000000 0.000000
vt 0.000000 0.000000
vt 0.000000 0.000000
vt 0.000000 0.000000
vt 0.000000 0.000000
vt 0.000000 0.000000
vt 0.000000 0.000000
vt 0.000000 0.000000
vt 0.000000 0.000000
vt 0.000000 0.000000
vt 0.000000 0.000000
vt 0.000000 0.000000
vt 0.000000 0.000000
vt 0.000000 0.000000
vt 0.000000 0.000000
vt 0.000000 0.000000
vt 0.000000 0.000000
vt 0.000000 0.000000
vt 0.000000 0.000000
vt 0.000000 0.000000
vt 0.000000 0.000000
vt 0.000000 0.000000
vt 0.000000 0.000000
vt 0.000000 0.000000
vt 0.000000 0.000000
vt 0.000000 0.000000
vt 0.000000 0.000000
vt 0.000000 0.000000
vt 0.000000 0.000000
vt 0.000000 0.000000
vt 0.000000 0.000000
vt 0.000000 0.000000
vt 0.000000 0.000000
vt 0.000000 0.000000
vt 0.000000 0.000000
vt 0.000000 0.000000
vt 0.000000 0.000000
vt 0.000000 0.000000
vt 0.000000 0.000000
vt 0.000000 0.000000
vt 0.000000 0.000000
vt 0.000000 0.000000
vt 0.000000 0.000000
vt 0.000000 0.000000
vt 0.000000 0.000000
vt 0.000000 0.000000
vt 0.000000 0.000000
vt 0.000000 0.000000
vt 0.000000 0.000000
vt 0.000000 0.000000
vt 0.000000 0.000000
vt 0.000000 0.000000
vt 0.000000 0.000000
vt 0.000000 0.000000
vt 0.000000 0.000000
vt 0.000000 0.000000
vt 0.000000 0.000000
vt 0.000000 0.000000
vt 0.000000 0.000000
vt 0.000000 0.000000
vt 0.000000 0.000000
vt 0.000000 0.000000
vt 0.000000 0.000000
vt 0.000000 0.000000
vt 0.000000 0.000000
vt 0.000000 0.000000
vt 0.000000 0.000000
vt 0.000000 0.000000
vt 0.000000 0.000000
vt 0.000000 0.000000
vt 0.000000 0.000000
vt 0.000000 0.000000
vt 0.000000 0.000000
vt 0.000000 0.000000
vt 0.000000 0.000000
vt 0.000000 0.000000
vt 0.000000 0.000000
vt 0.000000 0.000000
vt 0.000000 0.000000
vt 0.000000 0.000000
vt 0.000000 0.000000
vt 0.000000 0.000000
vt 0.000000 0.000000
vt 0.000000 0.000000
vt 0.000000 0.000000
vt 0.000000 0.000000
vt 0.000000 0.000000
vt 0.000000 0.000000
vt 0.000000 0.000000
vt 0.000000 0.000000
vt 0.000000 0.000000
vt 0.000000 0.000000
vt 0.000000 0.000000
vt 0.000000 0.000000
vt 0.000000 0.000000
vt 0.000000 0.000000
vt 0.000000 0.000000
vt 0.000000 0.000000
vt 0.000000 0.000000
vt 0.000000 0.000000
vt 0.000000 0.000000
vt 0.000000 0.000000
vt 0.000000 0.000000
vt 0.000000 0.000000
vt 0.000000 0.000000
vt 0.000000 0.000000
vt 0.000000 0.000000
vt 0.000000 0.000000
vt 0.000000 0.000000
vt 0.000000 0.000000
vt 0.000000 0.000000
vt 0.000000 0.000000
vt 0.000000 0.000000
vt 0.000000 0.000000
vt 0.000000 0.000000
vt 0.000000 0.000000
vt 0.000000 0.000000
vt 0.000000 0.000000
vt 0.000000 0.000000
vt 0.000000 0.000000
vt 0.000000 0.000000
vt 0.000000 0.000000
vt 0.000000 0.000000
vt 0.000000 0.000000
vt 0.000000 0.000000
vt 0.000000 0.000000
vt 0.000000 0.000000
vt 0.000000 0.000000
vt 0.000000 0.000000
vt 0.000000 0.000000
vt 0.000000 0.000000
vt 0.000000 0.000000
vt 0.000000 0.000000
vt 0.000000 0.000000
vt 0.000000 0.000000
vt 0.000000 0.000000
vt 0.000000 0.000000
vt 0.000000 0.000000
vt 0.000000 0.000000
vt 0.000000 0.000000
vt 0.000000 0.000000
vt 0.000000 0.000000
vt 0.000000 0.000000
vt 0.000000 0.000000
vt 0.000000 0.000000
vt 0.000000 0.000000
vt 0.000000 0.000000
vt 0.000000 0.000000
vt 0.000000 0.000000
vt 0.000000 0.000000
vt 0.000000 0.000000
vt 0.000000 0.000000
vt 0.000000 0.000000
vt 0.000000 0.000000
vt 0.000000 0.000000
vt 0.000000 0.000000
vt 0.000000 0.000000
vt 0.000000 0.000000
vt 0.000000 0.000000
vt 0.000000 0.000000
vt 0.000000 0.000000
vt 0.000000 0.000000
vt 0.000000 0.000000
vt 0.000000 0.000000
vt 0.000000 0.000000
vt 0.000000 0.000000
vt 0.000000 0.000000
vt 0.000000 0.000000
vt 0.000000 0.000000
vt 0.000000 0.000000
vt 0.000000 0.000000
vt 0.000000 0.000000
vt 0.000000 0.000000
vt 0.000000 0.000000
vt 0.000000 0.000000
vt 0.000000 0.000000
vt 0.000000 0.000000
vt 0.000000 0.000000
vt 0.000000 0.000000
vt 0.000000 0.000000
vt 0.000000 0.000000
vt 0.000000 0.000000
vt 0.000000 0.000000
vt 0.000000 0.000000
vt 0.000000 0.000000
vt 0.000000 0.000000
vt 0.000000 0.000000
vt 0.000000 0.000000
vt 0.000000 0.000000
vt 0.000000 0.000000
vt 0.000000 0.000000
vt 0.000000 0.000000
vt 0.000000 0.000000
vt 0.000000 0.000000
vt 0.000000 0.000000
vt 0.000000 0.000000
vt 0.000000 0.000000
vt 0.000000 0.000000
vt 0.000000 0.000000
vt 0.000000 0.000000
vt 0.000000 0.000000
vt 0.000000 0.000000
vt 0.000000 0.000000
vt 0.000000 0.000000
vt 0.000000 0.000000
vt 0.000000 0.000000
vt 0.000000 0.000000
vt 0.000000 0.000000
vt 0.000000 0.000000
vt 0.000000 0.000000
vt 0.000000 0.000000
vt 0.000000 0.000000
vt 0.000000 0.000000
vt 0.000000 0.000000
vt 0.000000 0.000000
vt 0.000000 0.000000
vt 0.000000 0.000000
vt 0.000000 0.000000
vt 0.000000 0.000000
vt 0.000000 0.000000
vt 0.000000 0.000000
vt 0.000000 0.000000
vt 0.000000 0.000000
vt 0.000000 0.000000
vt 0.000000 0.000000
vt 0.000000 0.000000
vt 0.000000 0.000000
vt 0.000000 0.000000
vt 0.000000 0.000000
vt 0.000000 0.000000
vt 0.000000 0.000000
vt 0.000000 0.000000
vt 0.000000 0.000000
vt 0.000000 0.000000
vt 0.000000 0.000000
vt 0.000000 0.000000
vt 0.000000 0.000000
vt 0.000000 0.000000
vt 0.000000 0.000000
vt 0.000000 0.000000
vt 0.000000 0.000000
vt 0.000000 0.000000
vt 0.000000 0.000000
vt 0.000000 0.000000
vt 0.000000 0.000000
vt 0.000000 0.000000
vt 0.000000 0.000000
vt 0.000000 0.000000
vt 0.000000 0.000000
vt 0.000000 0.000000
vt 0.000000 0.000000
vt 0.000000 0.000000
vt 0.000000 0.000000
vt 0.000000 0.000000
vt 0.000000 0.000000
vt 0.000000 0.000000
vt 0.000000 0.000000
vt 0.000000 0.000000
vt 0.000000 0.000000
vt 0.000000 0.000000
vt 0.000000 0.000000
vt 0.000000 0.000000
vt 0.000000 0.000000
vt 0.000000 0.000000
vt 0.000000 0.000000
vt 0.000000 0.000000
vt 0.000000 0.000000
vt 0.000000 0.000000
vt 0.000000 0.000000
vt 0.000000 0.000000
vt 0.000000 0.000000
vt 0.000000 0.000000
vt 0.000000 0.000000
vt 0.000000 0.000000
vt 0.000000 0.000000
vt 0.000000 0.000000
vt 0.000000 0.000000
vt 0.000000 0.000000
vt 0.000000 0.000000
vt 0.000000 0.000000
vt 0.000000 0.000000
vt 0.000000 0.000000
vt 0.000000 0.000000
vt 0.000000 0.000000
vt 0.000000 0.000000
vt 0.000000 0.000000
vt 0.000000 0.000000
vt 0.000000 0.000000
vt 0.000000 0.000000
vt 0.000000 0.000000
vt 0.000000 0.000000
vt 0.000000 0.000000
vt 0.000000 0.000000
vt 0.000000 0.000000
vt 0.000000 0.000000
vt 0.000000 0.000000
vt 0.000000 0.000000
vt 0.000000 0.000000
vt 0.000000 0.000000
vt 0.000000 0.000000
vt 0.000000 0.000000
vt 0.000000 0.000000
vt 0.000000 0.000000
vt 0.000000 0.000000
vt 0.000000 0.000000
vt 0.000000 0.000000
vt 0.000000 0.000000
vt 0.000000 0.000000
vt 0.000000 0.000000
vt 0.000000 0.000000
vt 0.000000 0.000000
vt 0.000000 0.000000
vt 0.000000 0.000000
vt 0.000000 0.000000
vt 0.000000 0.000000
vt 0.000000 0.000000
vt 0.000000 0.000000
vt 0.000000 0.000000
vt 0.000000 0.000000
vt 0.000000 0.000000
vt 0.000000 0.000000
vt 0.000000 0.000000
vt 0.000000 0.000000
vt 0.000000 0.000000
vt 0.000000 0.000000
vt 0.000000 0.000000
vt 0.000000 0.000000
vt 0.000000 0.000000
vt 0.000000 0.000000
vt 0.000000 0.000000
vt 0.000000 0.000000
vt 0.000000 0.000000
vt 0.000000 0.000000
vt 0.000000 0.000000
vt 0.000000 0.000000
vt 0.000000 0.000000
vt 0.000000 0.000000
vt 0.000000 0.000000
vt 0.000000 0.000000
vt 0.000000 0.000000
vt 0.000000 0.000000
vt 0.000000 0.000000
vt 0.000000 0.000000
vt 0.000000 0.000000
vt 0.000000 0.000000
vt 0.000000 0.000000
vt 0.000000 0.000000
vt 0.000000 0.000000
vt 0.000000 0.000000
vt 0.000000 0.000000
vt 0.000000 0.000000
vt 0.000000 0.000000
vt 0.000000 0.000000
vt 0.000000 0.000000
vt 0.000000 0.000000
vt 0.000000 0.000000
vt 0.000000 0.000000
vt 0.000000 0.000000
vt 0.000000 0.000000
vt 0.000000 0.000000
vt 0.000000 0.000000
vt 0.000000 0.000000
vt 0.000000 0.000000
vt 0.000000 0.000000
vt 0.000000 0.000000
vt 0.000000 0.000000
vt 0.000000 0.000000
vt 0.000000 0.000000
vt 0.000000 0.000000
vt 0.000000 0.000000
vt 0.000000 0.000000
vt 0.000000 0.000000
vt 0.000000 0.000000
vt 0.000000 0.000000
vt 0.000000 0.000000
vt 0.000000 0.000000
vt 0.000000 0.000000
vt 0.000000 0.000000
vt 0.000000 0.000000
vt 0.000000 0.000000
vt 0.000000 0.000000
vt 0.000000 0.000000
vt 0.000000 0.000000
vt 0.000000 0.000000
vt 0.000000 0.000000
vt 0.000000 0.000000
vt 0.000000 0.000000
vt 0.000000 0.000000
vt 0.000000 0.000000
vt 0.000000 0.000000
vt 0.000000 0.000000
vt 0.000000 0.000000
vt 0.000000 0.000000
vt 0.000000 0.000000
vt 0.000000 0.000000
vt 0.000000 0.000000
vt 0.000000 0.000000
vt 0.000000 0.000000
vt 0.000000 0.000000
vt 0.000000 0.000000
vt 0.000000 0.000000
vt 0.000000 0.000000
vt 0.000000 0.000000
vt 0.000000 0.000000
vt 0.000000 0.000000
vt 0.000000 0.000000
vt 0.000000 0.000000
vt 0.000000 0.000000
vt 0.000000 0.000000
vt 0.000000 0.000000
vt 0.000000 0.000000
vt 0.000000 0.000000
vt 0.000000 0.000000
vt 0.000000 0.000000
vt 0.000000 0.000000
vt 0.000000 0.000000
vt 0.000000 0.000000
vt 0.000000 0.000000
vt 0.000000 0.000000
vt 0.000000 0.000000
vt 0.000000 0.000000
vt 0.000000 0.000000
vt 0.000000 0.000000
vt 0.000000 0.000000
vt 0.000000 0.000000
vt 0.000000 0.000000
vn 0.0000 1.0000 -0.0000
vn 0.0000 -1.0000 0.0000
vn 0.5410 0.7809 -0.3123
vn 0.5410 0.7809 -0.3124
vn 0.5410 0.7809 0.3124
vn 0.0000 0.7809 0.6247
vn -0.5410 0.7809 0.3123
vn -0.5410 0.7809 0.3124
vn -0.5410 0.7809 -0.3123
vn -0.5410 0.7809 -0.3124
vn 0.0000 0.7809 -0.6247
vn 0.5410 0.7809 0.3123
usemtl Default_OBJ
s 1
f 1643/1637/28 1644/1638/28 1645/1639/28
f 1649/1640/28 1650/1641/28 1651/1642/28
f 1655/1643/28 1656/1644/28 1657/1645/28
f 1661/1646/28 1662/1647/28 1663/1648/28
f 1667/1649/28 1668/1650/28 1669/1651/28
f 1673/1652/28 1674/1653/28 1675/1654/28
f 1670/1655/28 1664/1656/28 1669/1651/28
f 1654/1657/28 1660/1658/28 1659/1659/28
f 1642/1660/29 1672/1661/29 1641/1662/29
f 1667/1649/29 1661/1646/29 1662/1647/29
f 1643/1637/29 1649/1640/29 1650/1641/29
f 1651/1642/28 1657/1645/28 1646/1663/28
f 1679/1664/28 1680/1665/28 1681/1666/28
f 1685/1667/28 1686/1668/28 1687/1669/28
f 1691/1670/28 1692/1671/28 1693/1672/28
f 1697/1673/28 1698/1674/28 1699/1675/28
f 1703/1676/28 1704/1677/28 1705/1678/28
f 1709/1679/28 1710/1680/28 1711/1681/28
f 1706/1682/28 1700/1683/28 1705/1678/28
f 1690/1684/28 1696/1685/28 1695/1686/28
f 1678/1687/29 1708/1688/29 1677/1689/29
f 1703/1676/29 1697/1673/29 1698/1674/29
f 1679/1664/29 1685/1667/29 1686/1668/29
f 1687/1669/28 1693/1672/28 1682/1690/28
f 1716/1691/28 1717/1692/28 1713/1693/28
f 1722/1694/28 1723/1695/28 1719/1696/28
f 1728/1697/28 1729/1698/28 1725/1699/28
f 1734/1700/28 1735/1701/28 1731/1702/28
f 1739/1703/28 1740/1704/28 1741/1705/28
f 1743/1706/28 1745/1707/28 1747/1708/28
f 1741/1705/28 1747/1708/28 1736/1709/28
f 1725/1699/28 1731/1702/28 1726/1710/28
f 1713/1693/29 1743/1706/29 1744/1711/29
f 1740/1704/29 1734/1700/29 1739/1703/29
f 1722/1694/29 1716/1691/29 1721/1712/29
f 1723/1695/28 1729/1698/28 1718/1713/28
f 1752/1714/28 1753/1715/28 1749/1716/28
f 1758/1717/28 1759/1718/28 1755/1719/28
f 1764/1720/28 1765/1721/28 1761/1722/28
f 1770/1723/28 1771/1724/28 1767/1725/28
f 1775/1726/28 1776/1727/28 1777/1728/28
f 1779/1729/28 1781/1730/28 1783/1731/28
f 1777/1728/28 1783/1731/28 1772/1732/28
f 1761/1722/28 1767/1725/28 1762/1733/28
f 1749/1716/29 1779/1729/29 1780/1734/29
f 1776/1727/29 1770/1723/29 1775/1726/29
f 1758/1717/29 1752/1714/29 1757/1735/29
f 1759/1718/28 1765/1721/28 1754/1736/28
f 1787/1737/28 1788/1738/28 1789/1739/28
f 1793/1740/28 1794/1741/28 1795/1742/28
f 1799/1743/28 1800/1744/28 1801/1745/28
f 1805/1746/28 1806/1747/28 1807/1748/28
f 1811/1749/28 1812/1750/28 1813/1751/28
f 1817/1752/28 1818/1753/28 1819/1754/28
f 1814/1755/28 1808/1756/28 1813/1751/28
f 1798/1757/28 1804/1758/28 1803/1759/28
f 1786/1760/29 1816/1761/29 1785/1762/29
f 1811/1749/29 1805/1746/29 1806/1747/29
f 1787/1737/29 1793/1740/29 1794/1741/29
f 1795/1742/28 1801/1745/28 1790/1763/28
f 1824/1764/28 1825/1765/28 1821/1766/28
f 1830/1767/28 1831/1768/28 1827/1769/28
f 1836/1770/28 1837/1771/28 1833/1772/28
f 1842/1773/28 1843/1774/28 1839/1775/28
f 1847/1776/28 1848/1777/28 1849/1778/28
f 1851/1779/28 1853/1780/28 1855/1781/28
f 1849/1778/28 1855/1781/28 1844/1782/28
f 1833/1772/28 1839/1775/28 1834/1783/28
f 1821/1766/29 1851/1779/29 1852/1784/29
f 1848/1777/29 1842/1773/29 1847/1776/29
f 1830/1767/29 1824/1764/29 1829/1785/29
f 1831/1768/28 1837/1771/28 1826/1786/28
f 1859/1787/28 1860/1788/28 1861/1789/28
f 1865/1790/28 1866/1791/28 1867/1792/28
f 1871/1793/28 1872/1794/28 1873/1795/28
f 1877/1796/28 1878/1797/28 1879/1798/28
f 1883/1799/28 1884/1800/28 1885/1801/28
f 1889/1802/28 1890/1803/28 1891/1804/28
f 1886/1805/28 1880/1806/28 1885/1801/28
f 1870/1807/28 1876/1808/28 1875/1809/28
f 1858/1810/29 1888/1811/29 1857/1812/29
f 1883/1799/29 1877/1796/29 1878/1797/29
f 1859/1787/29 1865/1790/29 1866/1791/29
f 1867/1792/28 1873/1795/28 1862/1813/28
f 1895/1814/28 1896/1815/28 1897/1816/28
f 1901/1817/28 1902/1818/28 1903/1819/28
f 1907/1820/28 1908/1821/28 1909/1822/28
f 1913/1823/28 1914/1824/28 1915/1825/28
f 1919/1826/28 1920/1827/28 1921/1828/28
f 1925/1829/28 1926/1830/28 1927/1831/28
f 1922/1832/28 1916/1833/28 1921/1828/28
f 1906/1834/28 1912/1835/28 1911/1836/28
f 1894/1837/29 1924/1838/29 1893/1839/29
f 1919/1826/29 1913/1823/29 1914/1824/29
f 1895/1814/29 1901/1817/29 1902/1818/29
f 1903/1819/28 1909/1822/28 1898/1840/28
f 1931/1841/28 1932/1842/28 1933/1843/28
f 1937/1844/28 1938/1845/28 1939/1846/28
f 1941/1847/28 1943/1848/28 1945/1849/28
f 1949/1850/28 1950/1851/28 1951/1852/28
f 1955/1853/28 1956/1854/28 1957/1855/28
f 1959/1856/28 1961/1857/28 1963/1858/28
f 1957/1855/28 1963/1858/28 1952/1859/28
f 1942/1860/28 1948/1861/28 1947/1862/28
f 1929/1863/29 1959/1856/29 1960/1864/29
f 1956/1854/29 1950/1851/29 1955/1853/29
f 1931/1841/29 1937/1844/29 1938/1845/29
f 1939/1846/28 1945/1849/28 1934/1865/28
f 1967/1866/28 1968/1867/28 1969/1868/28
f 1973/1869/28 1974/1870/28 1975/1871/28
f 1977/1872/28 1979/1873/28 1981/1874/28
f 1985/1875/28 1986/1876/28 1987/1877/28
f 1991/1878/28 1992/1879/28 1993/1880/28
f 1995/1881/28 1997/1882/28 1999/1883/28
f 1993/1880/28 1999/1883/28 1988/1884/28
f 1978/1885/28 1984/1886/28 1983/1887/28
f 1965/1888/29 1995/1881/29 1996/1889/29
f 1992/1879/29 1986/1876/29 1991/1878/29
f 1967/1866/29 1973/1869/29 1974/1870/29
f 1975/1871/28 1981/1874/28 1970/1890/28
f 2003/1891/28 2004/1892/28 2005/1893/28
f 2009/1894/28 2010/1895/28 2011/1896/28
f 2015/1897/28 2016/1898/28 2017/1899/28
f 2021/1900/28 2022/1901/28 2023/1902/28
f 2027/1903/28 2028/1904/28 2029/1905/28
f 2033/1906/28 2034/1907/28 2035/1908/28
f 2030/1909/28 2024/1910/28 2029/1905/28
f 2014/1911/28 2020/1912/28 2019/1913/28
f 2002/1914/29 2032/1915/29 2001/1916/29
f 2027/1903/29 2021/1900/29 2022/1901/29
f 2003/1891/29 2009/1894/29 2010/1895/29
f 2011/1896/28 2017/1899/28 2006/1917/28
f 2039/1918/28 2040/1919/28 2041/1920/28
f 2045/1921/28 2046/1922/28 2047/1923/28
f 2051/1924/28 2052/1925/28 2053/1926/28
f 2057/1927/28 2058/1928/28 2059/1929/28
f 2063/1930/28 2064/1931/28 2065/1932/28
f 2069/1933/28 2070/1934/28 2071/1935/28
f 2066/1936/28 2060/1937/28 2065/1932/28
f 2050/1938/28 2056/1939/28 2055/1940/28
f 2038/1941/29 2068/1942/29 2037/1943/29
f 2063/1930/29 2057/1927/29 2058/1928/29
f 2039/1918/29 2045/1921/29 2046/1922/29
f 2047/1923/28 2053/1926/28 2042/1944/28
f 2076/1945/28 2077/1946/28 2073/1947/28
f 2082/1948/28 2083/1949/28 2079/1950/28
f 2088/1951/28 2089/1952/28 2085/1953/28
f 2094/1954/28 2095/1955/28 2091/1956/28
f 2099/1957/28 2100/1958/28 2101/1959/28
f 2103/1960/28 2105/1961/28 2107/1962/28
f 2101/1959/28 2107/1962/28 2096/1963/28
f 2085/1953/28 2091/1956/28 2086/1964/28
f 2073/1947/29 2103/1960/29 2104/1965/29
f 2100/1958/29 2094/1954/29 2099/1957/29
f 2082/1948/29 2076/1945/29 2081/1966/29
f 2083/1949/28 2089/1952/28 2078/1967/28
f 2111/1968/28 2112/1969/28 2113/1970/28
f 2117/1971/28 2118/1972/28 2119/1973/28
f 2123/1974/28 2124/1975/28 2125/1976/28
f 2129/1977/28 2130/1978/28 2131/1979/28
f 2135/1980/28 2136/1981/28 2137/1982/28
f 2141/1983/28 2142/1984/28 2143/1985/28
f 2138/1986/28 2132/1987/28 2137/1982/28
f 2122/1988/28 2128/1989/28 2127/1990/28
f 2110/1991/29 2140/1992/29 2109/1993/29
f 2135/1980/29 2129/1977/29 2130/1978/29
f 2111/1968/29 2117/1971/29 2118/1972/29
f 2119/1973/28 2125/1976/28 2114/1994/28
f 2147/1995/28 2148/1996/28 2149/1997/28
f 2153/1998/28 2154/1999/28 2155/2000/28
f 2157/2001/28 2159/2002/28 2161/2003/28
f 2165/2004/28 2166/2005/28 2167/2006/28
f 2171/2007/28 2172/2008/28 2173/2009/28
f 2175/2010/28 2177/2011/28 2179/2012/28
f 2173/2009/28 2179/2012/28 2168/2013/28
f 2158/2014/28 2164/2015/28 2163/2016/28
f 2145/2017/29 2175/2010/29 2176/2018/29
f 2172/2008/29 2166/2005/29 2171/2007/29
f 2147/1995/29 2153/1998/29 2154/1999/29
f 2155/2000/28 2161/2003/28 2150/2019/28
f 2183/2020/28 2184/2021/28 2185/2022/28
f 2189/2023/28 2190/2024/28 2191/2025/28
f 2195/2026/28 2196/2027/28 2197/2028/28
f 2201/2029/28 2202/2030/28 2203/2031/28
f 2207/2032/28 2208/2033/28 2209/2034/28
f 2213/2035/28 2214/2036/28 2215/2037/28
f 2210/2038/28 2204/2039/28 2209/2034/28
f 2194/2040/28 2200/2041/28 2199/2042/28
f 2182/2043/29 2212/2044/29 2181/2045/29
f 2207/2032/29 2201/2029/29 2202/2030/29
f 2183/2020/29 2189/2023/29 2190/2024/29
f 2191/2025/28 2197/2028/28 2186/2046/28
f 2219/2047/28 2220/2048/28 2221/2049/28
f 2225/2050/28 2226/2051/28 2227/2052/28
f 2229/2053/28 2231/2054/28 2233/2055/28
f 2237/2056/28 2238/2057/28 2239/2058/28
f 2243/2059/28 2244/2060/28 2245/2061/28
f 2247/2062/28 2249/2063/28 2251/2064/28
f 2245/2061/28 2251/2064/28 2240/2065/28
f 2230/2066/28 2236/2067/28 2235/2068/28
f 2217/2069/29 2247/2062/29 2248/2070/29
f 2244/2060/29 2238/2057/29 2243/2059/29
f 2219/2047/29 2225/2050/29 2226/2051/29
f 2227/2052/28 2233/2055/28 2222/2071/28
f 2255/2072/28 2256/2073/28 2257/2074/28
f 2261/2075/28 2262/2076/28 2263/2077/28
f 2267/2078/28 2268/2079/28 2269/2080/28
f 2273/2081/28 2274/2082/28 2275/2083/28
f 2279/2084/28 2280/2085/28 2281/2086/28
f 2285/2087/28 2286/2088/28 2287/2089/28
f 2282/2090/28 2276/2091/28 2281/2086/28
f 2266/2092/28 2272/2093/28 2271/2094/28
f 2254/2095/29 2284/2096/29 2253/2097/29
f 2279/2084/29 2273/2081/29 2274/2082/29
f 2255/2072/29 2261/2075/29 2262/2076/29
f 2263/2077/28 2269/2080/28 2258/2098/28
f 2291/2099/28 2292/2100/28 2293/2101/28
f 2297/2102/28 2298/2103/28 2299/2104/28
f 2303/2105/28 2304/2106/28 2305/2107/28
f 2309/2108/28 2310/2109/28 2311/2110/28
f 2315/2111/28 2316/2112/28 2317/2113/28
f 2321/2114/28 2322/2115/28 2323/2116/28
f 2318/2117/28 2312/2118/28 2317/2113/28
f 2302/2119/28 2308/2120/28 2307/2121/28
f 2290/2122/29 2320/2123/29 2289/2124/29
f 2315/2111/29 2309/2108/29 2310/2109/29
f 2291/2099/29 2297/2102/29 2298/2103/29
f 2299/2104/28 2305/2107/28 2294/2125/28
f 2231/2054/28 2321/2114/28 2232/2126/28
f 2195/2026/28 2249/2063/28 2196/2027/28
f 2079/1950/28 2205/2127/28 2080/2128/28
f 2098/2129/28 1792/2130/28 1791/2131/28
f 1681/1666/28 1807/1748/28 1676/2132/28
f 1645/1639/28 1699/1675/28 1640/2133/28
f 1782/2134/28 1656/1644/28 1655/1643/28
f 2034/1907/28 1764/1720/28 1763/2135/28
f 2008/2136/28 1990/2137/28 1989/2138/28
f 2062/2139/28 1972/2140/28 1971/2141/28
f 2041/1920/28 2275/2083/28 2036/2142/28
f 2257/2074/28 2311/2110/28 2252/2143/28
f 2278/2144/30 1936/2145/31 1935/2146/30
f 2070/1934/32 1944/2147/32 1943/1848/32
f 1951/1852/33 1969/1868/33 1946/2148/33
f 1998/2149/32 1872/1794/32 1871/1793/32
f 1879/1798/33 2005/1893/33 1874/2150/33
f 1755/1719/34 1881/2151/34 1756/2152/34
f 1735/1701/33 1753/1715/33 1730/2153/33
f 1738/2154/35 1648/2155/34 1647/2156/35
f 1691/1670/36 1745/1707/37 1692/1671/37
f 1683/2157/34 1845/2158/35 1684/2159/35
f 1799/1743/36 1853/1780/37 1800/1744/37
f 1825/1765/38 2095/1955/38 1820/2160/38
f 2142/1984/36 2088/1951/36 2087/2161/36
f 1827/1769/28 2133/2162/28 1828/2163/28
f 2113/1970/38 2203/2031/38 2108/2164/38
f 2242/2165/30 2116/2166/31 2115/2167/30
f 2149/1997/38 2239/2058/38 2144/2168/38
f 2151/2169/30 2313/2170/31 2152/2171/31
f 2159/2002/32 2285/2087/32 2160/2172/32
f 1933/1843/28 2167/2006/28 1928/2173/28
f 2170/2174/30 1900/2175/31 1899/2176/30
f 1897/1816/38 2131/1979/38 1892/2177/38
f 1926/1830/36 1836/1770/36 1835/2178/36
f 1717/1692/28 1843/1774/28 1712/2179/28
f 1719/1696/34 1917/2180/34 1720/2181/34
f 1861/1789/33 1915/1825/33 1856/2182/33
f 1907/1820/32 1961/1857/32 1908/1821/32
f 2123/1974/28 2177/2011/28 2124/1975/28
f 1890/1803/28 1728/1697/28 1727/2183/28
f 1954/2184/28 1864/2185/28 1863/2186/28
f 1645/1639/28 1640/2133/28 1643/1637/28
f 1640/2133/28 1641/1662/28 1643/1637/28
f 1641/1662/28 1642/1660/28 1643/1637/28
f 1651/1642/28 1646/1663/28 1647/2156/28
f 1647/2156/28 1648/2155/28 1651/1642/28
f 1648/2155/28 1649/1640/28 1651/1642/28
f 1657/1645/28 1652/2187/28 1655/1643/28
f 1652/2187/28 1653/2188/28 1655/1643/28
f 1653/2188/28 1654/1657/28 1655/1643/28
f 1663/1648/28 1658/2189/28 1661/1646/28
f 1658/2189/28 1659/1659/28 1661/1646/28
f 1659/1659/28 1660/1658/28 1661/1646/28
f 1669/1651/28 1664/1656/28 1667/1649/28
f 1664/1656/28 1665/2190/28 1667/1649/28
f 1665/2190/28 1666/2191/28 1667/1649/28
f 1675/1654/28 1670/1655/28 1673/1652/28
f 1670/1655/28 1671/2192/28 1673/1652/28
f 1671/2192/28 1672/1661/28 1673/1652/28
f 1670/1655/28 1675/1654/28 1664/1656/28
f 1654/1657/28 1653/2188/28 1660/1658/28
f 1642/1660/29 1671/2192/29 1672/1661/29
f 1667/1649/29 1668/1650/29 1661/1646/29
f 1643/1637/29 1644/1638/29 1649/1640/29
f 1651/1642/28 1652/2187/28 1657/1645/28
f 1681/1666/28 1676/2132/28 1679/1664/28
f 1676/2132/28 1677/1689/28 1679/1664/28
f 1677/1689/28 1678/1687/28 1679/1664/28
f 1687/1669/28 1682/1690/28 1683/2157/28
f 1683/2157/28 1684/2159/28 1687/1669/28
f 1684/2159/28 1685/1667/28 1687/1669/28
f 1693/1672/28 1688/2193/28 1691/1670/28
f 1688/2193/28 1689/2194/28 1691/1670/28
f 1689/2194/28 1690/1684/28 1691/1670/28
f 1699/1675/28 1694/2195/28 1697/1673/28
f 1694/2195/28 1695/1686/28 1697/1673/28
f 1695/1686/28 1696/1685/28 1697/1673/28
f 1705/1678/28 1700/1683/28 1703/1676/28
f 1700/1683/28 1701/2196/28 1703/1676/28
f 1701/2196/28 1702/2197/28 1703/1676/28
f 1711/1681/28 1706/1682/28 1709/1679/28
f 1706/1682/28 1707/2198/28 1709/1679/28
f 1707/2198/28 1708/1688/28 1709/1679/28
f 1706/1682/28 1711/1681/28 1700/1683/28
f 1690/1684/28 1689/2194/28 1696/1685/28
f 1678/1687/29 1707/2198/29 1708/1688/29
f 1703/1676/29 1704/1677/29 1697/1673/29
f 1679/1664/29 1680/1665/29 1685/1667/29
f 1687/1669/28 1688/2193/28 1693/1672/28
f 1717/1692/28 1712/2179/28 1713/1693/28
f 1713/1693/28 1714/2199/28 1715/2200/28
f 1715/2200/28 1716/1691/28 1713/1693/28
f 1723/1695/28 1718/1713/28 1719/1696/28
f 1719/1696/28 1720/2181/28 1721/1712/28
f 1721/1712/28 1722/1694/28 1719/1696/28
f 1729/1698/28 1724/2201/28 1725/1699/28
f 1725/1699/28 1726/1710/28 1727/2183/28
f 1727/2183/28 1728/1697/28 1725/1699/28
f 1735/1701/28 1730/2153/28 1731/1702/28
f 1731/1702/28 1732/2202/28 1733/2203/28
f 1733/2203/28 1734/1700/28 1731/1702/28
f 1741/1705/28 1736/1709/28 1737/2204/28
f 1737/2204/28 1738/2154/28 1741/1705/28
f 1738/2154/28 1739/1703/28 1741/1705/28
f 1747/1708/28 1742/2205/28 1743/1706/28
f 1743/1706/28 1744/1711/28 1745/1707/28
f 1745/1707/28 1746/2206/28 1747/1708/28
f 1741/1705/28 1742/2205/28 1747/1708/28
f 1725/1699/28 1732/2202/28 1731/1702/28
f 1713/1693/29 1714/2199/29 1743/1706/29
f 1740/1704/29 1733/2203/29 1734/1700/29
f 1722/1694/29 1715/2200/29 1716/1691/29
f 1723/1695/28 1724/2201/28 1729/1698/28
f 1753/1715/28 1748/2207/28 1749/1716/28
f 1749/1716/28 1750/2208/28 1751/2209/28
f 1751/2209/28 1752/1714/28 1749/1716/28
f 1759/1718/28 1754/1736/28 1755/1719/28
f 1755/1719/28 1756/2152/28 1757/1735/28
f 1757/1735/28 1758/1717/28 1755/1719/28
f 1765/1721/28 1760/2210/28 1761/1722/28
f 1761/1722/28 1762/1733/28 1763/2135/28
f 1763/2135/28 1764/1720/28 1761/1722/28
f 1771/1724/28 1766/2211/28 1767/1725/28
f 1767/1725/28 1768/2212/28 1769/2213/28
f 1769/2213/28 1770/1723/28 1767/1725/28
f 1777/1728/28 1772/1732/28 1773/2214/28
f 1773/2214/28 1774/2215/28 1777/1728/28
f 1774/2215/28 1775/1726/28 1777/1728/28
f 1783/1731/28 1778/2216/28 1779/1729/28
f 1779/1729/28 1780/1734/28 1781/1730/28
f 1781/1730/28 1782/2134/28 1783/1731/28
f 1777/1728/28 1778/2216/28 1783/1731/28
f 1761/1722/28 1768/2212/28 1767/1725/28
f 1749/1716/29 1750/2208/29 1779/1729/29
f 1776/1727/29 1769/2213/29 1770/1723/29
f 1758/1717/29 1751/2209/29 1752/1714/29
f 1759/1718/28 1760/2210/28 1765/1721/28
f 1789/1739/28 1784/2217/28 1787/1737/28
f 1784/2217/28 1785/1762/28 1787/1737/28
f 1785/1762/28 1786/1760/28 1787/1737/28
f 1795/1742/28 1790/1763/28 1791/2131/28
f 1791/2131/28 1792/2130/28 1795/1742/28
f 1792/2130/28 1793/1740/28 1795/1742/28
f 1801/1745/28 1796/2218/28 1799/1743/28
f 1796/2218/28 1797/2219/28 1799/1743/28
f 1797/2219/28 1798/1757/28 1799/1743/28
f 1807/1748/28 1802/2220/28 1805/1746/28
f 1802/2220/28 1803/1759/28 1805/1746/28
f 1803/1759/28 1804/1758/28 1805/1746/28
f 1813/1751/28 1808/1756/28 1811/1749/28
f 1808/1756/28 1809/2221/28 1811/1749/28
f 1809/2221/28 1810/2222/28 1811/1749/28
f 1819/1754/28 1814/1755/28 1817/1752/28
f 1814/1755/28 1815/2223/28 1817/1752/28
f 1815/2223/28 1816/1761/28 1817/1752/28
f 1814/1755/28 1819/1754/28 1808/1756/28
f 1798/1757/28 1797/2219/28 1804/1758/28
f 1786/1760/29 1815/2223/29 1816/1761/29
f 1811/1749/29 1812/1750/29 1805/1746/29
f 1787/1737/29 1788/1738/29 1793/1740/29
f 1795/1742/28 1796/2218/28 1801/1745/28
f 1825/1765/28 1820/2160/28 1821/1766/28
f 1821/1766/28 1822/2224/28 1823/2225/28
f 1823/2225/28 1824/1764/28 1821/1766/28
f 1831/1768/28 1826/1786/28 1827/1769/28
f 1827/1769/28 1828/2163/28 1829/1785/28
f 1829/1785/28 1830/1767/28 1827/1769/28
f 1837/1771/28 1832/2226/28 1833/1772/28
f 1833/1772/28 1834/1783/28 1835/2178/28
f 1835/2178/28 1836/1770/28 1833/1772/28
f 1843/1774/28 1838/2227/28 1839/1775/28
f 1839/1775/28 1840/2228/28 1841/2229/28
f 1841/2229/28 1842/1773/28 1839/1775/28
f 1849/1778/28 1844/1782/28 1845/2158/28
f 1845/2158/28 1846/2230/28 1849/1778/28
f 1846/2230/28 1847/1776/28 1849/1778/28
f 1855/1781/28 1850/2231/28 1851/1779/28
f 1851/1779/28 1852/1784/28 1853/1780/28
f 1853/1780/28 1854/2232/28 1855/1781/28
f 1849/1778/28 1850/2231/28 1855/1781/28
f 1833/1772/28 1840/2228/28 1839/1775/28
f 1821/1766/29 1822/2224/29 1851/1779/29
f 1848/1777/29 1841/2229/29 1842/1773/29
f 1830/1767/29 1823/2225/29 1824/1764/29
f 1831/1768/28 1832/2226/28 1837/1771/28
f 1861/1789/28 1856/2182/28 1859/1787/28
f 1856/2182/28 1857/1812/28 1859/1787/28
f 1857/1812/28 1858/1810/28 1859/1787/28
f 1867/1792/28 1862/1813/28 1863/2186/28
f 1863/2186/28 1864/2185/28 1867/1792/28
f 1864/2185/28 1865/1790/28 1867/1792/28
f 1873/1795/28 1868/2233/28 1871/1793/28
f 1868/2233/28 1869/2234/28 1871/1793/28
f 1869/2234/28 1870/1807/28 1871/1793/28
f 1879/1798/28 1874/2150/28 1877/1796/28
f 1874/2150/28 1875/1809/28 1877/1796/28
f 1875/1809/28 1876/1808/28 1877/1796/28
f 1885/1801/28 1880/1806/28 1883/1799/28
f 1880/1806/28 1881/2151/28 1883/1799/28
f 1881/2151/28 1882/2235/28 1883/1799/28
f 1891/1804/28 1886/1805/28 1889/1802/28
f 1886/1805/28 1887/2236/28 1889/1802/28
f 1887/2236/28 1888/1811/28 1889/1802/28
f 1886/1805/28 1891/1804/28 1880/1806/28
f 1870/1807/28 1869/2234/28 1876/1808/28
f 1858/1810/29 1887/2236/29 1888/1811/29
f 1883/1799/29 1884/1800/29 1877/1796/29
f 1859/1787/29 1860/1788/29 1865/1790/29
f 1867/1792/28 1868/2233/28 1873/1795/28
f 1897/1816/28 1892/2177/28 1895/1814/28
f 1892/2177/28 1893/1839/28 1895/1814/28
f 1893/1839/28 1894/1837/28 1895/1814/28
f 1903/1819/28 1898/1840/28 1899/2176/28
f 1899/2176/28 1900/2175/28 1903/1819/28
f 1900/2175/28 1901/1817/28 1903/1819/28
f 1909/1822/28 1904/2237/28 1907/1820/28
f 1904/2237/28 1905/2238/28 1907/1820/28
f 1905/2238/28 1906/1834/28 1907/1820/28
f 1915/1825/28 1910/2239/28 1913/1823/28
f 1910/2239/28 1911/1836/28 1913/1823/28
f 1911/1836/28 1912/1835/28 1913/1823/28
f 1921/1828/28 1916/1833/28 1919/1826/28
f 1916/1833/28 1917/2180/28 1919/1826/28
f 1917/2180/28 1918/2240/28 1919/1826/28
f 1927/1831/28 1922/1832/28 1925/1829/28
f 1922/1832/28 1923/2241/28 1925/1829/28
f 1923/2241/28 1924/1838/28 1925/1829/28
f 1922/1832/28 1927/1831/28 1916/1833/28
f 1906/1834/28 1905/2238/28 1912/1835/28
f 1894/1837/29 1923/2241/29 1924/1838/29
f 1919/1826/29 1920/1827/29 1913/1823/29
f 1895/1814/29 1896/1815/29 1901/1817/29
f 1903/1819/28 1904/2237/28 1909/1822/28
f 1933/1843/28 1928/2173/28 1931/1841/28
f 1928/2173/28 1929/1863/28 1931/1841/28
f 1929/1863/28 1930/2242/28 1931/1841/28
f 1939/1846/28 1934/1865/28 1935/2146/28
f 1935/2146/28 1936/2145/28 1939/1846/28
f 1936/2145/28 1937/1844/28 1939/1846/28
f 1945/1849/28 1940/2243/28 1941/1847/28
f 1941/1847/28 1942/1860/28 1943/1848/28
f 1943/1848/28 1944/2147/28 1945/1849/28
f 1951/1852/28 1946/2148/28 1947/1862/28
f 1947/1862/28 1948/1861/28 1951/1852/28
f 1948/1861/28 1949/1850/28 1951/1852/28
f 1957/1855/28 1952/1859/28 1953/2244/28
f 1953/2244/28 1954/2184/28 1957/1855/28
f 1954/2184/28 1955/1853/28 1957/1855/28
f 1963/1858/28 1958/2245/28 1959/1856/28
f 1959/1856/28 1960/1864/28 1961/1857/28
f 1961/1857/28 1962/2246/28 1963/1858/28
f 1957/1855/28 1958/2245/28 1963/1858/28
f 1942/1860/28 1941/1847/28 1948/1861/28
f 1929/1863/29 1930/2242/29 1959/1856/29
f 1956/1854/29 1949/1850/29 1950/1851/29
f 1931/1841/29 1932/1842/29 1937/1844/29
f 1939/1846/28 1940/2243/28 1945/1849/28
f 1969/1868/28 1964/2247/28 1967/1866/28
f 1964/2247/28 1965/1888/28 1967/1866/28
f 1965/1888/28 1966/2248/28 1967/1866/28
f 1975/1871/28 1970/1890/28 1971/2141/28
f 1971/2141/28 1972/2140/28 1975/1871/28
f 1972/2140/28 1973/1869/28 1975/1871/28
f 1981/1874/28 1976/2249/28 1977/1872/28
f 1977/1872/28 1978/1885/28 1979/1873/28
f 1979/1873/28 1980/2250/28 1981/1874/28
f 1987/1877/28 1982/2251/28 1983/1887/28
f 1983/1887/28 1984/1886/28 1987/1877/28
f 1984/1886/28 1985/1875/28 1987/1877/28
f 1993/1880/28 1988/1884/28 1989/2138/28
f 1989/2138/28 1990/2137/28 1993/1880/28
f 1990/2137/28 1991/1878/28 1993/1880/28
f 1999/1883/28 1994/2252/28 1995/1881/28
f 1995/1881/28 1996/1889/28 1997/1882/28
f 1997/1882/28 1998/2149/28 1999/1883/28
f 1993/1880/28 1994/2252/28 1999/1883/28
f 1978/1885/28 1977/1872/28 1984/1886/28
f 1965/1888/29 1966/2248/29 1995/1881/29
f 1992/1879/29 1985/1875/29 1986/1876/29
f 1967/1866/29 1968/1867/29 1973/1869/29
f 1975/1871/28 1976/2249/28 1981/1874/28
f 2005/1893/28 2000/2253/28 2003/1891/28
f 2000/2253/28 2001/1916/28 2003/1891/28
f 2001/1916/28 2002/1914/28 2003/1891/28
f 2011/1896/28 2006/1917/28 2007/2254/28
f 2007/2254/28 2008/2136/28 2011/1896/28
f 2008/2136/28 2009/1894/28 2011/1896/28
f 2017/1899/28 2012/2255/28 2015/1897/28
f 2012/2255/28 2013/2256/28 2015/1897/28
f 2013/2256/28 2014/1911/28 2015/1897/28
f 2023/1902/28 2018/2257/28 2021/1900/28
f 2018/2257/28 2019/1913/28 2021/1900/28
f 2019/1913/28 2020/1912/28 2021/1900/28
f 2029/1905/28 2024/1910/28 2027/1903/28
f 2024/1910/28 2025/2258/28 2027/1903/28
f 2025/2258/28 2026/2259/28 2027/1903/28
f 2035/1908/28 2030/1909/28 2033/1906/28
f 2030/1909/28 2031/2260/28 2033/1906/28
f 2031/2260/28 2032/1915/28 2033/1906/28
f 2030/1909/28 2035/1908/28 2024/1910/28
f 2014/1911/28 2013/2256/28 2020/1912/28
f 2002/1914/29 2031/2260/29 2032/1915/29
f 2027/1903/29 2028/1904/29 2021/1900/29
f 2003/1891/29 2004/1892/29 2009/1894/29
f 2011/1896/28 2012/2255/28 2017/1899/28
f 2041/1920/28 2036/2142/28 2039/1918/28
f 2036/2142/28 2037/1943/28 2039/1918/28
f 2037/1943/28 2038/1941/28 2039/1918/28
f 2047/1923/28 2042/1944/28 2043/2261/28
f 2043/2261/28 2044/2262/28 2047/1923/28
f 2044/2262/28 2045/1921/28 2047/1923/28
f 2053/1926/28 2048/2263/28 2051/1924/28
f 2048/2263/28 2049/2264/28 2051/1924/28
f 2049/2264/28 2050/1938/28 2051/1924/28
f 2059/1929/28 2054/2265/28 2057/1927/28
f 2054/2265/28 2055/1940/28 2057/1927/28
f 2055/1940/28 2056/1939/28 2057/1927/28
f 2065/1932/28 2060/1937/28 2063/1930/28
f 2060/1937/28 2061/2266/28 2063/1930/28
f 2061/2266/28 2062/2139/28 2063/1930/28
f 2071/1935/28 2066/1936/28 2069/1933/28
f 2066/1936/28 2067/2267/28 2069/1933/28
f 2067/2267/28 2068/1942/28 2069/1933/28
f 2066/1936/28 2071/1935/28 2060/1937/28
f 2050/1938/28 2049/2264/28 2056/1939/28
f 2038/1941/29 2067/2267/29 2068/1942/29
f 2063/1930/29 2064/1931/29 2057/1927/29
f 2039/1918/29 2040/1919/29 2045/1921/29
f 2047/1923/28 2048/2263/28 2053/1926/28
f 2077/1946/28 2072/2268/28 2073/1947/28
f 2073/1947/28 2074/2269/28 2075/2270/28
f 2075/2270/28 2076/1945/28 2073/1947/28
f 2083/1949/28 2078/1967/28 2079/1950/28
f 2079/1950/28 2080/2128/28 2081/1966/28
f 2081/1966/28 2082/1948/28 2079/1950/28
f 2089/1952/28 2084/2271/28 2085/1953/28
f 2085/1953/28 2086/1964/28 2087/2161/28
f 2087/2161/28 2088/1951/28 2085/1953/28
f 2095/1955/28 2090/2272/28 2091/1956/28
f 2091/1956/28 2092/2273/28 2093/2274/28
f 2093/2274/28 2094/1954/28 2091/1956/28
f 2101/1959/28 2096/1963/28 2097/2275/28
f 2097/2275/28 2098/2129/28 2101/1959/28
f 2098/2129/28 2099/1957/28 2101/1959/28
f 2107/1962/28 2102/2276/28 2103/1960/28
f 2103/1960/28 2104/1965/28 2105/1961/28
f 2105/1961/28 2106/2277/28 2107/1962/28
f 2101/1959/28 2102/2276/28 2107/1962/28
f 2085/1953/28 2092/2273/28 2091/1956/28
f 2073/1947/29 2074/2269/29 2103/1960/29
f 2100/1958/29 2093/2274/29 2094/1954/29
f 2082/1948/29 2075/2270/29 2076/1945/29
f 2083/1949/28 2084/2271/28 2089/1952/28
f 2113/1970/28 2108/2164/28 2111/1968/28
f 2108/2164/28 2109/1993/28 2111/1968/28
f 2109/1993/28 2110/1991/28 2111/1968/28
f 2119/1973/28 2114/1994/28 2115/2167/28
f 2115/2167/28 2116/2166/28 2119/1973/28
f 2116/2166/28 2117/1971/28 2119/1973/28
f 2125/1976/28 2120/2278/28 2123/1974/28
f 2120/2278/28 2121/2279/28 2123/1974/28
f 2121/2279/28 2122/1988/28 2123/1974/28
f 2131/1979/28 2126/2280/28 2129/1977/28
f 2126/2280/28 2127/1990/28 2129/1977/28
f 2127/1990/28 2128/1989/28 2129/1977/28
f 2137/1982/28 2132/1987/28 2135/1980/28
f 2132/1987/28 2133/2162/28 2135/1980/28
f 2133/2162/28 2134/2281/28 2135/1980/28
f 2143/1985/28 2138/1986/28 2141/1983/28
f 2138/1986/28 2139/2282/28 2141/1983/28
f 2139/2282/28 2140/1992/28 2141/1983/28
f 2138/1986/28 2143/1985/28 2132/1987/28
f 2122/1988/28 2121/2279/28 2128/1989/28
f 2110/1991/29 2139/2282/29 2140/1992/29
f 2135/1980/29 2136/1981/29 2129/1977/29
f 2111/1968/29 2112/1969/29 2117/1971/29
f 2119/1973/28 2120/2278/28 2125/1976/28
f 2149/1997/28 2144/2168/28 2147/1995/28
f 2144/2168/28 2145/2017/28 2147/1995/28
f 2145/2017/28 2146/2283/28 2147/1995/28
f 2155/2000/28 2150/2019/28 2151/2169/28
f 2151/2169/28 2152/2171/28 2155/2000/28
f 2152/2171/28 2153/1998/28 2155/2000/28
f 2161/2003/28 2156/2284/28 2157/2001/28
f 2157/2001/28 2158/2014/28 2159/2002/28
f 2159/2002/28 2160/2172/28 2161/2003/28
f 2167/2006/28 2162/2285/28 2163/2016/28
f 2163/2016/28 2164/2015/28 2167/2006/28
f 2164/2015/28 2165/2004/28 2167/2006/28
f 2173/2009/28 2168/2013/28 2169/2286/28
f 2169/2286/28 2170/2174/28 2173/2009/28
f 2170/2174/28 2171/2007/28 2173/2009/28
f 2179/2012/28 2174/2287/28 2175/2010/28
f 2175/2010/28 2176/2018/28 2177/2011/28
f 2177/2011/28 2178/2288/28 2179/2012/28
f 2173/2009/28 2174/2287/28 2179/2012/28
f 2158/2014/28 2157/2001/28 2164/2015/28
f 2145/2017/29 2146/2283/29 2175/2010/29
f 2172/2008/29 2165/2004/29 2166/2005/29
f 2147/1995/29 2148/1996/29 2153/1998/29
f 2155/2000/28 2156/2284/28 2161/2003/28
f 2185/2022/28 2180/2289/28 2183/2020/28
f 2180/2289/28 2181/2045/28 2183/2020/28
f 2181/2045/28 2182/2043/28 2183/2020/28
f 2191/2025/28 2186/2046/28 2187/2290/28
f 2187/2290/28 2188/2291/28 2191/2025/28
f 2188/2291/28 2189/2023/28 2191/2025/28
f 2197/2028/28 2192/2292/28 2195/2026/28
f 2192/2292/28 2193/2293/28 2195/2026/28
f 2193/2293/28 2194/2040/28 2195/2026/28
f 2203/2031/28 2198/2294/28 2201/2029/28
f 2198/2294/28 2199/2042/28 2201/2029/28
f 2199/2042/28 2200/2041/28 2201/2029/28
f 2209/2034/28 2204/2039/28 2207/2032/28
f 2204/2039/28 2205/2127/28 2207/2032/28
f 2205/2127/28 2206/2295/28 2207/2032/28
f 2215/2037/28 2210/2038/28 2213/2035/28
f 2210/2038/28 2211/2296/28 2213/2035/28
f 2211/2296/28 2212/2044/28 2213/2035/28
f 2210/2038/28 2215/2037/28 2204/2039/28
f 2194/2040/28 2193/2293/28 2200/2041/28
f 2182/2043/29 2211/2296/29 2212/2044/29
f 2207/2032/29 2208/2033/29 2201/2029/29
f 2183/2020/29 2184/2021/29 2189/2023/29
f 2191/2025/28 2192/2292/28 2197/2028/28
f 2221/2049/28 2216/2297/28 2219/2047/28
f 2216/2297/28 2217/2069/28 2219/2047/28
f 2217/2069/28 2218/2298/28 2219/2047/28
f 2227/2052/28 2222/2071/28 2223/2299/28
f 2223/2299/28 2224/2300/28 2227/2052/28
f 2224/2300/28 2225/2050/28 2227/2052/28
f 2233/2055/28 2228/2301/28 2229/2053/28
f 2229/2053/28 2230/2066/28 2231/2054/28
f 2231/2054/28 2232/2126/28 2233/2055/28
f 2239/2058/28 2234/2302/28 2235/2068/28
f 2235/2068/28 2236/2067/28 2239/2058/28
f 2236/2067/28 2237/2056/28 2239/2058/28
f 2245/2061/28 2240/2065/28 2241/2303/28
f 2241/2303/28 2242/2165/28 2245/2061/28
f 2242/2165/28 2243/2059/28 2245/2061/28
f 2251/2064/28 2246/2304/28 2247/2062/28
f 2247/2062/28 2248/2070/28 2249/2063/28
f 2249/2063/28 2250/2305/28 2251/2064/28
f 2245/2061/28 2246/2304/28 2251/2064/28
f 2230/2066/28 2229/2053/28 2236/2067/28
f 2217/2069/29 2218/2298/29 2247/2062/29
f 2244/2060/29 2237/2056/29 2238/2057/29
f 2219/2047/29 2220/2048/29 2225/2050/29
f 2227/2052/28 2228/2301/28 2233/2055/28
f 2257/2074/28 2252/2143/28 2255/2072/28
f 2252/2143/28 2253/2097/28 2255/2072/28
f 2253/2097/28 2254/2095/28 2255/2072/28
f 2263/2077/28 2258/2098/28 2259/2306/28
f 2259/2306/28 2260/2307/28 2263/2077/28
f 2260/2307/28 2261/2075/28 2263/2077/28
f 2269/2080/28 2264/2308/28 2267/2078/28
f 2264/2308/28 2265/2309/28 2267/2078/28
f 2265/2309/28 2266/2092/28 2267/2078/28
f 2275/2083/28 2270/2310/28 2273/2081/28
f 2270/2310/28 2271/2094/28 2273/2081/28
f 2271/2094/28 2272/2093/28 2273/2081/28
f 2281/2086/28 2276/2091/28 2279/2084/28
f 2276/2091/28 2277/2311/28 2279/2084/28
f 2277/2311/28 2278/2144/28 2279/2084/28
f 2287/2089/28 2282/2090/28 2285/2087/28
f 2282/2090/28 2283/2312/28 2285/2087/28
f 2283/2312/28 2284/2096/28 2285/2087/28
f 2282/2090/28 2287/2089/28 2276/2091/28
f 2266/2092/28 2265/2309/28 2272/2093/28
f 2254/2095/29 2283/2312/29 2284/2096/29
f 2279/2084/29 2280/2085/29 2273/2081/29
f 2255/2072/29 2256/2073/29 2261/2075/29
f 2263/2077/28 2264/2308/28 2269/2080/28
f 2293/2101/28 2288/2313/28 2291/2099/28
f 2288/2313/28 2289/2124/28 2291/2099/28
f 2289/2124/28 2290/2122/28 2291/2099/28
f 2299/2104/28 2294/2125/28 2295/2314/28
f 2295/2314/28 2296/2315/28 2299/2104/28
f 2296/2315/28 2297/2102/28 2299/2104/28
f 2305/2107/28 2300/2316/28 2303/2105/28
f 2300/2316/28 2301/2317/28 2303/2105/28
f 2301/2317/28 2302/2119/28 2303/2105/28
f 2311/2110/28 2306/2318/28 2309/2108/28
f 2306/2318/28 2307/2121/28 2309/2108/28
f 2307/2121/28 2308/2120/28 2309/2108/28
f 2317/2113/28 2312/2118/28 2315/2111/28
f 2312/2118/28 2313/2170/28 2315/2111/28
f 2313/2170/28 2314/2319/28 2315/2111/28
f 2323/2116/28 2318/2117/28 2321/2114/28
f 2318/2117/28 2319/2320/28 2321/2114/28
f 2319/2320/28 2320/2123/28 2321/2114/28
f 2318/2117/28 2323/2116/28 2312/2118/28
f 2302/2119/28 2301/2317/28 2308/2120/28
f 2290/2122/29 2319/2320/29 2320/2123/29
f 2315/2111/29 2316/2112/29 2309/2108/29
f 2291/2099/29 2292/2100/29 2297/2102/29
f 2299/2104/28 2300/2316/28 2305/2107/28
f 2231/2054/28 2322/2115/28 2321/2114/28
f 2195/2026/28 2250/2305/28 2249/2063/28
f 2079/1950/28 2206/2295/28 2205/2127/28
f 2098/2129/28 2097/2275/28 1792/2130/28
f 1681/1666/28 1802/2220/28 1807/1748/28
f 1645/1639/28 1694/2195/28 1699/1675/28
f 1782/2134/28 1781/1730/28 1656/1644/28
f 2034/1907/28 2033/1906/28 1764/1720/28
f 2008/2136/28 2007/2254/28 1990/2137/28
f 2062/2139/28 2061/2266/28 1972/2140/28
f 2041/1920/28 2270/2310/28 2275/2083/28
f 2257/2074/28 2306/2318/28 2311/2110/28
f 2278/2144/30 2277/2311/31 1936/2145/31
f 2070/1934/32 2069/1933/32 1944/2147/32
f 1951/1852/33 1964/2247/33 1969/1868/33
f 1998/2149/32 1997/1882/39 1872/1794/32
f 1879/1798/33 2000/2253/33 2005/1893/33
f 1755/1719/34 1882/2235/34 1881/2151/34
f 1735/1701/33 1748/2207/33 1753/1715/33
f 1738/2154/35 1737/2204/34 1648/2155/34
f 1691/1670/36 1746/2206/36 1745/1707/37
f 1683/2157/34 1846/2230/34 1845/2158/35
f 1799/1743/36 1854/2232/36 1853/1780/37
f 1825/1765/38 2090/2272/38 2095/1955/38
f 2142/1984/36 2141/1983/36 2088/1951/36
f 1827/1769/28 2134/2281/28 2133/2162/28
f 2113/1970/38 2198/2294/38 2203/2031/38
f 2242/2165/30 2241/2303/31 2116/2166/31
f 2149/1997/38 2234/2302/38 2239/2058/38
f 2151/2169/30 2314/2319/30 2313/2170/31
f 2159/2002/32 2286/2088/32 2285/2087/32
f 1933/1843/28 2162/2285/28 2167/2006/28
f 2170/2174/30 2169/2286/31 1900/2175/31
f 1897/1816/38 2126/2280/38 2131/1979/38
f 1926/1830/36 1925/1829/36 1836/1770/36
f 1717/1692/28 1838/2227/28 1843/1774/28
f 1719/1696/34 1918/2240/34 1917/2180/34
f 1861/1789/33 1910/2239/33 1915/1825/33
f 1907/1820/32 1962/2246/32 1961/1857/32
f 2123/1974/28 2178/2288/28 2177/2011/28
f 1890/1803/28 1889/1802/28 1728/1697/28
f 1954/2184/28 1953/2244/28 1864/2185/28
l 1879 2001
o path.observation
v -238.012543 -5.000178 -342.426208
v -239.262543 -5.000178 -340.261139
v -228.147156 -5.000177 -333.843689
v -224.442017 -5.000178 -340.261139
v -225.692032 -5.000178 -342.426208
v -191.966064 -5.000176 -321.511139
v -189.801010 -5.000176 -320.261139
v -193.216064 -5.000177 -326.176208
v -193.216064 -5.000176 -323.676208
v -205.536591 -5.000177 -326.176208
v -200.626328 -5.000178 -339.011139
v -206.786591 -5.000177 -328.341278
v -270.488495 -5.000179 -361.176208
v -271.738495 -5.000179 -359.011139
v -260.623108 -5.000179 -352.593689
v -256.917969 -5.000179 -359.011139
v -258.167969 -5.000179 -361.176208
v -222.276962 -5.000178 -339.011139
v -225.982101 -5.000177 -332.593689
v -254.752914 -5.000179 -357.761139
v -258.458069 -5.000179 -351.343658
v -191.966064 -5.000177 -328.341278
v -198.126328 -5.000178 -339.011139
v -194.711273 -5.000178 -342.426208
v -195.961273 -5.000178 -340.261139
v -189.801010 -5.000177 -329.591278
v -187.301010 -5.000177 -329.591278
v -181.140747 -5.000178 -340.261139
v -182.390747 -5.000178 -342.426208
v -171.565430 -5.000177 -326.176208
v -170.315430 -5.000177 -328.341278
v -176.475693 -5.000178 -339.011139
v -178.975693 -5.000178 -339.011139
v -185.135956 -5.000177 -328.341278
v -183.885956 -5.000177 -326.176208
v -183.885956 -5.000176 -323.676208
v -185.135956 -5.000176 -321.511139
v -178.975693 -5.000175 -310.841278
v -176.475693 -5.000175 -310.841278
v -170.315430 -5.000176 -321.511139
v -171.565430 -5.000176 -323.676208
v -181.140747 -5.000175 -309.591278
v -187.301010 -5.000176 -320.261139
v -205.536591 -5.000176 -323.676208
v -214.866699 -5.000177 -326.176208
v -213.616699 -5.000177 -328.341278
v -219.776962 -5.000178 -339.011139
v -225.692017 -5.000178 -344.926208
v -224.442017 -5.000178 -347.091278
v -230.602280 -5.000179 -357.761139
v -233.102280 -5.000179 -357.761139
v -239.262543 -5.000178 -347.091278
v -238.012543 -5.000178 -344.926208
v -227.187225 -5.000179 -361.176208
v -228.437225 -5.000179 -359.011139
v -222.276962 -5.000178 -348.341278
v -219.776962 -5.000178 -348.341278
v -213.616699 -5.000179 -359.011139
v -214.866699 -5.000179 -361.176208
v -204.041382 -5.000178 -344.926208
v -202.791382 -5.000178 -347.091278
v -208.951645 -5.000179 -357.761139
v -211.451645 -5.000179 -357.761139
v -217.611908 -5.000178 -347.091278
v -216.361908 -5.000178 -344.926208
v -216.361908 -5.000178 -342.426208
v -217.611908 -5.000178 -340.261139
v -211.451645 -5.000177 -329.591278
v -208.951645 -5.000177 -329.591278
v -202.791382 -5.000178 -340.261139
v -204.041382 -5.000178 -342.426208
v -247.342651 -5.000178 -344.926208
v -246.092651 -5.000178 -347.091278
v -252.252914 -5.000179 -357.761139
v -258.167969 -5.000180 -363.676208
v -256.917969 -5.000180 -365.841278
v -263.078247 -5.000181 -376.511139
v -265.578247 -5.000181 -376.511139
v -271.738495 -5.000180 -365.841278
v -270.488495 -5.000180 -363.676208
v -259.663177 -5.000181 -379.926208
v -260.913177 -5.000181 -377.761139
v -254.752914 -5.000180 -367.091278
v -252.252914 -5.000180 -367.091278
v -246.092651 -5.000181 -377.761139
v -247.342651 -5.000181 -379.926208
v -236.517334 -5.000180 -363.676208
v -235.267334 -5.000180 -365.841278
v -241.427597 -5.000181 -376.511139
v -243.927597 -5.000181 -376.511139
v -250.087860 -5.000180 -365.841278
v -248.837860 -5.000180 -363.676208
v -248.837860 -5.000179 -361.176208
v -250.087860 -5.000179 -359.011139
v -243.927597 -5.000178 -348.341278
v -241.427597 -5.000178 -348.341278
v -235.267334 -5.000179 -359.011139
v -236.517334 -5.000179 -361.176208
v -279.818634 -5.000180 -363.676208
v -278.568634 -5.000180 -365.841278
v -284.728882 -5.000181 -376.511139
v -287.228882 -5.000181 -376.511139
v -293.389160 -5.000180 -365.841278
v -292.139160 -5.000180 -363.676208
v -302.964478 -5.000181 -379.926208
v -304.214478 -5.000181 -377.761139
v -298.054199 -5.000180 -367.091278
v -295.554199 -5.000180 -367.091278
v -289.393951 -5.000181 -377.761139
v -290.643982 -5.000181 -379.926208
v -290.643951 -5.000181 -382.426208
v -289.393951 -5.000181 -384.591278
v -295.554199 -5.000182 -395.261139
v -298.054199 -5.000182 -395.261139
v -304.214478 -5.000181 -384.591278
v -302.964478 -5.000181 -382.426208
v -292.139160 -5.000182 -398.676208
v -293.389160 -5.000182 -396.511139
v -287.228882 -5.000181 -385.841278
v -284.728882 -5.000181 -385.841278
v -278.568634 -5.000182 -396.511139
v -279.818634 -5.000182 -398.676208
v -285.978882 -5.000182 -398.676208
v -268.993317 -5.000181 -382.426208
v -267.743317 -5.000181 -384.591278
v -273.903564 -5.000182 -395.261139
v -276.403564 -5.000182 -395.261139
v -282.563843 -5.000181 -384.591278
v -281.313843 -5.000181 -382.426208
v -281.313843 -5.000181 -379.926208
v -282.563843 -5.000181 -377.761139
v -276.403564 -5.000180 -367.091278
v -273.903564 -5.000180 -367.091278
v -267.743317 -5.000181 -377.761139
v -268.993317 -5.000181 -379.926208
v -325.865112 -5.000178 -347.091278
v -314.180176 -5.000179 -352.522278
v -317.204834 -5.000179 -357.761139
v -319.704834 -5.000179 -357.761139
v -335.440430 -5.000179 -361.176208
v -336.690430 -5.000179 -359.011139
v -330.530151 -5.000178 -348.341278
v -328.030151 -5.000178 -348.341278
v -321.869934 -5.000179 -359.011139
v -323.119934 -5.000179 -361.176208
v -323.119904 -5.000180 -363.676208
v -321.869934 -5.000180 -365.841278
v -328.030151 -5.000181 -376.511139
v -330.530151 -5.000181 -376.511139
v -336.690430 -5.000180 -365.841278
v -335.440430 -5.000180 -363.676208
v -324.615112 -5.000181 -379.926208
v -325.865112 -5.000181 -377.761139
v -319.704834 -5.000180 -367.091278
v -317.204834 -5.000180 -367.091278
v -311.044617 -5.000181 -377.761139
v -312.294617 -5.000181 -379.926208
v -301.469269 -5.000180 -363.676208
v -300.219269 -5.000180 -365.841278
v -306.379517 -5.000181 -376.511139
v -308.879517 -5.000181 -376.511139
v -315.039795 -5.000180 -365.841278
v -313.789795 -5.000180 -363.676208
v -313.789795 -5.000179 -361.176208
v -301.469269 -5.000179 -361.176208
v -315.039795 -5.000179 -359.011139
v -311.904175 -5.000179 -353.580139
v -377.246490 -5.000170 -232.426208
v -375.996490 -5.000170 -234.591278
v -382.156738 -5.000171 -245.261139
v -384.656738 -5.000171 -245.261139
v -390.817017 -5.000170 -234.591278
v -389.567017 -5.000170 -232.426208
v -400.392334 -5.000171 -248.676208
v -401.642334 -5.000171 -246.511139
v -395.482056 -5.000170 -235.841278
v -392.982056 -5.000170 -235.841278
v -386.821808 -5.000171 -246.511139
v -388.071838 -5.000171 -248.676208
v -388.071808 -5.000171 -251.176208
v -386.821808 -5.000171 -253.341278
v -392.982056 -5.000172 -264.011139
v -395.482056 -5.000172 -264.011139
v -401.642334 -5.000171 -253.341278
v -400.392334 -5.000171 -251.176208
v -389.567017 -5.000172 -267.426208
v -390.817017 -5.000172 -265.261139
v -384.656738 -5.000171 -254.591278
v -382.156738 -5.000171 -254.591278
v -375.996490 -5.000172 -265.261139
v -377.246490 -5.000172 -267.426208
v -371.331421 -5.000171 -251.176208
v -371.331421 -5.000172 -264.011139
v -373.831421 -5.000172 -264.011139
v -379.991699 -5.000171 -253.341278
v -378.741699 -5.000171 -251.176208
v -379.991699 -5.000171 -246.511139
v -373.831421 -5.000170 -235.841278
v -378.741699 -5.000171 -248.676208
v -358.341064 -5.000177 -328.341278
v -347.225677 -5.000177 -334.758728
v -349.680786 -5.000178 -339.011139
v -352.180786 -5.000178 -339.011139
v -367.916382 -5.000178 -342.426208
v -369.166382 -5.000178 -340.261139
v -363.006104 -5.000177 -329.591278
v -360.506104 -5.000177 -329.591278
v -354.345856 -5.000178 -340.261139
v -355.595886 -5.000178 -342.426208
v -355.595856 -5.000178 -344.926208
v -354.345856 -5.000178 -347.091278
v -360.506104 -5.000179 -357.761139
v -363.006104 -5.000179 -357.761139
v -369.166382 -5.000178 -347.091278
v -367.916382 -5.000178 -344.926208
v -357.091064 -5.000179 -361.176208
v -358.341064 -5.000179 -359.011139
v -352.180786 -5.000178 -348.341278
v -349.680786 -5.000178 -348.341278
v -343.520538 -5.000179 -359.011139
v -344.770538 -5.000179 -361.176208
v -333.945221 -5.000178 -344.926208
v -332.695221 -5.000178 -347.091278
v -338.855469 -5.000179 -357.761139
v -341.355469 -5.000179 -357.761139
v -347.515747 -5.000178 -347.091278
v -346.265747 -5.000178 -344.926208
v -346.265747 -5.000178 -342.426208
v -333.945221 -5.000178 -342.426208
v -347.515747 -5.000178 -340.261139
v -345.060608 -5.000177 -336.008728
v -377.246490 -5.000173 -269.926208
v -375.996490 -5.000173 -272.091278
v -382.156738 -5.000174 -282.761139
v -384.656738 -5.000174 -282.761139
v -390.817017 -5.000173 -272.091278
v -389.567017 -5.000173 -269.926208
v -400.392334 -5.000174 -286.176208
v -401.642334 -5.000174 -284.011139
v -395.482056 -5.000173 -273.341278
v -392.982056 -5.000173 -273.341278
v -386.821808 -5.000174 -284.011139
v -388.071838 -5.000174 -286.176208
v -388.071808 -5.000174 -288.676208
v -386.821808 -5.000174 -290.841278
v -392.982056 -5.000175 -301.511139
v -395.482056 -5.000175 -301.511139
v -401.642334 -5.000174 -290.841278
v -400.392334 -5.000174 -288.676208
v -389.567017 -5.000175 -304.926208
v -390.817017 -5.000175 -302.761139
v -384.656738 -5.000174 -292.091278
v -382.156738 -5.000174 -292.091278
v -375.996490 -5.000175 -302.761139
v -377.246490 -5.000175 -304.926208
v -371.331421 -5.000174 -288.676208
v -371.331421 -5.000175 -301.511139
v -373.831421 -5.000175 -301.511139
v -379.991699 -5.000174 -290.841278
v -378.741699 -5.000174 -288.676208
v -379.991699 -5.000174 -284.011139
v -373.831421 -5.000173 -273.341278
v -378.741699 -5.000174 -286.176208
v -377.246490 -5.000175 -307.426208
v -375.996490 -5.000175 -309.591278
v -382.156738 -5.000176 -320.261139
v -384.656738 -5.000176 -320.261139
v -390.817017 -5.000175 -309.591278
v -389.567017 -5.000175 -307.426208
v -400.392334 -5.000176 -323.676208
v -401.642334 -5.000176 -321.511139
v -395.482056 -5.000175 -310.841278
v -392.982056 -5.000175 -310.841278
v -386.821808 -5.000176 -321.511139
v -388.071838 -5.000176 -323.676208
v -388.071808 -5.000177 -326.176208
v -386.821808 -5.000177 -328.341278
v -392.982056 -5.000178 -339.011139
v -395.482056 -5.000178 -339.011139
v -401.642334 -5.000177 -328.341278
v -400.392334 -5.000177 -326.176208
v -389.567017 -5.000178 -342.426208
v -390.817017 -5.000178 -340.261139
v -384.656738 -5.000177 -329.591278
v -382.156738 -5.000177 -329.591278
v -375.996490 -5.000178 -340.261139
v -377.246490 -5.000178 -342.426208
v -371.331421 -5.000177 -326.176208
v -371.331421 -5.000178 -339.011139
v -373.831421 -5.000178 -339.011139
v -379.991699 -5.000177 -328.341278
v -378.741699 -5.000177 -326.176208
v -371.331421 -5.000176 -323.676208
v -371.331421 -5.000175 -310.841278
v -365.171173 -5.000176 -321.511139
v -366.421173 -5.000176 -323.676208
v -366.421173 -5.000177 -326.176208
v -379.991699 -5.000176 -321.511139
v -373.831421 -5.000175 -310.841278
v -378.741699 -5.000176 -323.676208
v -377.246490 -5.000167 -194.926208
v -375.996490 -5.000167 -197.091278
v -382.156738 -5.000168 -207.761139
v -384.656738 -5.000168 -207.761139
v -390.817017 -5.000167 -197.091278
v -389.567017 -5.000167 -194.926208
v -400.392334 -5.000168 -211.176208
v -401.642334 -5.000168 -209.011139
v -395.482056 -5.000167 -198.341278
v -392.982056 -5.000167 -198.341278
v -386.821808 -5.000168 -209.011139
v -388.071838 -5.000168 -211.176208
v -388.071808 -5.000168 -213.676208
v -386.821808 -5.000168 -215.841278
v -392.982056 -5.000169 -226.511139
v -395.482056 -5.000169 -226.511139
v -401.642334 -5.000168 -215.841278
v -400.392334 -5.000168 -213.676208
v -389.567017 -5.000169 -229.926208
v -390.817017 -5.000169 -227.761139
v -384.656738 -5.000168 -217.091278
v -382.156738 -5.000168 -217.091278
v -375.996490 -5.000169 -227.761139
v -377.246490 -5.000169 -229.926208
v -366.421173 -5.000168 -213.676208
v -365.171173 -5.000168 -215.841278
v -371.331421 -5.000169 -226.511139
v -373.831421 -5.000169 -226.511139
v -379.991699 -5.000168 -215.841278
v -378.741699 -5.000168 -213.676208
v -378.741699 -5.000168 -211.176208
v -379.991699 -5.000168 -209.011139
v -373.831421 -5.000167 -198.341278
v -371.331421 -5.000167 -198.341278
v -365.171173 -5.000168 -209.011139
v -366.421173 -5.000168 -211.176208
v -365.171173 -5.000177 -328.341278
v -371.331421 -5.000174 -286.176208
v -371.331421 -5.000173 -273.341278
v -371.331421 -5.000171 -248.676208
v -371.331421 -5.000170 -235.841278
v -300.219269 -5.000179 -359.011139
v -206.786591 -5.000176 -321.511139
v -193.216064 -5.000174 -288.676208
v -191.966064 -5.000174 -290.841278
v -198.126328 -5.000175 -301.511139
v -200.626328 -5.000175 -301.511139
v -206.786591 -5.000174 -290.841278
v -205.536591 -5.000174 -288.676208
v -200.626328 -5.000175 -310.841278
v -198.126328 -5.000175 -310.841278
v -182.390747 -5.000175 -307.426208
v -195.961273 -5.000175 -309.591278
v -194.711273 -5.000175 -307.426208
v -194.711273 -5.000175 -304.926208
v -195.961273 -5.000175 -302.761139
v -189.801010 -5.000174 -292.091278
v -187.301010 -5.000174 -292.091278
v -181.140747 -5.000175 -302.761139
v -182.390747 -5.000175 -304.926208
vt 0.000000 0.000000
vt 0.000000 0.000000
vt 0.000000 0.000000
vt 0.000000 0.000000
vt 0.000000 0.000000
vt 0.000000 0.000000
vt 0.000000 0.000000
vt 0.000000 0.000000
vt 0.000000 0.000000
vt 0.000000 0.000000
vt 0.000000 0.000000
vt 0.000000 0.000000
vt 0.000000 0.000000
vt 0.000000 0.000000
vt 0.000000 0.000000
vt 0.000000 0.000000
vt 0.000000 0.000000
vt 0.000000 0.000000
vt 0.000000 0.000000
vt 0.000000 0.000000
vt 0.000000 0.000000
vt 0.000000 0.000000
vt 0.000000 0.000000
vt 0.000000 0.000000
vt 0.000000 0.000000
vt 0.000000 0.000000
vt 0.000000 0.000000
vt 0.000000 0.000000
vt 0.000000 0.000000
vt 0.000000 0.000000
vt 0.000000 0.000000
vt 0.000000 0.000000
vt 0.000000 0.000000
vt 0.000000 0.000000
vt 0.000000 0.000000
vt 0.000000 0.000000
vt 0.000000 0.000000
vt 0.000000 0.000000
vt 0.000000 0.000000
vt 0.000000 0.000000
vt 0.000000 0.000000
vt 0.000000 0.000000
vt 0.000000 0.000000
vt 0.000000 0.000000
vt 0.000000 0.000000
vt 0.000000 0.000000
vt 0.000000 0.000000
vt 0.000000 0.000000
vt 0.000000 0.000000
vt 0.000000 0.000000
vt 0.000000 0.000000
vt 0.000000 0.000000
vt 0.000000 0.000000
vt 0.000000 0.000000
vt 0.000000 0.000000
vt 0.000000 0.000000
vt 0.000000 0.000000
vt 0.000000 0.000000
vt 0.000000 0.000000
vt 0.000000 0.000000
vt 0.000000 0.000000
vt 0.000000 0.000000
vt 0.000000 0.000000
vt 0.000000 0.000000
vt 0.000000 0.000000
vt 0.000000 0.000000
vt 0.000000 0.000000
vt 0.000000 0.000000
vt 0.000000 0.000000
vt 0.000000 0.000000
vt 0.000000 0.000000
vt 0.000000 0.000000
vt 0.000000 0.000000
vt 0.000000 0.000000
vt 0.000000 0.000000
vt 0.000000 0.000000
vt 0.000000 0.000000
vt 0.000000 0.000000
vt 0.000000 0.000000
vt 0.000000 0.000000
vt 0.000000 0.000000
vt 0.000000 0.000000
vt 0.000000 0.000000
vt 0.000000 0.000000
vt 0.000000 0.000000
vt 0.000000 0.000000
vt 0.000000 0.000000
vt 0.000000 0.000000
vt 0.000000 0.000000
vt 0.000000 0.000000
vt 0.000000 0.000000
vt 0.000000 0.000000
vt 0.000000 0.000000
vt 0.000000 0.000000
vt 0.000000 0.000000
vt 0.000000 0.000000
vt 0.000000 0.000000
vt 0.000000 0.000000
vt 0.000000 0.000000
vt 0.000000 0.000000
vt 0.000000 0.000000
vt 0.000000 0.000000
vt 0.000000 0.000000
vt 0.000000 0.000000
vt 0.000000 0.000000
vt 0.000000 0.000000
vt 0.000000 0.000000
vt 0.000000 0.000000
vt 0.000000 0.000000
vt 0.000000 0.000000
vt 0.000000 0.000000
vt 0.000000 0.000000
vt 0.000000 0.000000
vt 0.000000 0.000000
vt 0.000000 0.000000
vt 0.000000 0.000000
vt 0.000000 0.000000
vt 0.000000 0.000000
vt 0.000000 0.000000
vt 0.000000 0.000000
vt 0.000000 0.000000
vt 0.000000 0.000000
vt 0.000000 0.000000
vt 0.000000 0.000000
vt 0.000000 0.000000
vt 0.000000 0.000000
vt 0.000000 0.000000
vt 0.000000 0.000000
vt 0.000000 0.000000
vt 0.000000 0.000000
vt 0.000000 0.000000
vt 0.000000 0.000000
vt 0.000000 0.000000
vt 0.000000 0.000000
vt 0.000000 0.000000
vt 0.000000 0.000000
vt 0.000000 0.000000
vt 0.000000 0.000000
vt 0.000000 0.000000
vt 0.000000 0.000000
vt 0.000000 0.000000
vt 0.000000 0.000000
vt 0.000000 0.000000
vt 0.000000 0.000000
vt 0.000000 0.000000
vt 0.000000 0.000000
vt 0.000000 0.000000
vt 0.000000 0.000000
vt 0.000000 0.000000
vt 0.000000 0.000000
vt 0.000000 0.000000
vt 0.000000 0.000000
vt 0.000000 0.000000
vt 0.000000 0.000000
vt 0.000000 0.000000
vt 0.000000 0.000000
vt 0.000000 0.000000
vt 0.000000 0.000000
vt 0.000000 0.000000
vt 0.000000 0.000000
vt 0.000000 0.000000
vt 0.000000 0.000000
vt 0.000000 0.000000
vt 0.000000 0.000000
vt 0.000000 0.000000
vt 0.000000 0.000000
vt 0.000000 0.000000
vt 0.000000 0.000000
vt 0.000000 0.000000
vt 0.000000 0.000000
vt 0.000000 0.000000
vt 0.000000 0.000000
vt 0.000000 0.000000
vt 0.000000 0.000000
vt 0.000000 0.000000
vt 0.000000 0.000000
vt 0.000000 0.000000
vt 0.000000 0.000000
vt 0.000000 0.000000
vt 0.000000 0.000000
vt 0.000000 0.000000
vt 0.000000 0.000000
vt 0.000000 0.000000
vt 0.000000 0.000000
vt 0.000000 0.000000
vt 0.000000 0.000000
vt 0.000000 0.000000
vt 0.000000 0.000000
vt 0.000000 0.000000
vt 0.000000 0.000000
vt 0.000000 0.000000
vt 0.000000 0.000000
vt 0.000000 0.000000
vt 0.000000 0.000000
vt 0.000000 0.000000
vt 0.000000 0.000000
vt 0.000000 0.000000
vt 0.000000 0.000000
vt 0.000000 0.000000
vt 0.000000 0.000000
vt 0.000000 0.000000
vt 0.000000 0.000000
vt 0.000000 0.000000
vt 0.000000 0.000000
vt 0.000000 0.000000
vt 0.000000 0.000000
vt 0.000000 0.000000
vt 0.000000 0.000000
vt 0.000000 0.000000
vt 0.000000 0.000000
vt 0.000000 0.000000
vt 0.000000 0.000000
vt 0.000000 0.000000
vt 0.000000 0.000000
vt 0.000000 0.000000
vt 0.000000 0.000000
vt 0.000000 0.000000
vt 0.000000 0.000000
vt 0.000000 0.000000
vt 0.000000 0.000000
vt 0.000000 0.000000
vt 0.000000 0.000000
vt 0.000000 0.000000
vt 0.000000 0.000000
vt 0.000000 0.000000
vt 0.000000 0.000000
vt 0.000000 0.000000
vt 0.000000 0.000000
vt 0.000000 0.000000
vt 0.000000 0.000000
vt 0.000000 0.000000
vt 0.000000 0.000000
vt 0.000000 0.000000
vt 0.000000 0.000000
vt 0.000000 0.000000
vt 0.000000 0.000000
vt 0.000000 0.000000
vt 0.000000 0.000000
vt 0.000000 0.000000
vt 0.000000 0.000000
vt 0.000000 0.000000
vt 0.000000 0.000000
vt 0.000000 0.000000
vt 0.000000 0.000000
vt 0.000000 0.000000
vt 0.000000 0.000000
vt 0.000000 0.000000
vt 0.000000 0.000000
vt 0.000000 0.000000
vt 0.000000 0.000000
vt 0.000000 0.000000
vt 0.000000 0.000000
vt 0.000000 0.000000
vt 0.000000 0.000000
vt 0.000000 0.000000
vt 0.000000 0.000000
vt 0.000000 0.000000
vt 0.000000 0.000000
vt 0.000000 0.000000
vt 0.000000 0.000000
vt 0.000000 0.000000
vt 0.000000 0.000000
vt 0.000000 0.000000
vt 0.000000 0.000000
vt 0.000000 0.000000
vt 0.000000 0.000000
vt 0.000000 0.000000
vt 0.000000 0.000000
vt 0.000000 0.000000
vt 0.000000 0.000000
vt 0.000000 0.000000
vt 0.000000 0.000000
vt 0.000000 0.000000
vt 0.000000 0.000000
vt 0.000000 0.000000
vt 0.000000 0.000000
vt 0.000000 0.000000
vt 0.000000 0.000000
vt 0.000000 0.000000
vt 0.000000 0.000000
vt 0.000000 0.000000
vt 0.000000 0.000000
vt 0.000000 0.000000
vt 0.000000 0.000000
vt 0.000000 0.000000
vt 0.000000 0.000000
vt 0.000000 0.000000
vt 0.000000 0.000000
vt 0.000000 0.000000
vt 0.000000 0.000000
vt 0.000000 0.000000
vt 0.000000 0.000000
vt 0.000000 0.000000
vt 0.000000 0.000000
vt 0.000000 0.000000
vt 0.000000 0.000000
vt 0.000000 0.000000
vt 0.000000 0.000000
vt 0.000000 0.000000
vt 0.000000 0.000000
vt 0.000000 0.000000
vt 0.000000 0.000000
vt 0.000000 0.000000
vt 0.000000 0.000000
vt 0.000000 0.000000
vt 0.000000 0.000000
vt 0.000000 0.000000
vt 0.000000 0.000000
vt 0.000000 0.000000
vt 0.000000 0.000000
vt 0.000000 0.000000
vt 0.000000 0.000000
vt 0.000000 0.000000
vt 0.000000 0.000000
vt 0.000000 0.000000
vt 0.000000 0.000000
vt 0.000000 0.000000
vt 0.000000 0.000000
vt 0.000000 0.000000
vt 0.000000 0.000000
vt 0.000000 0.000000
vt 0.000000 0.000000
vt 0.000000 0.000000
vt 0.000000 0.000000
vt 0.000000 0.000000
vt 0.000000 0.000000
vt 0.000000 0.000000
vt 0.000000 0.000000
vt 0.000000 0.000000
vt 0.000000 0.000000
vt 0.000000 0.000000
vt 0.000000 0.000000
vt 0.000000 0.000000
vt 0.000000 0.000000
vt 0.000000 0.000000
vt 0.000000 0.000000
vt 0.000000 0.000000
vt 0.000000 0.000000
vt 0.000000 0.000000
vt 0.000000 0.000000
vt 0.000000 0.000000
vt 0.000000 0.000000
vt 0.000000 0.000000
vt 0.000000 0.000000
vt 0.000000 0.000000
vt 0.000000 0.000000
vt 0.000000 0.000000
vt 0.000000 0.000000
vt 0.000000 0.000000
vt 0.000000 0.000000
vt 0.000000 0.000000
vt 0.000000 0.000000
vt 0.000000 0.000000
vt 0.000000 0.000000
vt 0.000000 0.000000
vt 0.000000 0.000000
vt 0.000000 0.000000
vt 0.000000 0.000000
vt 0.000000 0.000000
vt 0.000000 0.000000
vn 0.0000 1.0000 -0.0000
vn -0.0000 -1.0000 0.0000
usemtl Default_OBJ
s 1
f 2326/2321/40 2327/2322/40 2328/2323/40
f 2330/2324/40 2332/2325/40 2329/2326/40
f 2333/2327/40 2334/2328/40 2335/2329/40
f 2338/2330/40 2339/2331/40 2340/2332/40
f 2327/2322/41 2342/2333/41 2326/2321/41
f 2343/2334/41 2338/2330/41 2339/2331/41
f 2345/2335/40 2334/2328/40 2331/2336/40
f 2350/2337/40 2351/2338/40 2352/2339/40
f 2356/2340/40 2357/2341/40 2358/2342/40
f 2362/2343/40 2363/2344/40 2364/2345/40
f 2359/2346/40 2353/2347/40 2358/2342/40
f 2346/2348/40 2349/2349/40 2348/2350/40
f 2366/2351/41 2361/2352/41 2365/2353/41
f 2356/2340/41 2350/2337/41 2351/2338/41
f 2332/2325/40 2333/2327/40 2367/2354/40
f 2357/2341/40 2349/2349/40 2331/2336/40
f 2370/2355/40 2341/2356/40 2342/2333/40
f 2374/2357/40 2375/2358/40 2376/2359/40
f 2380/2360/40 2381/2361/40 2382/2362/40
f 2386/2363/40 2387/2364/40 2388/2365/40
f 2392/2366/40 2393/2367/40 2394/2368/40
f 2389/2369/40 2383/2370/40 2388/2365/40
f 2373/2371/40 2379/2372/40 2378/2373/40
f 2370/2355/41 2391/2374/41 2369/2375/41
f 2386/2363/41 2380/2360/41 2381/2361/41
f 2328/2323/40 2376/2359/40 2324/2376/40
f 2371/2377/40 2327/2322/40 2389/2369/40
f 2397/2378/40 2343/2334/40 2344/2379/40
f 2401/2380/40 2402/2381/40 2403/2382/40
f 2407/2383/40 2408/2384/40 2409/2385/40
f 2413/2386/40 2414/2387/40 2415/2388/40
f 2419/2389/40 2420/2390/40 2421/2391/40
f 2416/2392/40 2410/2393/40 2415/2388/40
f 2399/2394/40 2405/2395/40 2400/2396/40
f 2397/2378/41 2418/2397/41 2396/2398/41
f 2413/2386/41 2407/2383/41 2408/2384/41
f 2340/2332/40 2403/2382/40 2336/2399/40
f 2398/2400/40 2339/2331/40 2416/2392/40
f 2425/2401/40 2426/2402/40 2427/2403/40
f 2431/2404/40 2432/2405/40 2433/2406/40
f 2437/2407/40 2438/2408/40 2439/2409/40
f 2444/2410/40 2445/2411/40 2446/2412/40
f 2450/2413/40 2451/2414/40 2452/2415/40
f 2456/2416/40 2457/2417/40 2458/2418/40
f 2453/2419/40 2447/2420/40 2452/2415/40
f 2436/2421/40 2442/2422/40 2441/2423/40
f 2424/2424/41 2455/2425/41 2423/2426/41
f 2450/2413/41 2443/2427/41 2444/2410/41
f 2425/2401/41 2431/2404/41 2432/2405/41
f 2433/2406/40 2439/2409/40 2428/2428/40
f 2434/2429/40 2432/2405/40 2453/2419/40
f 2460/2430/40 2462/2431/40 2459/2432/40
f 2466/2433/40 2467/2434/40 2468/2435/40
f 2473/2436/40 2474/2437/40 2470/2438/40
f 2478/2439/40 2479/2440/40 2480/2441/40
f 2484/2442/40 2485/2443/40 2486/2444/40
f 2487/2445/40 2481/2446/40 2486/2444/40
f 2470/2438/40 2476/2447/40 2471/2448/40
f 2460/2430/41 2489/2449/41 2490/2450/41
f 2485/2443/41 2479/2440/41 2484/2442/41
f 2467/2434/41 2459/2432/41 2466/2433/41
f 2468/2435/40 2474/2437/40 2463/2451/40
f 2469/2452/40 2467/2434/40 2487/2445/40
f 2494/2453/40 2495/2454/40 2496/2455/40
f 2500/2456/40 2501/2457/40 2502/2458/40
f 2506/2459/40 2507/2460/40 2508/2461/40
f 2512/2462/40 2513/2463/40 2514/2464/40
f 2518/2465/40 2515/2466/40 2517/2467/40
f 2505/2468/40 2511/2469/40 2510/2470/40
f 2493/2471/41 2521/2472/41 2492/2473/41
f 2517/2467/41 2512/2462/41 2513/2463/41
f 2494/2453/41 2500/2456/41 2501/2457/41
f 2502/2458/40 2508/2461/40 2497/2474/40
f 2503/2475/40 2501/2457/40 2522/2476/40
f 2524/2477/40 2526/2478/40 2523/2479/40
f 2530/2480/40 2531/2481/40 2532/2482/40
f 2536/2483/40 2537/2484/40 2538/2485/40
f 2542/2486/40 2543/2487/40 2544/2488/40
f 2548/2489/40 2549/2490/40 2550/2491/40
f 2551/2492/40 2545/2493/40 2550/2491/40
f 2535/2494/40 2541/2495/40 2540/2496/40
f 2525/2497/41 2554/2498/41 2524/2477/41
f 2548/2489/41 2542/2486/41 2543/2487/41
f 2526/2478/41 2530/2480/41 2531/2481/41
f 2532/2482/40 2538/2485/40 2527/2499/40
f 2533/2500/40 2531/2481/40 2551/2492/40
f 2558/2501/40 2559/2502/40 2560/2503/40
f 2564/2504/40 2565/2505/40 2566/2506/40
f 2570/2507/40 2571/2508/40 2572/2509/40
f 2576/2510/40 2577/2511/40 2578/2512/40
f 2582/2513/40 2579/2514/40 2581/2515/40
f 2569/2516/40 2575/2517/40 2574/2518/40
f 2557/2519/41 2585/2520/41 2556/2521/41
f 2581/2515/41 2576/2510/41 2577/2511/41
f 2558/2501/41 2564/2504/41 2565/2505/41
f 2566/2506/40 2572/2509/40 2561/2522/40
f 2567/2523/40 2565/2505/40 2586/2524/40
f 2590/2525/40 2591/2526/40 2592/2527/40
f 2596/2528/40 2597/2529/40 2598/2530/40
f 2602/2531/40 2603/2532/40 2604/2533/40
f 2608/2534/40 2609/2535/40 2610/2536/40
f 2614/2537/40 2611/2538/40 2613/2539/40
f 2616/2540/40 2618/2541/40 2619/2542/40
f 2616/2540/40 2620/2543/40 2611/2538/40
f 2601/2544/40 2607/2545/40 2606/2546/40
f 2589/2547/41 2622/2548/41 2588/2549/41
f 2613/2539/41 2608/2534/41 2609/2535/41
f 2590/2525/41 2596/2528/41 2597/2529/41
f 2598/2530/40 2604/2533/40 2593/2550/40
f 2599/2551/40 2597/2529/40 2623/2552/40
f 2627/2553/40 2628/2554/40 2629/2555/40
f 2633/2556/40 2634/2557/40 2635/2558/40
f 2639/2559/40 2640/2560/40 2641/2561/40
f 2645/2562/40 2646/2563/40 2647/2564/40
f 2651/2565/40 2652/2566/40 2653/2567/40
f 2657/2568/40 2658/2569/40 2659/2570/40
f 2654/2571/40 2648/2572/40 2653/2567/40
f 2638/2573/40 2644/2574/40 2643/2575/40
f 2626/2576/41 2656/2577/41 2625/2578/41
f 2651/2565/41 2645/2562/41 2646/2563/41
f 2627/2553/41 2633/2556/41 2634/2557/41
f 2635/2558/40 2641/2561/40 2630/2579/40
f 2636/2580/40 2634/2557/40 2654/2571/40
f 2623/2552/40 2611/2538/40 2615/2581/40
f 2622/2548/40 2617/2582/40 2616/2540/40
f 2660/2583/40 2611/2538/40 2620/2543/40
f 2586/2524/40 2579/2514/40 2583/2584/40
f 2585/2520/40 2662/2585/40 2661/2586/40
f 2522/2476/40 2515/2466/40 2519/2587/40
f 2521/2472/40 2664/2588/40 2663/2589/40
f 2490/2450/40 2665/2590/40 2488/2591/40
f 2551/2492/40 2554/2498/40 2552/2592/40
f 2392/2366/40 2369/2375/40 2335/2329/40
f 2420/2390/40 2374/2357/40 2377/2593/40
f 2401/2380/40 2404/2594/40 2448/2595/40
f 2480/2441/40 2483/2596/40 2429/2597/40
f 2474/2437/40 2473/2436/40 2544/2488/40
f 2612/2598/40 2529/2599/40 2528/2600/40
f 2578/2512/40 2580/2601/40 2587/2602/40
f 2560/2503/40 2563/2603/40 2506/2459/40
f 2496/2455/40 2499/2604/40 2639/2559/40
f 2670/2605/40 2671/2606/40 2672/2607/40
f 2674/2608/40 2329/2326/40 2332/2325/40
f 2330/2324/40 2676/2609/40 2677/2610/40
f 2681/2611/40 2682/2612/40 2683/2613/40
f 2678/2614/40 2675/2615/40 2677/2610/40
f 2669/2616/41 2680/2617/41 2668/2618/41
f 2330/2324/41 2674/2608/41 2329/2326/41
f 2676/2609/40 2674/2608/40 2673/2619/40
f 2675/2615/40 2683/2613/40 2682/2612/40
f 2328/2323/40 2324/2376/40 2326/2321/40
f 2324/2376/40 2325/2620/40 2326/2321/40
f 2330/2324/40 2331/2336/40 2332/2325/40
f 2333/2327/40 2331/2336/40 2334/2328/40
f 2340/2332/40 2336/2399/40 2338/2330/40
f 2336/2399/40 2337/2621/40 2338/2330/40
f 2327/2322/41 2341/2356/41 2342/2333/41
f 2343/2334/41 2344/2379/41 2338/2330/41
f 2345/2335/40 2346/2348/40 2334/2328/40
f 2352/2339/40 2347/2622/40 2350/2337/40
f 2347/2622/40 2348/2350/40 2350/2337/40
f 2348/2350/40 2349/2349/40 2350/2337/40
f 2358/2342/40 2353/2347/40 2356/2340/40
f 2353/2347/40 2354/2623/40 2356/2340/40
f 2354/2623/40 2355/2624/40 2356/2340/40
f 2364/2345/40 2359/2346/40 2362/2343/40
f 2359/2346/40 2360/2625/40 2362/2343/40
f 2360/2625/40 2361/2352/40 2362/2343/40
f 2359/2346/40 2364/2345/40 2353/2347/40
f 2346/2348/40 2345/2335/40 2349/2349/40
f 2366/2351/41 2360/2625/41 2361/2352/41
f 2356/2340/41 2357/2341/41 2350/2337/41
f 2332/2325/40 2331/2336/40 2333/2327/40
f 2331/2336/40 2330/2324/40 2366/2351/40
f 2366/2351/40 2360/2625/40 2331/2336/40
f 2360/2625/40 2359/2346/40 2331/2336/40
f 2359/2346/40 2358/2342/40 2357/2341/40
f 2357/2341/40 2350/2337/40 2349/2349/40
f 2349/2349/40 2345/2335/40 2331/2336/40
f 2359/2346/40 2357/2341/40 2331/2336/40
f 2342/2333/40 2368/2626/40 2369/2375/40
f 2369/2375/40 2370/2355/40 2342/2333/40
f 2376/2359/40 2371/2377/40 2374/2357/40
f 2371/2377/40 2372/2627/40 2374/2357/40
f 2372/2627/40 2373/2371/40 2374/2357/40
f 2382/2362/40 2377/2593/40 2380/2360/40
f 2377/2593/40 2378/2373/40 2380/2360/40
f 2378/2373/40 2379/2372/40 2380/2360/40
f 2388/2365/40 2383/2370/40 2386/2363/40
f 2383/2370/40 2384/2628/40 2386/2363/40
f 2384/2628/40 2385/2629/40 2386/2363/40
f 2394/2368/40 2389/2369/40 2392/2366/40
f 2389/2369/40 2390/2630/40 2392/2366/40
f 2390/2630/40 2391/2374/40 2392/2366/40
f 2389/2369/40 2394/2368/40 2383/2370/40
f 2373/2371/40 2372/2627/40 2379/2372/40
f 2370/2355/41 2390/2630/41 2391/2374/41
f 2386/2363/41 2387/2364/41 2380/2360/41
f 2328/2323/40 2371/2377/40 2376/2359/40
f 2327/2322/40 2341/2356/40 2370/2355/40
f 2370/2355/40 2390/2630/40 2327/2322/40
f 2390/2630/40 2389/2369/40 2327/2322/40
f 2389/2369/40 2388/2365/40 2379/2372/40
f 2388/2365/40 2387/2364/40 2379/2372/40
f 2387/2364/40 2380/2360/40 2379/2372/40
f 2379/2372/40 2372/2627/40 2371/2377/40
f 2371/2377/40 2328/2323/40 2327/2322/40
f 2379/2372/40 2371/2377/40 2389/2369/40
f 2344/2379/40 2395/2631/40 2396/2398/40
f 2396/2398/40 2397/2378/40 2344/2379/40
f 2403/2382/40 2398/2400/40 2399/2394/40
f 2399/2394/40 2400/2396/40 2403/2382/40
f 2400/2396/40 2401/2380/40 2403/2382/40
f 2409/2385/40 2404/2594/40 2407/2383/40
f 2404/2594/40 2405/2395/40 2407/2383/40
f 2405/2395/40 2406/2632/40 2407/2383/40
f 2415/2388/40 2410/2393/40 2413/2386/40
f 2410/2393/40 2411/2633/40 2413/2386/40
f 2411/2633/40 2412/2634/40 2413/2386/40
f 2421/2391/40 2416/2392/40 2419/2389/40
f 2416/2392/40 2417/2635/40 2419/2389/40
f 2417/2635/40 2418/2397/40 2419/2389/40
f 2416/2392/40 2421/2391/40 2410/2393/40
f 2399/2394/40 2406/2632/40 2405/2395/40
f 2397/2378/41 2417/2635/41 2418/2397/41
f 2413/2386/41 2414/2387/41 2407/2383/41
f 2340/2332/40 2398/2400/40 2403/2382/40
f 2339/2331/40 2343/2334/40 2397/2378/40
f 2397/2378/40 2417/2635/40 2339/2331/40
f 2417/2635/40 2416/2392/40 2339/2331/40
f 2416/2392/40 2415/2388/40 2406/2632/40
f 2415/2388/40 2414/2387/40 2406/2632/40
f 2414/2387/40 2407/2383/40 2406/2632/40
f 2406/2632/40 2399/2394/40 2398/2400/40
f 2398/2400/40 2340/2332/40 2339/2331/40
f 2406/2632/40 2398/2400/40 2416/2392/40
f 2427/2403/40 2422/2636/40 2425/2401/40
f 2422/2636/40 2423/2426/40 2425/2401/40
f 2423/2426/40 2424/2424/40 2425/2401/40
f 2433/2406/40 2428/2428/40 2429/2597/40
f 2429/2597/40 2430/2637/40 2433/2406/40
f 2430/2637/40 2431/2404/40 2433/2406/40
f 2439/2409/40 2434/2429/40 2437/2407/40
f 2434/2429/40 2435/2638/40 2437/2407/40
f 2435/2638/40 2436/2421/40 2437/2407/40
f 2446/2412/40 2440/2639/40 2441/2423/40
f 2441/2423/40 2442/2422/40 2446/2412/40
f 2442/2422/40 2443/2427/40 2446/2412/40
f 2443/2427/40 2444/2410/40 2446/2412/40
f 2452/2415/40 2447/2420/40 2450/2413/40
f 2447/2420/40 2448/2595/40 2450/2413/40
f 2448/2595/40 2449/2640/40 2450/2413/40
f 2458/2418/40 2453/2419/40 2454/2641/40
f 2454/2641/40 2455/2425/40 2458/2418/40
f 2455/2425/40 2456/2416/40 2458/2418/40
f 2453/2419/40 2458/2418/40 2447/2420/40
f 2436/2421/40 2435/2638/40 2442/2422/40
f 2424/2424/41 2454/2641/41 2455/2425/41
f 2450/2413/41 2451/2414/41 2443/2427/41
f 2425/2401/41 2426/2402/41 2431/2404/41
f 2433/2406/40 2434/2429/40 2439/2409/40
f 2432/2405/40 2425/2401/40 2424/2424/40
f 2424/2424/40 2454/2641/40 2432/2405/40
f 2454/2641/40 2453/2419/40 2432/2405/40
f 2453/2419/40 2452/2415/40 2442/2422/40
f 2452/2415/40 2451/2414/40 2442/2422/40
f 2451/2414/40 2443/2427/40 2442/2422/40
f 2442/2422/40 2435/2638/40 2434/2429/40
f 2434/2429/40 2433/2406/40 2432/2405/40
f 2442/2422/40 2434/2429/40 2453/2419/40
f 2460/2430/40 2461/2642/40 2462/2431/40
f 2468/2435/40 2463/2451/40 2464/2643/40
f 2464/2643/40 2465/2644/40 2468/2435/40
f 2465/2644/40 2466/2433/40 2468/2435/40
f 2474/2437/40 2469/2452/40 2470/2438/40
f 2470/2438/40 2471/2448/40 2472/2645/40
f 2472/2645/40 2473/2436/40 2470/2438/40
f 2480/2441/40 2475/2646/40 2476/2447/40
f 2476/2447/40 2477/2647/40 2480/2441/40
f 2477/2647/40 2478/2439/40 2480/2441/40
f 2486/2444/40 2481/2446/40 2484/2442/40
f 2481/2446/40 2482/2648/40 2484/2442/40
f 2482/2648/40 2483/2596/40 2484/2442/40
f 2487/2445/40 2488/2591/40 2481/2446/40
f 2470/2438/40 2477/2647/40 2476/2447/40
f 2460/2430/41 2461/2642/41 2489/2449/41
f 2485/2443/41 2478/2439/41 2479/2440/41
f 2467/2434/41 2462/2431/41 2459/2432/41
f 2468/2435/40 2469/2452/40 2474/2437/40
f 2467/2434/40 2462/2431/40 2487/2445/40
f 2462/2431/40 2461/2642/40 2487/2445/40
f 2461/2642/40 2489/2449/40 2487/2445/40
f 2487/2445/40 2486/2444/40 2477/2647/40
f 2486/2444/40 2485/2443/40 2477/2647/40
f 2485/2443/40 2478/2439/40 2477/2647/40
f 2477/2647/40 2470/2438/40 2469/2452/40
f 2469/2452/40 2468/2435/40 2467/2434/40
f 2477/2647/40 2469/2452/40 2487/2445/40
f 2496/2455/40 2491/2649/40 2494/2453/40
f 2491/2649/40 2492/2473/40 2494/2453/40
f 2492/2473/40 2493/2471/40 2494/2453/40
f 2502/2458/40 2497/2474/40 2498/2650/40
f 2498/2650/40 2499/2604/40 2502/2458/40
f 2499/2604/40 2500/2456/40 2502/2458/40
f 2508/2461/40 2503/2475/40 2506/2459/40
f 2503/2475/40 2504/2651/40 2506/2459/40
f 2504/2651/40 2505/2468/40 2506/2459/40
f 2514/2464/40 2509/2652/40 2510/2470/40
f 2510/2470/40 2511/2469/40 2514/2464/40
f 2511/2469/40 2512/2462/40 2514/2464/40
f 2519/2587/40 2515/2466/40 2518/2465/40
f 2515/2466/40 2516/2653/40 2517/2467/40
f 2505/2468/40 2504/2651/40 2511/2469/40
f 2493/2471/41 2520/2654/41 2521/2472/41
f 2517/2467/41 2518/2465/41 2512/2462/41
f 2494/2453/41 2495/2454/41 2500/2456/41
f 2502/2458/40 2503/2475/40 2508/2461/40
f 2501/2457/40 2494/2453/40 2493/2471/40
f 2493/2471/40 2520/2654/40 2501/2457/40
f 2520/2654/40 2522/2476/40 2501/2457/40
f 2522/2476/40 2519/2587/40 2511/2469/40
f 2519/2587/40 2518/2465/40 2511/2469/40
f 2518/2465/40 2512/2462/40 2511/2469/40
f 2511/2469/40 2504/2651/40 2503/2475/40
f 2503/2475/40 2502/2458/40 2501/2457/40
f 2511/2469/40 2503/2475/40 2522/2476/40
f 2524/2477/40 2525/2497/40 2526/2478/40
f 2532/2482/40 2527/2499/40 2528/2600/40
f 2528/2600/40 2529/2599/40 2532/2482/40
f 2529/2599/40 2530/2480/40 2532/2482/40
f 2538/2485/40 2533/2500/40 2536/2483/40
f 2533/2500/40 2534/2655/40 2536/2483/40
f 2534/2655/40 2535/2494/40 2536/2483/40
f 2544/2488/40 2539/2656/40 2540/2496/40
f 2540/2496/40 2541/2495/40 2544/2488/40
f 2541/2495/40 2542/2486/40 2544/2488/40
f 2550/2491/40 2545/2493/40 2548/2489/40
f 2545/2493/40 2546/2657/40 2548/2489/40
f 2546/2657/40 2547/2658/40 2548/2489/40
f 2551/2492/40 2552/2592/40 2545/2493/40
f 2535/2494/40 2534/2655/40 2541/2495/40
f 2525/2497/41 2553/2659/41 2554/2498/41
f 2548/2489/41 2549/2490/41 2542/2486/41
f 2526/2478/41 2523/2479/41 2530/2480/41
f 2532/2482/40 2533/2500/40 2538/2485/40
f 2531/2481/40 2526/2478/40 2525/2497/40
f 2525/2497/40 2553/2659/40 2531/2481/40
f 2553/2659/40 2551/2492/40 2531/2481/40
f 2551/2492/40 2550/2491/40 2541/2495/40
f 2550/2491/40 2549/2490/40 2541/2495/40
f 2549/2490/40 2542/2486/40 2541/2495/40
f 2541/2495/40 2534/2655/40 2533/2500/40
f 2533/2500/40 2532/2482/40 2531/2481/40
f 2541/2495/40 2533/2500/40 2551/2492/40
f 2560/2503/40 2555/2660/40 2558/2501/40
f 2555/2660/40 2556/2521/40 2558/2501/40
f 2556/2521/40 2557/2519/40 2558/2501/40
f 2566/2506/40 2561/2522/40 2562/2661/40
f 2562/2661/40 2563/2603/40 2566/2506/40
f 2563/2603/40 2564/2504/40 2566/2506/40
f 2572/2509/40 2567/2523/40 2570/2507/40
f 2567/2523/40 2568/2662/40 2570/2507/40
f 2568/2662/40 2569/2516/40 2570/2507/40
f 2578/2512/40 2573/2663/40 2574/2518/40
f 2574/2518/40 2575/2517/40 2578/2512/40
f 2575/2517/40 2576/2510/40 2578/2512/40
f 2583/2584/40 2579/2514/40 2582/2513/40
f 2579/2514/40 2580/2601/40 2581/2515/40
f 2569/2516/40 2568/2662/40 2575/2517/40
f 2557/2519/41 2584/2664/41 2585/2520/41
f 2581/2515/41 2582/2513/41 2576/2510/41
f 2558/2501/41 2559/2502/41 2564/2504/41
f 2566/2506/40 2567/2523/40 2572/2509/40
f 2565/2505/40 2558/2501/40 2557/2519/40
f 2557/2519/40 2584/2664/40 2565/2505/40
f 2584/2664/40 2586/2524/40 2565/2505/40
f 2586/2524/40 2583/2584/40 2575/2517/40
f 2583/2584/40 2582/2513/40 2575/2517/40
f 2582/2513/40 2576/2510/40 2575/2517/40
f 2575/2517/40 2568/2662/40 2567/2523/40
f 2567/2523/40 2566/2506/40 2565/2505/40
f 2575/2517/40 2567/2523/40 2586/2524/40
f 2592/2527/40 2587/2602/40 2590/2525/40
f 2587/2602/40 2588/2549/40 2590/2525/40
f 2588/2549/40 2589/2547/40 2590/2525/40
f 2598/2530/40 2593/2550/40 2594/2665/40
f 2594/2665/40 2595/2666/40 2598/2530/40
f 2595/2666/40 2596/2528/40 2598/2530/40
f 2604/2533/40 2599/2551/40 2602/2531/40
f 2599/2551/40 2600/2667/40 2602/2531/40
f 2600/2667/40 2601/2544/40 2602/2531/40
f 2610/2536/40 2605/2668/40 2606/2546/40
f 2606/2546/40 2607/2545/40 2610/2536/40
f 2607/2545/40 2608/2534/40 2610/2536/40
f 2615/2581/40 2611/2538/40 2614/2537/40
f 2611/2538/40 2612/2598/40 2613/2539/40
f 2616/2540/40 2617/2582/40 2618/2541/40
f 2616/2540/40 2619/2542/40 2620/2543/40
f 2601/2544/40 2600/2667/40 2607/2545/40
f 2589/2547/41 2621/2669/41 2622/2548/41
f 2613/2539/41 2614/2537/41 2608/2534/41
f 2590/2525/41 2591/2526/41 2596/2528/41
f 2598/2530/40 2599/2551/40 2604/2533/40
f 2597/2529/40 2590/2525/40 2589/2547/40
f 2589/2547/40 2621/2669/40 2597/2529/40
f 2621/2669/40 2623/2552/40 2597/2529/40
f 2623/2552/40 2615/2581/40 2607/2545/40
f 2615/2581/40 2614/2537/40 2607/2545/40
f 2614/2537/40 2608/2534/40 2607/2545/40
f 2607/2545/40 2600/2667/40 2599/2551/40
f 2599/2551/40 2598/2530/40 2597/2529/40
f 2607/2545/40 2599/2551/40 2623/2552/40
f 2629/2555/40 2624/2670/40 2627/2553/40
f 2624/2670/40 2625/2578/40 2627/2553/40
f 2625/2578/40 2626/2576/40 2627/2553/40
f 2635/2558/40 2630/2579/40 2631/2671/40
f 2631/2671/40 2632/2672/40 2635/2558/40
f 2632/2672/40 2633/2556/40 2635/2558/40
f 2641/2561/40 2636/2580/40 2639/2559/40
f 2636/2580/40 2637/2673/40 2639/2559/40
f 2637/2673/40 2638/2573/40 2639/2559/40
f 2647/2564/40 2642/2674/40 2643/2575/40
f 2643/2575/40 2644/2574/40 2647/2564/40
f 2644/2574/40 2645/2562/40 2647/2564/40
f 2653/2567/40 2648/2572/40 2651/2565/40
f 2648/2572/40 2649/2675/40 2651/2565/40
f 2649/2675/40 2650/2676/40 2651/2565/40
f 2659/2570/40 2654/2571/40 2655/2677/40
f 2655/2677/40 2656/2577/40 2659/2570/40
f 2656/2577/40 2657/2568/40 2659/2570/40
f 2654/2571/40 2659/2570/40 2648/2572/40
f 2638/2573/40 2637/2673/40 2644/2574/40
f 2626/2576/41 2655/2677/41 2656/2577/41
f 2651/2565/41 2652/2566/41 2645/2562/41
f 2627/2553/41 2628/2554/41 2633/2556/41
f 2635/2558/40 2636/2580/40 2641/2561/40
f 2634/2557/40 2627/2553/40 2626/2576/40
f 2626/2576/40 2655/2677/40 2634/2557/40
f 2655/2677/40 2654/2571/40 2634/2557/40
f 2654/2571/40 2653/2567/40 2644/2574/40
f 2653/2567/40 2652/2566/40 2644/2574/40
f 2652/2566/40 2645/2562/40 2644/2574/40
f 2644/2574/40 2637/2673/40 2636/2580/40
f 2636/2580/40 2635/2558/40 2634/2557/40
f 2644/2574/40 2636/2580/40 2654/2571/40
f 2623/2552/40 2616/2540/40 2611/2538/40
f 2616/2540/40 2623/2552/40 2621/2669/40
f 2621/2669/40 2622/2548/40 2616/2540/40
f 2660/2583/40 2612/2598/40 2611/2538/40
f 2586/2524/40 2661/2586/40 2579/2514/40
f 2661/2586/40 2586/2524/40 2584/2664/40
f 2584/2664/40 2585/2520/40 2661/2586/40
f 2522/2476/40 2663/2589/40 2515/2466/40
f 2663/2589/40 2522/2476/40 2520/2654/40
f 2520/2654/40 2521/2472/40 2663/2589/40
f 2488/2591/40 2487/2445/40 2490/2450/40
f 2487/2445/40 2489/2449/40 2490/2450/40
f 2551/2492/40 2553/2659/40 2554/2498/40
f 2346/2348/40 2348/2350/40 2334/2328/40
f 2348/2350/40 2347/2622/40 2334/2328/40
f 2347/2622/40 2352/2339/40 2384/2628/40
f 2352/2339/40 2385/2629/40 2384/2628/40
f 2384/2628/40 2383/2370/40 2394/2368/40
f 2367/2354/40 2333/2327/40 2335/2329/40
f 2334/2328/40 2347/2622/40 2394/2368/40
f 2347/2622/40 2384/2628/40 2394/2368/40
f 2666/2678/40 2367/2354/40 2368/2626/40
f 2367/2354/40 2335/2329/40 2368/2626/40
f 2334/2328/40 2394/2368/40 2393/2367/40
f 2335/2329/40 2334/2328/40 2393/2367/40
f 2392/2366/40 2391/2374/40 2369/2375/40
f 2335/2329/40 2393/2367/40 2392/2366/40
f 2369/2375/40 2368/2626/40 2335/2329/40
f 2325/2620/40 2324/2376/40 2376/2359/40
f 2325/2620/40 2376/2359/40 2375/2358/40
f 2396/2398/40 2395/2631/40 2325/2620/40
f 2419/2389/40 2418/2397/40 2396/2398/40
f 2410/2393/40 2421/2391/40 2420/2390/40
f 2419/2389/40 2396/2398/40 2375/2358/40
f 2396/2398/40 2325/2620/40 2375/2358/40
f 2411/2633/40 2410/2393/40 2420/2390/40
f 2374/2357/40 2373/2371/40 2378/2373/40
f 2419/2389/40 2375/2358/40 2374/2357/40
f 2420/2390/40 2419/2389/40 2374/2357/40
f 2374/2357/40 2378/2373/40 2377/2593/40
f 2377/2593/40 2382/2362/40 2411/2633/40
f 2382/2362/40 2412/2634/40 2411/2633/40
f 2411/2633/40 2420/2390/40 2377/2593/40
f 2337/2621/40 2336/2399/40 2403/2382/40
f 2337/2621/40 2403/2382/40 2456/2416/40
f 2403/2382/40 2402/2381/40 2456/2416/40
f 2423/2426/40 2422/2636/40 2456/2416/40
f 2422/2636/40 2337/2621/40 2456/2416/40
f 2456/2416/40 2455/2425/40 2423/2426/40
f 2447/2420/40 2458/2418/40 2457/2417/40
f 2448/2595/40 2447/2420/40 2401/2380/40
f 2447/2420/40 2457/2417/40 2401/2380/40
f 2401/2380/40 2400/2396/40 2404/2594/40
f 2400/2396/40 2405/2395/40 2404/2594/40
f 2456/2416/40 2402/2381/40 2457/2417/40
f 2402/2381/40 2401/2380/40 2457/2417/40
f 2404/2594/40 2409/2385/40 2449/2640/40
f 2404/2594/40 2449/2640/40 2448/2595/40
f 2665/2590/40 2427/2403/40 2426/2402/40
f 2426/2402/40 2431/2404/40 2430/2637/40
f 2429/2597/40 2428/2428/40 2439/2409/40
f 2665/2590/40 2426/2402/40 2488/2591/40
f 2426/2402/40 2430/2637/40 2488/2591/40
f 2429/2597/40 2439/2409/40 2480/2441/40
f 2439/2409/40 2438/2408/40 2480/2441/40
f 2482/2648/40 2481/2446/40 2430/2637/40
f 2481/2446/40 2488/2591/40 2430/2637/40
f 2479/2440/40 2484/2442/40 2480/2441/40
f 2484/2442/40 2483/2596/40 2480/2441/40
f 2483/2596/40 2482/2648/40 2430/2637/40
f 2483/2596/40 2430/2637/40 2429/2597/40
f 2437/2407/40 2475/2646/40 2438/2408/40
f 2475/2646/40 2480/2441/40 2438/2408/40
f 2552/2592/40 2459/2432/40 2465/2644/40
f 2459/2432/40 2466/2433/40 2465/2644/40
f 2546/2657/40 2545/2493/40 2465/2644/40
f 2545/2493/40 2552/2592/40 2465/2644/40
f 2543/2487/40 2548/2489/40 2547/2658/40
f 2544/2488/40 2543/2487/40 2464/2643/40
f 2543/2487/40 2547/2658/40 2464/2643/40
f 2547/2658/40 2546/2657/40 2465/2644/40
f 2464/2643/40 2463/2451/40 2474/2437/40
f 2547/2658/40 2465/2644/40 2464/2643/40
f 2472/2645/40 2539/2656/40 2473/2436/40
f 2539/2656/40 2544/2488/40 2473/2436/40
f 2464/2643/40 2474/2437/40 2544/2488/40
f 2528/2600/40 2527/2499/40 2538/2485/40
f 2537/2484/40 2536/2483/40 2605/2668/40
f 2528/2600/40 2538/2485/40 2610/2536/40
f 2538/2485/40 2537/2484/40 2610/2536/40
f 2523/2479/40 2530/2480/40 2529/2599/40
f 2618/2541/40 2523/2479/40 2529/2599/40
f 2620/2543/40 2619/2542/40 2618/2541/40
f 2660/2583/40 2620/2543/40 2529/2599/40
f 2620/2543/40 2618/2541/40 2529/2599/40
f 2537/2484/40 2605/2668/40 2610/2536/40
f 2610/2536/40 2609/2535/40 2613/2539/40
f 2610/2536/40 2613/2539/40 2528/2600/40
f 2613/2539/40 2612/2598/40 2528/2600/40
f 2612/2598/40 2660/2583/40 2529/2599/40
f 2570/2507/40 2569/2516/40 2574/2518/40
f 2570/2507/40 2574/2518/40 2573/2663/40
f 2594/2665/40 2571/2508/40 2570/2507/40
f 2591/2526/40 2596/2528/40 2595/2666/40
f 2595/2666/40 2594/2665/40 2570/2507/40
f 2595/2666/40 2570/2507/40 2592/2527/40
f 2570/2507/40 2573/2663/40 2592/2527/40
f 2592/2527/40 2591/2526/40 2595/2666/40
f 2622/2548/40 2588/2549/40 2587/2602/40
f 2617/2582/40 2622/2548/40 2587/2602/40
f 2587/2602/40 2592/2527/40 2573/2663/40
f 2578/2512/40 2577/2511/40 2581/2515/40
f 2587/2602/40 2573/2663/40 2578/2512/40
f 2580/2601/40 2617/2582/40 2587/2602/40
f 2578/2512/40 2581/2515/40 2580/2601/40
f 2516/2653/40 2662/2585/40 2585/2520/40
f 2585/2520/40 2556/2521/40 2555/2660/40
f 2560/2503/40 2559/2502/40 2563/2603/40
f 2559/2502/40 2564/2504/40 2563/2603/40
f 2516/2653/40 2585/2520/40 2555/2660/40
f 2517/2467/40 2516/2653/40 2555/2660/40
f 2514/2464/40 2513/2463/40 2517/2467/40
f 2505/2468/40 2510/2470/40 2506/2459/40
f 2510/2470/40 2509/2652/40 2506/2459/40
f 2514/2464/40 2517/2467/40 2555/2660/40
f 2509/2652/40 2514/2464/40 2555/2660/40
f 2509/2652/40 2555/2660/40 2560/2503/40
f 2562/2661/40 2507/2460/40 2506/2459/40
f 2506/2459/40 2509/2652/40 2560/2503/40
f 2563/2603/40 2562/2661/40 2506/2459/40
f 2650/2676/40 2664/2588/40 2521/2472/40
f 2521/2472/40 2492/2473/40 2491/2649/40
f 2496/2455/40 2495/2454/40 2499/2604/40
f 2495/2454/40 2500/2456/40 2499/2604/40
f 2650/2676/40 2521/2472/40 2491/2649/40
f 2651/2565/40 2650/2676/40 2491/2649/40
f 2647/2564/40 2646/2563/40 2651/2565/40
f 2638/2573/40 2643/2575/40 2639/2559/40
f 2643/2575/40 2642/2674/40 2639/2559/40
f 2647/2564/40 2651/2565/40 2491/2649/40
f 2642/2674/40 2647/2564/40 2491/2649/40
f 2642/2674/40 2491/2649/40 2496/2455/40
f 2498/2650/40 2640/2560/40 2639/2559/40
f 2639/2559/40 2642/2674/40 2496/2455/40
f 2499/2604/40 2498/2650/40 2639/2559/40
f 2672/2607/40 2667/2679/40 2670/2605/40
f 2667/2679/40 2668/2618/40 2670/2605/40
f 2668/2618/40 2669/2616/40 2670/2605/40
f 2332/2325/40 2367/2354/40 2674/2608/40
f 2367/2354/40 2666/2678/40 2674/2608/40
f 2666/2678/40 2673/2619/40 2674/2608/40
f 2677/2610/40 2675/2615/40 2330/2324/40
f 2675/2615/40 2365/2353/40 2330/2324/40
f 2365/2353/40 2366/2351/40 2330/2324/40
f 2683/2613/40 2678/2614/40 2681/2611/40
f 2678/2614/40 2679/2680/40 2681/2611/40
f 2679/2680/40 2680/2617/40 2681/2611/40
f 2678/2614/40 2683/2613/40 2675/2615/40
f 2669/2616/41 2679/2680/41 2680/2617/41
f 2330/2324/41 2676/2609/41 2674/2608/41
f 2673/2619/40 2670/2605/40 2678/2614/40
f 2670/2605/40 2669/2616/40 2678/2614/40
f 2669/2616/40 2679/2680/40 2678/2614/40
f 2678/2614/40 2677/2610/40 2673/2619/40
f 2677/2610/40 2676/2609/40 2673/2619/40
f 2682/2612/40 2362/2343/40 2675/2615/40
f 2362/2343/40 2361/2352/40 2675/2615/40
f 2361/2352/40 2365/2353/40 2675/2615/40
o path.elevator
v -250.853149 -15.000189 -486.334106
v -250.853149 -5.000184 -416.050476
v -279.818634 -5.000184 -416.050476
v -321.104614 -5.000184 -416.050476
v -321.104614 -15.000188 -486.269775
vt 0.000000 0.000000
vt 0.000000 0.000000
vt 0.000000 0.000000
vt 0.000000 0.000000
vt 0.000000 0.000000
vn 0.0000 -0.9900 0.1409
vn 0.0000 -0.9900 0.1410
vn 0.0001 -0.9900 0.1409
usemtl Default_OBJ
s 1
f 2686/2681/42 2687/2682/43 2688/2683/44
f 2688/2683/44 2684/2684/44 2686/2681/42
f 2684/2684/44 2685/2685/42 2686/2681/42
o path.elevator.001
v -248.353149 -15.000183 -413.550476
v -323.604614 -15.000183 -413.550476
v -323.604614 -15.000182 -401.176208
v -248.353149 -15.000182 -401.176208
v -248.353149 -15.000189 -488.801941
v -235.978882 -15.000183 -413.550507
v -235.978882 -15.000186 -451.176208
v -235.978882 -15.000189 -488.801941
v -235.978882 -15.000182 -401.176208
v -335.978882 -15.000183 -413.550476
v -335.978882 -15.000182 -401.176208
v -323.604584 -15.000189 -488.801941
v -335.978882 -15.000189 -488.801941
v -323.604584 -15.000190 -501.176208
v -335.978882 -15.000190 -501.176208
v -248.353149 -15.000190 -501.240540
v -235.978882 -15.000190 -501.176208
vt 0.000000 0.000000
vt 0.000000 0.000000
vt 0.000000 0.000000
vt 0.000000 0.000000
vt 0.000000 0.000000
vt 0.000000 0.000000
vt 0.000000 0.000000
vt 0.000000 0.000000
vt 0.000000 0.000000
vt 0.000000 0.000000
vt 0.000000 0.000000
vt 0.000000 0.000000
vt 0.000000 0.000000
vt 0.000000 0.000000
vt 0.000000 0.000000
vt 0.000000 0.000000
vt 0.000000 0.000000
vn 0.0000 1.0000 -0.0000
usemtl Default_OBJ
s 1
f 2690/2686/45 2692/2687/45 2689/2688/45
f 2689/2688/45 2694/2689/45 2695/2690/45
f 2697/2691/45 2689/2688/45 2692/2687/45
f 2699/2692/45 2690/2686/45 2698/2693/45
f 2701/2694/45 2690/2686/45 2700/2695/45
f 2703/2696/45 2700/2695/45 2702/2697/45
f 2702/2697/45 2693/2698/45 2704/2699/45
f 2705/2700/45 2693/2698/45 2696/2701/45
f 2690/2686/45 2691/2702/45 2692/2687/45
f 2696/2701/45 2693/2698/45 2695/2690/45
f 2693/2698/45 2689/2688/45 2695/2690/45
f 2697/2691/45 2694/2689/45 2689/2688/45
f 2699/2692/45 2691/2702/45 2690/2686/45
f 2701/2694/45 2698/2693/45 2690/2686/45
f 2703/2696/45 2701/2694/45 2700/2695/45
f 2702/2697/45 2700/2695/45 2693/2698/45
f 2705/2700/45 2704/2699/45 2693/2698/45
o path.server
v -180.802155 -15.000178 -348.306335
v -180.802170 -15.000179 -362.580841
v -195.087875 -15.000179 -362.567749
v -195.087875 -15.000178 -348.295105
v -180.802139 -15.000172 -262.659271
v -180.802155 -15.000173 -276.933777
v -195.087860 -15.000173 -276.931915
v -195.087860 -15.000172 -262.659271
v -180.802155 -15.000174 -291.208313
v -195.087860 -15.000174 -291.204559
v -180.802155 -15.000175 -305.482788
v -195.087860 -15.000175 -305.477203
v -180.802155 -15.000175 -319.757294
v -195.087860 -15.000175 -319.749847
v -180.802155 -15.000176 -334.031830
v -195.087875 -15.000176 -334.022461
v -95.087891 -15.000172 -262.659302
v -95.087891 -15.000173 -276.945007
v -109.373604 -15.000173 -276.943146
v -109.373596 -15.000172 -262.659302
v -123.659309 -15.000173 -276.941284
v -123.659309 -15.000172 -262.659302
v -137.945023 -15.000173 -276.939392
v -137.945023 -15.000172 -262.659302
v -152.230728 -15.000173 -276.937531
v -152.230728 -15.000172 -262.659271
v -166.516449 -15.000173 -276.935669
v -166.516434 -15.000172 -262.659271
v -95.087891 -15.000174 -291.230713
v -109.373604 -15.000174 -291.226990
v -123.659309 -15.000174 -291.223267
v -137.945023 -15.000174 -291.219513
v -152.230728 -15.000174 -291.215759
v -166.516449 -15.000174 -291.212036
v -95.087891 -15.000175 -305.516449
v -109.373604 -15.000175 -305.510834
v -123.659309 -15.000175 -305.505219
v -137.945023 -15.000175 -305.499634
v -152.230743 -15.000175 -305.494019
v -166.516449 -15.000175 -305.488403
v -95.087898 -15.000175 -319.802155
v -109.373611 -15.000175 -319.794678
v -123.659317 -15.000175 -319.787201
v -137.945023 -15.000175 -319.779724
v -152.230743 -15.000175 -319.772247
v -166.516449 -15.000175 -319.764771
v -95.087891 -15.000176 -334.087860
v -109.373604 -15.000176 -334.078522
v -123.659317 -15.000176 -334.069183
v -137.945023 -15.000176 -334.059845
v -152.230728 -15.000176 -334.050507
v -166.516449 -15.000176 -334.041168
v -95.087875 -15.000178 -348.373566
v -109.373596 -15.000178 -348.362366
v -123.659309 -15.000178 -348.351166
v -137.945023 -15.000178 -348.339935
v -152.230743 -15.000178 -348.328735
v -166.516449 -15.000178 -348.317535
v -95.087875 -15.000179 -362.659302
v -109.373596 -15.000179 -362.646210
v -123.659309 -15.000179 -362.633148
v -137.945023 -15.000179 -362.620056
v -152.230743 -15.000179 -362.606995
v -166.516449 -15.000179 -362.593903
vt 0.000000 0.000000
vt 0.000000 0.000000
vt 0.000000 0.000000
vt 0.000000 0.000000
vt 0.000000 0.000000
vt 0.000000 0.000000
vt 0.000000 0.000000
vt 0.000000 0.000000
vt 0.000000 0.000000
vt 0.000000 0.000000
vt 0.000000 0.000000
vt 0.000000 0.000000
vt 0.000000 0.000000
vt 0.000000 0.000000
vt 0.000000 0.000000
vt 0.000000 0.000000
vt 0.000000 0.000000
vt 0.000000 0.000000
vt 0.000000 0.000000
vt 0.000000 0.000000
vt 0.000000 0.000000
vt 0.000000 0.000000
vt 0.000000 0.000000
vt 0.000000 0.000000
vt 0.000000 0.000000
vt 0.000000 0.000000
vt 0.000000 0.000000
vt 0.000000 0.000000
vt 0.000000 0.000000
vt 0.000000 0.000000
vt 0.000000 0.000000
vt 0.000000 0.000000
vt 0.000000 0.000000
vt 0.000000 0.000000
vt 0.000000 0.000000
vt 0.000000 0.000000
vt 0.000000 0.000000
vt 0.000000 0.000000
vt 0.000000 0.000000
vt 0.000000 0.000000
vt 0.000000 0.000000
vt 0.000000 0.000000
vt 0.000000 0.000000
vt 0.000000 0.000000
vt 0.000000 0.000000
vt 0.000000 0.000000
vt 0.000000 0.000000
vt 0.000000 0.000000
vt 0.000000 0.000000
vt 0.000000 0.000000
vt 0.000000 0.000000
vt 0.000000 0.000000
vt 0.000000 0.000000
vt 0.000000 0.000000
vt 0.000000 0.000000
vt 0.000000 0.000000
vt 0.000000 0.000000
vt 0.000000 0.000000
vt 0.000000 0.000000
vt 0.000000 0.000000
vt 0.000000 0.000000
vt 0.000000 0.000000
vt 0.000000 0.000000
vt 0.000000 0.000000
vn -0.0000 1.0000 -0.0000
usemtl Default_OBJ
s 1
f 2706/2703/46 2708/2704/46 2709/2705/46
f 2710/2706/46 2712/2707/46 2713/2708/46
f 2711/2709/46 2715/2710/46 2712/2707/46
f 2714/2711/46 2717/2712/46 2715/2710/46
f 2716/2713/46 2719/2714/46 2717/2712/46
f 2718/2715/46 2721/2716/46 2719/2714/46
f 2720/2717/46 2709/2705/46 2721/2716/46
f 2722/2718/46 2724/2719/46 2725/2720/46
f 2725/2720/46 2726/2721/46 2727/2722/46
f 2727/2722/46 2728/2723/46 2729/2724/46
f 2729/2724/46 2730/2725/46 2731/2726/46
f 2731/2726/46 2732/2727/46 2733/2728/46
f 2733/2728/46 2711/2709/46 2710/2706/46
f 2723/2729/46 2735/2730/46 2724/2719/46
f 2726/2721/46 2737/2731/46 2728/2723/46
f 2730/2725/46 2739/2732/46 2732/2727/46
f 2734/2733/46 2741/2734/46 2735/2730/46
f 2735/2730/46 2742/2735/46 2736/2736/46
f 2736/2736/46 2743/2737/46 2737/2731/46
f 2737/2731/46 2744/2738/46 2738/2739/46
f 2738/2739/46 2745/2740/46 2739/2732/46
f 2739/2732/46 2716/2713/46 2714/2711/46
f 2740/2741/46 2747/2742/46 2741/2734/46
f 2742/2735/46 2749/2743/46 2743/2737/46
f 2744/2738/46 2751/2744/46 2745/2740/46
f 2746/2745/46 2753/2746/46 2747/2742/46
f 2747/2742/46 2754/2747/46 2748/2748/46
f 2748/2748/46 2755/2749/46 2749/2743/46
f 2749/2743/46 2756/2750/46 2750/2751/46
f 2750/2751/46 2757/2752/46 2751/2744/46
f 2751/2744/46 2720/2717/46 2718/2715/46
f 2752/2753/46 2759/2754/46 2753/2746/46
f 2754/2747/46 2761/2755/46 2755/2749/46
f 2756/2750/46 2763/2756/46 2757/2752/46
f 2758/2757/46 2765/2758/46 2759/2754/46
f 2759/2754/46 2766/2759/46 2760/2760/46
f 2760/2760/46 2767/2761/46 2761/2755/46
f 2761/2755/46 2768/2762/46 2762/2763/46
f 2762/2763/46 2769/2764/46 2763/2756/46
f 2763/2756/46 2707/2765/46 2706/2703/46
f 2706/2703/46 2707/2765/46 2708/2704/46
f 2710/2706/46 2711/2709/46 2712/2707/46
f 2711/2709/46 2714/2711/46 2715/2710/46
f 2714/2711/46 2716/2713/46 2717/2712/46
f 2716/2713/46 2718/2715/46 2719/2714/46
f 2718/2715/46 2720/2717/46 2721/2716/46
f 2720/2717/46 2706/2703/46 2709/2705/46
f 2722/2718/46 2723/2729/46 2724/2719/46
f 2725/2720/46 2724/2719/46 2726/2721/46
f 2727/2722/46 2726/2721/46 2728/2723/46
f 2729/2724/46 2728/2723/46 2730/2725/46
f 2731/2726/46 2730/2725/46 2732/2727/46
f 2733/2728/46 2732/2727/46 2711/2709/46
f 2723/2729/46 2734/2733/46 2735/2730/46
f 2726/2721/46 2736/2736/46 2737/2731/46
f 2730/2725/46 2738/2739/46 2739/2732/46
f 2734/2733/46 2740/2741/46 2741/2734/46
f 2735/2730/46 2741/2734/46 2742/2735/46
f 2736/2736/46 2742/2735/46 2743/2737/46
f 2737/2731/46 2743/2737/46 2744/2738/46
f 2738/2739/46 2744/2738/46 2745/2740/46
f 2739/2732/46 2745/2740/46 2716/2713/46
f 2740/2741/46 2746/2745/46 2747/2742/46
f 2742/2735/46 2748/2748/46 2749/2743/46
f 2744/2738/46 2750/2751/46 2751/2744/46
f 2746/2745/46 2752/2753/46 2753/2746/46
f 2747/2742/46 2753/2746/46 2754/2747/46
f 2748/2748/46 2754/2747/46 2755/2749/46
f 2749/2743/46 2755/2749/46 2756/2750/46
f 2750/2751/46 2756/2750/46 2757/2752/46
f 2751/2744/46 2757/2752/46 2720/2717/46
f 2752/2753/46 2758/2757/46 2759/2754/46
f 2754/2747/46 2760/2760/46 2761/2755/46
f 2756/2750/46 2762/2763/46 2763/2756/46
f 2758/2757/46 2764/2766/46 2765/2758/46
f 2759/2754/46 2765/2758/46 2766/2759/46
f 2760/2760/46 2766/2759/46 2767/2761/46
f 2761/2755/46 2767/2761/46 2768/2762/46
f 2762/2763/46 2768/2762/46 2769/2764/46
f 2763/2756/46 2769/2764/46 2707/2765/46
o path.corridor.002
v -225.398758 -15.000183 -410.737640
v -219.405975 -15.000182 -407.277710
v -220.153564 -15.000182 -405.982819
v -222.653564 -15.000182 -405.982819
v -217.408371 -15.000181 -391.897888
v -223.401154 -15.000181 -395.357819
v -222.653564 -15.000181 -396.652710
v -220.153564 -15.000181 -396.652710
v -225.566223 -15.000181 -396.607819
v -224.818634 -15.000182 -397.902710
v -217.988495 -15.000182 -404.732819
v -217.240906 -15.000182 -406.027710
v -213.078247 -15.000181 -389.397888
v -217.988495 -15.000182 -397.902679
v -224.818634 -15.000182 -404.732819
v -229.728882 -15.000183 -413.237640
v -233.478882 -15.000183 -415.402679
v -233.478882 -15.000182 -408.289459
v -233.478882 -15.000182 -401.176208
v -231.559006 -15.000182 -400.067749
v -226.068634 -15.000182 -400.067749
v -226.068634 -15.000182 -402.567749
v -216.738510 -15.000182 -402.567749
v -216.738495 -15.000182 -400.067749
v -195.087875 -15.000180 -383.817749
v -195.087875 -15.000181 -390.737640
v -192.342682 -15.000181 -385.982819
v -193.592682 -15.000180 -383.817749
v -182.767365 -15.000180 -381.317749
v -182.767365 -15.000180 -374.397888
v -185.512558 -15.000180 -379.152679
v -184.262558 -15.000180 -381.317749
v -193.592682 -15.000180 -381.317749
v -195.087875 -15.000180 -381.317749
v -190.177612 -15.000181 -387.232819
v -187.677612 -15.000181 -387.232819
v -185.512558 -15.000181 -385.982819
v -184.262558 -15.000180 -383.817749
v -187.677612 -15.000180 -377.902679
v -190.177612 -15.000180 -377.902679
v -192.342682 -15.000180 -379.152679
v -211.248123 -15.000182 -402.567749
v -206.917999 -15.000182 -400.067749
v -203.167999 -15.000182 -397.902679
v -209.328247 -15.000181 -387.232819
v -182.767365 -15.000180 -383.817749
v -192.922806 -15.000181 -391.987640
v -186.930023 -15.000181 -388.527679
v -184.932419 -15.000180 -373.147888
v -190.925217 -15.000180 -376.607819
v -193.090271 -15.000180 -377.857819
v -184.764954 -15.000181 -387.277679
v -182.767365 -15.000181 -386.124390
v -195.087860 -15.000181 -393.237640
v -195.087875 -15.000180 -379.011139
v -207.163193 -15.000181 -385.982819
v -201.002930 -15.000181 -396.652679
v -182.767365 -15.000179 -371.897888
v -182.767365 -15.000179 -365.067749
v -188.927612 -15.000179 -365.067749
v -195.087875 -15.000179 -365.067749
vt 0.000000 0.000000
vt 0.000000 0.000000
vt 0.000000 0.000000
vt 0.000000 0.000000
vt 0.000000 0.000000
vt 0.000000 0.000000
vt 0.000000 0.000000
vt 0.000000 0.000000
vt 0.000000 0.000000
vt 0.000000 0.000000
vt 0.000000 0.000000
vt 0.000000 0.000000
vt 0.000000 0.000000
vt 0.000000 0.000000
vt 0.000000 0.000000
vt 0.000000 0.000000
vt 0.000000 0.000000
vt 0.000000 0.000000
vt 0.000000 0.000000
vt 0.000000 0.000000
vt 0.000000 0.000000
vt 0.000000 0.000000
vt 0.000000 0.000000
vt 0.000000 0.000000
vt 0.000000 0.000000
vt 0.000000 0.000000
vt 0.000000 0.000000
vt 0.000000 0.000000
vt 0.000000 0.000000
vt 0.000000 0.000000
vt 0.000000 0.000000
vt 0.000000 0.000000
vt 0.000000 0.000000
vt 0.000000 0.000000
vt 0.000000 0.000000
vt 0.000000 0.000000
vt 0.000000 0.000000
vt 0.000000 0.000000
vt 0.000000 0.000000
vt 0.000000 0.000000
vt 0.000000 0.000000
vt 0.000000 0.000000
vt 0.000000 0.000000
vt 0.000000 0.000000
vt 0.000000 0.000000
vt 0.000000 0.000000
vt 0.000000 0.000000
vt 0.000000 0.000000
vt 0.000000 0.000000
vt 0.000000 0.000000
vt 0.000000 0.000000
vt 0.000000 0.000000
vt 0.000000 0.000000
vt 0.000000 0.000000
vt 0.000000 0.000000
vt 0.000000 0.000000
vt 0.000000 0.000000
vt 0.000000 0.000000
vt 0.000000 0.000000
vt 0.000000 0.000000
vt 0.000000 0.000000
vn 0.0000 -1.0000 0.0000
vn 0.0000 1.0000 -0.0000
usemtl Default_OBJ
s 1
f 2771/2767/47 2773/2768/47 2770/2769/47
f 2775/2770/47 2777/2771/47 2774/2772/47
f 2778/2773/47 2776/2774/47 2775/2770/47
f 2772/2775/48 2781/2776/48 2771/2767/48
f 2783/2777/48 2774/2772/48 2782/2778/48
f 2789/2779/48 2790/2780/48 2791/2781/48
f 2792/2782/47 2776/2774/47 2784/2783/47
f 2794/2784/47 2796/2785/47 2797/2786/47
f 2798/2787/47 2800/2788/47 2801/2789/47
f 2797/2786/47 2803/2790/47 2794/2784/47
f 2802/2791/47 2796/2785/47 2807/2792/47
f 2784/2783/48 2770/2769/48 2785/2793/48
f 2792/2782/47 2781/2776/47 2811/2794/47
f 2793/2795/47 2811/2794/47 2812/2796/47
f 2790/2780/47 2778/2773/47 2789/2779/47
f 2783/2777/47 2793/2795/47 2812/2796/47
f 2807/2792/47 2798/2787/47 2801/2789/47
f 2817/2797/47 2804/2798/47 2816/2799/47
f 2819/2800/47 2808/2801/47 2818/2802/47
f 2810/2803/47 2819/2800/47 2820/2804/47
f 2817/2797/48 2806/2805/48 2821/2806/48
f 2806/2805/47 2822/2807/47 2807/2792/47
f 2803/2790/47 2825/2808/47 2794/2784/47
f 2816/2799/47 2804/2798/47 2796/2785/47
f 2810/2803/47 2820/2804/47 2824/2809/47
f 2818/2802/47 2808/2801/47 2800/2788/47
f 2818/2802/47 2827/2810/47 2829/2811/47
f 2813/2812/47 2825/2808/47 2814/2813/47
f 2771/2767/47 2772/2775/47 2773/2768/47
f 2775/2770/47 2776/2774/47 2777/2771/47
f 2778/2773/47 2779/2814/47 2776/2774/47
f 2772/2775/48 2780/2815/48 2781/2776/48
f 2783/2777/48 2777/2771/48 2774/2772/48
f 2791/2781/48 2784/2783/48 2787/2816/48
f 2784/2783/48 2785/2793/48 2787/2816/48
f 2785/2793/48 2786/2817/48 2787/2816/48
f 2787/2816/48 2788/2818/48 2791/2781/48
f 2788/2818/48 2789/2779/48 2791/2781/48
f 2784/2783/47 2773/2768/47 2792/2782/47
f 2773/2768/47 2772/2775/47 2792/2782/47
f 2772/2775/47 2780/2815/47 2792/2782/47
f 2792/2782/47 2793/2795/47 2783/2777/47
f 2783/2777/47 2777/2771/47 2792/2782/47
f 2777/2771/47 2776/2774/47 2792/2782/47
f 2776/2774/47 2779/2814/47 2784/2783/47
f 2779/2814/47 2790/2780/47 2784/2783/47
f 2790/2780/47 2791/2781/47 2784/2783/47
f 2794/2784/47 2795/2819/47 2796/2785/47
f 2798/2787/47 2799/2820/47 2800/2788/47
f 2797/2786/47 2802/2791/47 2803/2790/47
f 2796/2785/47 2804/2798/47 2807/2792/47
f 2804/2798/47 2805/2821/47 2807/2792/47
f 2805/2821/47 2806/2805/47 2807/2792/47
f 2807/2792/47 2801/2789/47 2809/2822/47
f 2801/2789/47 2800/2788/47 2809/2822/47
f 2800/2788/47 2808/2801/47 2809/2822/47
f 2809/2822/47 2810/2803/47 2802/2791/47
f 2802/2791/47 2797/2786/47 2796/2785/47
f 2809/2822/47 2802/2791/47 2807/2792/47
f 2784/2783/48 2773/2768/48 2770/2769/48
f 2792/2782/47 2780/2815/47 2781/2776/47
f 2793/2795/47 2792/2782/47 2811/2794/47
f 2790/2780/47 2779/2814/47 2778/2773/47
f 2812/2796/47 2813/2812/47 2814/2813/47
f 2814/2813/47 2782/2778/47 2812/2796/47
f 2782/2778/47 2783/2777/47 2812/2796/47
f 2807/2792/47 2815/2823/47 2798/2787/47
f 2817/2797/47 2805/2821/47 2804/2798/47
f 2819/2800/47 2809/2822/47 2808/2801/47
f 2810/2803/47 2809/2822/47 2819/2800/47
f 2817/2797/48 2805/2821/48 2806/2805/48
f 2821/2806/47 2822/2807/47 2806/2805/47
f 2822/2807/47 2815/2823/47 2807/2792/47
f 2826/2824/47 2823/2825/47 2795/2819/47
f 2826/2824/47 2795/2819/47 2825/2808/47
f 2795/2819/47 2794/2784/47 2825/2808/47
f 2824/2809/47 2825/2808/47 2803/2790/47
f 2796/2785/47 2795/2819/47 2816/2799/47
f 2795/2819/47 2823/2825/47 2816/2799/47
f 2803/2790/47 2802/2791/47 2824/2809/47
f 2802/2791/47 2810/2803/47 2824/2809/47
f 2800/2788/47 2799/2820/47 2818/2802/47
f 2799/2820/47 2827/2810/47 2818/2802/47
f 2827/2810/47 2828/2826/47 2829/2811/47
f 2829/2811/47 2830/2827/47 2819/2800/47
f 2830/2827/47 2824/2809/47 2820/2804/47
f 2819/2800/47 2830/2827/47 2820/2804/47
f 2819/2800/47 2818/2802/47 2829/2811/47
f 2813/2812/47 2826/2824/47 2825/2808/47
o path.tower.000
v -95.087875 -15.000179 -365.159302
v -93.837875 -15.000179 -367.324371
v -99.998138 -15.000180 -377.994232
v -102.498138 -15.000180 -377.994232
v -108.658401 -15.000179 -367.324371
v -107.408401 -15.000179 -365.159302
v -118.233719 -15.000180 -381.409302
v -119.483719 -15.000180 -379.244232
v -113.323456 -15.000179 -368.574371
v -110.823456 -15.000179 -368.574371
v -104.663193 -15.000180 -379.244232
v -105.913208 -15.000180 -381.409302
v -105.913193 -15.000180 -383.909302
v -104.663193 -15.000181 -386.074371
v -110.823456 -15.000181 -396.744232
v -113.323456 -15.000181 -396.744232
v -119.483719 -15.000181 -386.074371
v -118.233719 -15.000180 -383.909302
v -107.408401 -15.000182 -400.159302
v -108.658401 -15.000182 -397.994232
v -102.498138 -15.000181 -387.324371
v -99.998138 -15.000181 -387.324371
v -93.837875 -15.000182 -397.994232
v -95.087875 -15.000182 -400.159302
v -84.262558 -15.000180 -383.909302
v -83.012558 -15.000181 -386.074371
v -89.172821 -15.000181 -396.744232
v -91.672821 -15.000181 -396.744232
v -97.833084 -15.000181 -386.074371
v -96.583084 -15.000180 -383.909302
v -96.583084 -15.000180 -381.409302
v -97.833084 -15.000180 -379.244232
v -91.672821 -15.000179 -368.574371
v -89.172821 -15.000179 -368.574371
v -83.012558 -15.000180 -379.244232
v -84.262558 -15.000180 -381.409302
vt 0.000000 0.000000
vt 0.000000 0.000000
vt 0.000000 0.000000
vt 0.000000 0.000000
vt 0.000000 0.000000
vt 0.000000 0.000000
vt 0.000000 0.000000
vt 0.000000 0.000000
vt 0.000000 0.000000
vt 0.000000 0.000000
vt 0.000000 0.000000
vt 0.000000 0.000000
vt 0.000000 0.000000
vt 0.000000 0.000000
vt 0.000000 0.000000
vt 0.000000 0.000000
vt 0.000000 0.000000
vt 0.000000 0.000000
vt 0.000000 0.000000
vt 0.000000 0.000000
vt 0.000000 0.000000
vt 0.000000 0.000000
vt 0.000000 0.000000
vt 0.000000 0.000000
vt 0.000000 0.000000
vt 0.000000 0.000000
vt 0.000000 0.000000
vt 0.000000 0.000000
vt 0.000000 0.000000
vt 0.000000 0.000000
vt 0.000000 0.000000
vt 0.000000 0.000000
vt 0.000000 0.000000
vt 0.000000 0.000000
vt 0.000000 0.000000
vt 0.000000 0.000000
vn 0.0000 1.0000 0.0000
vn 0.0000 -1.0000 0.0000
usemtl Default_OBJ
s 1
f 2834/2828/49 2835/2829/49 2836/2830/49
f 2840/2831/49 2841/2832/49 2842/2833/49
f 2846/2834/49 2847/2835/49 2848/2836/49
f 2852/2837/49 2853/2838/49 2854/2839/49
f 2858/2840/49 2859/2841/49 2860/2842/49
f 2864/2843/49 2865/2844/49 2866/2845/49
f 2861/2846/49 2855/2847/49 2860/2842/49
f 2845/2848/49 2851/2849/49 2850/2850/49
f 2833/2851/50 2863/2852/50 2832/2853/50
f 2858/2840/50 2852/2837/50 2853/2838/50
f 2834/2828/50 2840/2831/50 2841/2832/50
f 2842/2833/49 2848/2836/49 2837/2854/49
f 2843/2855/49 2841/2832/49 2861/2846/49
f 2836/2830/49 2831/2856/49 2834/2828/49
f 2831/2856/49 2832/2853/49 2834/2828/49
f 2832/2853/49 2833/2851/49 2834/2828/49
f 2842/2833/49 2837/2854/49 2838/2857/49
f 2838/2857/49 2839/2858/49 2842/2833/49
f 2839/2858/49 2840/2831/49 2842/2833/49
f 2848/2836/49 2843/2855/49 2846/2834/49
f 2843/2855/49 2844/2859/49 2846/2834/49
f 2844/2859/49 2845/2848/49 2846/2834/49
f 2854/2839/49 2849/2860/49 2852/2837/49
f 2849/2860/49 2850/2850/49 2852/2837/49
f 2850/2850/49 2851/2849/49 2852/2837/49
f 2860/2842/49 2855/2847/49 2858/2840/49
f 2855/2847/49 2856/2861/49 2858/2840/49
f 2856/2861/49 2857/2862/49 2858/2840/49
f 2866/2845/49 2861/2846/49 2864/2843/49
f 2861/2846/49 2862/2863/49 2864/2843/49
f 2862/2863/49 2863/2852/49 2864/2843/49
f 2861/2846/49 2866/2845/49 2855/2847/49
f 2845/2848/49 2844/2859/49 2851/2849/49
f 2833/2851/50 2862/2863/50 2863/2852/50
f 2858/2840/50 2859/2841/50 2852/2837/50
f 2834/2828/50 2835/2829/50 2840/2831/50
f 2842/2833/49 2843/2855/49 2848/2836/49
f 2841/2832/49 2834/2828/49 2833/2851/49
f 2833/2851/49 2862/2863/49 2841/2832/49
f 2862/2863/49 2861/2846/49 2841/2832/49
f 2861/2846/49 2860/2842/49 2851/2849/49
f 2860/2842/49 2859/2841/49 2851/2849/49
f 2859/2841/49 2852/2837/49 2851/2849/49
f 2851/2849/49 2844/2859/49 2843/2855/49
f 2843/2855/49 2842/2833/49 2841/2832/49
f 2851/2849/49 2843/2855/49 2861/2846/49
o path.tower.001
v -95.087875 -15.000182 -402.659302
v -93.837875 -15.000182 -404.824371
v -99.998138 -15.000183 -415.494232
v -102.498138 -15.000183 -415.494232
v -108.658401 -15.000182 -404.824371
v -107.408401 -15.000182 -402.659302
v -118.233719 -15.000183 -418.909302
v -119.483719 -15.000183 -416.744232
v -113.323456 -15.000182 -406.074371
v -110.823456 -15.000182 -406.074371
v -104.663193 -15.000183 -416.744232
v -105.913208 -15.000183 -418.909302
v -105.913193 -15.000183 -421.409302
v -104.663193 -15.000184 -423.574371
v -110.823456 -15.000184 -434.244232
v -113.323456 -15.000184 -434.244232
v -119.483719 -15.000184 -423.574371
v -118.233719 -15.000183 -421.409302
v -107.408401 -15.000185 -437.659302
v -108.658401 -15.000184 -435.494232
v -102.498138 -15.000184 -424.824371
v -99.998138 -15.000184 -424.824371
v -93.837875 -15.000184 -435.494232
v -95.087875 -15.000185 -437.659302
v -84.262558 -15.000183 -421.409302
v -83.012558 -15.000184 -423.574371
v -89.172821 -15.000184 -434.244232
v -91.672821 -15.000184 -434.244232
v -97.833084 -15.000184 -423.574371
v -96.583084 -15.000183 -421.409302
v -96.583084 -15.000183 -418.909302
v -97.833084 -15.000183 -416.744232
v -91.672821 -15.000182 -406.074371
v -89.172821 -15.000182 -406.074371
v -83.012558 -15.000183 -416.744232
v -84.262558 -15.000183 -418.909302
vt 0.000000 0.000000
vt 0.000000 0.000000
vt 0.000000 0.000000
vt 0.000000 0.000000
vt 0.000000 0.000000
vt 0.000000 0.000000
vt 0.000000 0.000000
vt 0.000000 0.000000
vt 0.000000 0.000000
vt 0.000000 0.000000
vt 0.000000 0.000000
vt 0.000000 0.000000
vt 0.000000 0.000000
vt 0.000000 0.000000
vt 0.000000 0.000000
vt 0.000000 0.000000
vt 0.000000 0.000000
vt 0.000000 0.000000
vt 0.000000 0.000000
vt 0.000000 0.000000
vt 0.000000 0.000000
vt 0.000000 0.000000
vt 0.000000 0.000000
vt 0.000000 0.000000
vt 0.000000 0.000000
vt 0.000000 0.000000
vt 0.000000 0.000000
vt 0.000000 0.000000
vt 0.000000 0.000000
vt 0.000000 0.000000
vt 0.000000 0.000000
vt 0.000000 0.000000
vt 0.000000 0.000000
vt 0.000000 0.000000
vt 0.000000 0.000000
vt 0.000000 0.000000
vn 0.0000 1.0000 -0.0000
vn 0.0000 -1.0000 0.0000
usemtl Default_OBJ
s 1
f 2870/2864/51 2871/2865/51 2872/2866/51
f 2876/2867/51 2877/2868/51 2878/2869/51
f 2882/2870/51 2883/2871/51 2884/2872/51
f 2888/2873/51 2889/2874/51 2890/2875/51
f 2894/2876/51 2895/2877/51 2896/2878/51
f 2900/2879/51 2901/2880/51 2902/2881/51
f 2897/2882/51 2891/2883/51 2896/2878/51
f 2881/2884/51 2887/2885/51 2886/2886/51
f 2869/2887/52 2899/2888/52 2868/2889/52
f 2894/2876/52 2888/2873/52 2889/2874/52
f 2870/2864/52 2876/2867/52 2877/2868/52
f 2878/2869/51 2884/2872/51 2873/2890/51
f 2879/2891/51 2877/2868/51 2897/2882/51
f 2872/2866/51 2867/2892/51 2870/2864/51
f 2867/2892/51 2868/2889/51 2870/2864/51
f 2868/2889/51 2869/2887/51 2870/2864/51
f 2878/2869/51 2873/2890/51 2874/2893/51
f 2874/2893/51 2875/2894/51 2878/2869/51
f 2875/2894/51 2876/2867/51 2878/2869/51
f 2884/2872/51 2879/2891/51 2882/2870/51
f 2879/2891/51 2880/2895/51 2882/2870/51
f 2880/2895/51 2881/2884/51 2882/2870/51
f 2890/2875/51 2885/2896/51 2888/2873/51
f 2885/2896/51 2886/2886/51 2888/2873/51
f 2886/2886/51 2887/2885/51 2888/2873/51
f 2896/2878/51 2891/2883/51 2894/2876/51
f 2891/2883/51 2892/2897/51 2894/2876/51
f 2892/2897/51 2893/2898/51 2894/2876/51
f 2902/2881/51 2897/2882/51 2900/2879/51
f 2897/2882/51 2898/2899/51 2900/2879/51
f 2898/2899/51 2899/2888/51 2900/2879/51
f 2897/2882/51 2902/2881/51 2891/2883/51
f 2881/2884/51 2880/2895/51 2887/2885/51
f 2869/2887/52 2898/2899/52 2899/2888/52
f 2894/2876/52 2895/2877/52 2888/2873/52
f 2870/2864/52 2871/2865/52 2876/2867/52
f 2878/2869/51 2879/2891/51 2884/2872/51
f 2877/2868/51 2870/2864/51 2869/2887/51
f 2869/2887/51 2898/2899/51 2877/2868/51
f 2898/2899/51 2897/2882/51 2877/2868/51
f 2897/2882/51 2896/2878/51 2887/2885/51
f 2896/2878/51 2895/2877/51 2887/2885/51
f 2895/2877/51 2888/2873/51 2887/2885/51
f 2887/2885/51 2880/2895/51 2879/2891/51
f 2879/2891/51 2878/2869/51 2877/2868/51
f 2887/2885/51 2879/2891/51 2897/2882/51
o path.tower.002
v -95.087875 -15.000185 -440.159302
v -93.837875 -15.000185 -442.324371
v -99.998138 -15.000186 -452.994232
v -102.498138 -15.000186 -452.994232
v -108.658401 -15.000185 -442.324371
v -107.408401 -15.000185 -440.159302
v -118.233719 -15.000186 -456.409302
v -119.483719 -15.000186 -454.244232
v -113.323456 -15.000185 -443.574371
v -110.823456 -15.000185 -443.574371
v -104.663193 -15.000186 -454.244232
v -105.913208 -15.000186 -456.409302
v -105.913193 -15.000186 -458.909302
v -104.663193 -15.000187 -461.074371
v -110.823456 -15.000187 -471.744232
v -113.323456 -15.000187 -471.744232
v -119.483719 -15.000187 -461.074371
v -118.233719 -15.000186 -458.909302
v -107.408401 -15.000188 -475.159302
v -108.658401 -15.000187 -472.994232
v -102.498138 -15.000187 -462.324371
v -99.998138 -15.000187 -462.324371
v -93.837875 -15.000187 -472.994232
v -95.087875 -15.000188 -475.159302
v -84.262558 -15.000186 -458.909302
v -83.012558 -15.000187 -461.074371
v -89.172821 -15.000187 -471.744232
v -91.672821 -15.000187 -471.744232
v -97.833084 -15.000187 -461.074371
v -96.583084 -15.000186 -458.909302
v -96.583084 -15.000186 -456.409302
v -97.833084 -15.000186 -454.244232
v -91.672821 -15.000185 -443.574371
v -89.172821 -15.000185 -443.574371
v -83.012558 -15.000186 -454.244232
v -84.262558 -15.000186 -456.409302
vt 0.000000 0.000000
vt 0.000000 0.000000
vt 0.000000 0.000000
vt 0.000000 0.000000
vt 0.000000 0.000000
vt 0.000000 0.000000
vt 0.000000 0.000000
vt 0.000000 0.000000
vt 0.000000 0.000000
vt 0.000000 0.000000
vt 0.000000 0.000000
vt 0.000000 0.000000
vt 0.000000 0.000000
vt 0.000000 0.000000
vt 0.000000 0.000000
vt 0.000000 0.000000
vt 0.000000 0.000000
vt 0.000000 0.000000
vt 0.000000 0.000000
vt 0.000000 0.000000
vt 0.000000 0.000000
vt 0.000000 0.000000
vt 0.000000 0.000000
vt 0.000000 0.000000
vt 0.000000 0.000000
vt 0.000000 0.000000
vt 0.000000 0.000000
vt 0.000000 0.000000
vt 0.000000 0.000000
vt 0.000000 0.000000
vt 0.000000 0.000000
vt 0.000000 0.000000
vt 0.000000 0.000000
vt 0.000000 0.000000
vt 0.000000 0.000000
vt 0.000000 0.000000
vn 0.0000 1.0000 -0.0000
vn 0.0000 -1.0000 0.0000
usemtl Default_OBJ
s 1
f 2906/2900/53 2907/2901/53 2908/2902/53
f 2912/2903/53 2913/2904/53 2914/2905/53
f 2918/2906/53 2919/2907/53 2920/2908/53
f 2924/2909/53 2925/2910/53 2926/2911/53
f 2930/2912/53 2931/2913/53 2932/2914/53
f 2936/2915/53 2937/2916/53 2938/2917/53
f 2933/2918/53 2927/2919/53 2932/2914/53
f 2917/2920/53 2923/2921/53 2922/2922/53
f 2905/2923/54 2935/2924/54 2904/2925/54
f 2930/2912/54 2924/2909/54 2925/2910/54
f 2906/2900/54 2912/2903/54 2913/2904/54
f 2914/2905/53 2920/2908/53 2909/2926/53
f 2915/2927/53 2913/2904/53 2933/2918/53
f 2908/2902/53 2903/2928/53 2906/2900/53
f 2903/2928/53 2904/2925/53 2906/2900/53
f 2904/2925/53 2905/2923/53 2906/2900/53
f 2914/2905/53 2909/2926/53 2910/2929/53
f 2910/2929/53 2911/2930/53 2914/2905/53
f 2911/2930/53 2912/2903/53 2914/2905/53
f 2920/2908/53 2915/2927/53 2918/2906/53
f 2915/2927/53 2916/2931/53 2918/2906/53
f 2916/2931/53 2917/2920/53 2918/2906/53
f 2926/2911/53 2921/2932/53 2924/2909/53
f 2921/2932/53 2922/2922/53 2924/2909/53
f 2922/2922/53 2923/2921/53 2924/2909/53
f 2932/2914/53 2927/2919/53 2930/2912/53
f 2927/2919/53 2928/2933/53 2930/2912/53
f 2928/2933/53 2929/2934/53 2930/2912/53
f 2938/2917/53 2933/2918/53 2936/2915/53
f 2933/2918/53 2934/2935/53 2936/2915/53
f 2934/2935/53 2935/2924/53 2936/2915/53
f 2933/2918/53 2938/2917/53 2927/2919/53
f 2917/2920/53 2916/2931/53 2923/2921/53
f 2905/2923/54 2934/2935/54 2935/2924/54
f 2930/2912/54 2931/2913/54 2924/2909/54
f 2906/2900/54 2907/2901/54 2912/2903/54
f 2914/2905/53 2915/2927/53 2920/2908/53
f 2913/2904/53 2906/2900/53 2905/2923/53
f 2905/2923/53 2934/2935/53 2913/2904/53
f 2934/2935/53 2933/2918/53 2913/2904/53
f 2933/2918/53 2932/2914/53 2923/2921/53
f 2932/2914/53 2931/2913/53 2923/2921/53
f 2931/2913/53 2924/2909/53 2923/2921/53
f 2923/2921/53 2916/2931/53 2915/2927/53
f 2915/2927/53 2914/2905/53 2913/2904/53
f 2923/2921/53 2915/2927/53 2933/2918/53
o path.office.001
v 86.847717 -15.000178 -342.659302
v -11.598312 -15.000178 -342.659302
v -42.093094 -15.000178 -342.659302
v -72.587875 -15.000178 -342.659302
v -92.587875 -15.000180 -362.659302
v 86.847717 -15.000180 -362.659302
v 86.847717 -20.000174 -281.669739
v 86.847717 -20.000170 -223.614960
v -11.598305 -20.000170 -223.614944
v -11.598312 -20.000174 -281.669739
v -72.587875 -15.000176 -312.164520
v -72.587875 -15.000174 -281.669739
v -72.587868 -15.000170 -223.614944
v -92.587868 -15.000170 -223.614944
v 86.847717 -20.000175 -312.164520
v -11.598312 -20.000175 -312.164520
v -42.093090 -20.000174 -281.669739
v -42.163944 -20.000168 -312.018402
v -42.093086 -20.000170 -223.614944
vt 0.000000 0.000000
vt 0.000000 0.000000
vt 0.000000 0.000000
vt 0.000000 0.000000
vt 0.000000 0.000000
vt 0.000000 0.000000
vt 0.000000 0.000000
vt 0.000000 0.000000
vt 0.000000 0.000000
vt 0.000000 0.000000
vt 0.000000 0.000000
vt 0.000000 0.000000
vt 0.000000 0.000000
vt 0.000000 0.000000
vt 0.000000 0.000000
vt 0.000000 0.000000
vt 0.000000 0.000000
vt 0.000000 0.000000
vt 0.000000 0.000000
vn 0.0000 -1.0000 0.0000
vn -0.1620 -0.9868 0.0001
vn -0.1619 -0.9868 0.0001
vn -0.1622 -0.9868 0.0000
vn -0.1618 -0.9868 0.0002
vn -0.1618 -0.9868 0.0000
vn -0.0002 -0.9869 -0.1612
vn -0.0005 -0.9869 -0.1611
vn 0.0000 -0.9869 -0.1611
vn -0.0002 -0.9869 -0.1616
vn 0.0000 -0.9868 -0.1618
usemtl Default_OBJ
s 1
f 2940/2936/55 2941/2937/55 2943/2938/55
f 2946/2939/55 2948/2940/55 2945/2941/55
f 2950/2942/55 2952/2943/55 2943/2938/55
f 2945/2941/55 2954/2944/55 2953/2945/55
f 2948/2940/55 2956/2946/55 2954/2944/55
f 2948/2940/55 2957/2947/55 2955/2948/55
f 2956/2946/56 2950/2942/57 2949/2949/58
f 2949/2949/58 2942/2950/58 2956/2946/56
f 2955/2948/59 2951/2951/60 2950/2942/57
f 2941/2937/61 2956/2946/62 2942/2950/63
f 2941/2937/61 2954/2944/64 2956/2946/62
f 2939/2952/65 2954/2944/64 2940/2936/64
f 2944/2953/55 2939/2952/55 2940/2936/55
f 2941/2937/55 2942/2950/55 2943/2938/55
f 2944/2953/55 2940/2936/55 2943/2938/55
f 2946/2939/55 2947/2954/55 2948/2940/55
f 2943/2938/55 2942/2950/55 2949/2949/55
f 2950/2942/55 2951/2951/55 2952/2943/55
f 2943/2938/55 2949/2949/55 2950/2942/55
f 2945/2941/55 2948/2940/55 2954/2944/55
f 2948/2940/55 2955/2948/55 2956/2946/55
f 2948/2940/55 2947/2954/55 2957/2947/55
f 2956/2946/56 2955/2948/59 2950/2942/57
f 2955/2948/59 2957/2947/60 2951/2951/60
f 2941/2937/61 2940/2936/64 2954/2944/64
f 2939/2952/65 2953/2945/65 2954/2944/64
o path.control.001
v 44.270004 -20.000170 -221.114944
v 31.435074 -20.000170 -221.114944
v 31.435074 -20.000170 -219.864944
v 42.104935 -20.000168 -213.704681
v 44.270004 -20.000170 -214.954681
v 28.020004 -20.000168 -204.129364
v 30.185074 -20.000168 -202.879364
v 40.854935 -20.000168 -209.039627
v 40.854935 -20.000168 -211.539627
v 30.185074 -20.000170 -217.699875
v 28.020004 -20.000170 -216.449875
v 25.520004 -20.000170 -216.449875
v 23.354935 -20.000170 -217.699875
v 12.685074 -20.000168 -211.539627
v 12.685074 -20.000168 -209.039627
v 23.354935 -20.000168 -202.879364
v 25.520004 -20.000168 -204.129364
v 22.104935 -20.000170 -219.864944
v 11.435074 -20.000168 -213.704681
v 6.770004 -20.000170 -221.114944
v -6.064926 -20.000170 -221.114944
v -6.064926 -20.000170 -219.864944
v 4.604935 -20.000168 -213.704681
v 6.770004 -20.000170 -214.954681
v -9.479996 -20.000168 -204.129364
v -7.314926 -20.000168 -202.879364
v 3.354935 -20.000168 -209.039627
v 3.354935 -20.000168 -211.539627
v -7.314926 -20.000170 -217.699875
v -9.479996 -20.000170 -216.449875
v -11.979996 -20.000170 -216.449875
v -14.145065 -20.000170 -217.699875
v -24.814926 -20.000168 -211.539627
v -24.814926 -20.000168 -209.039627
v -14.145065 -20.000168 -202.879364
v -11.979996 -20.000168 -204.129364
v -15.395065 -20.000170 -219.864944
v -26.064926 -20.000168 -213.704681
v 81.770004 -20.000170 -221.114944
v 68.935074 -20.000170 -221.114944
v 68.935074 -20.000170 -219.864944
v 79.604935 -20.000168 -213.704681
v 81.770004 -20.000170 -214.954681
v 65.520004 -20.000168 -204.129364
v 67.685074 -20.000168 -202.879364
v 78.354935 -20.000168 -209.039627
v 78.354935 -20.000168 -211.539627
v 67.685074 -20.000170 -217.699875
v 65.520004 -20.000170 -216.449875
v 63.020004 -20.000170 -216.449875
v 60.854935 -20.000170 -217.699875
v 50.185074 -20.000168 -211.539627
v 50.185074 -20.000168 -209.039627
v 60.854935 -20.000168 -202.879364
v 63.020004 -20.000168 -204.129364
v 59.604935 -20.000170 -219.864944
v 48.935074 -20.000168 -213.704681
v -30.729996 -20.000170 -221.114944
v -43.564926 -20.000170 -221.114944
v -43.564926 -20.000170 -219.864944
v -32.895065 -20.000168 -213.704681
v -30.729996 -20.000170 -214.954681
v -46.979996 -20.000168 -204.129364
v -44.814926 -20.000168 -202.879364
v -34.145065 -20.000168 -209.039627
v -34.145065 -20.000168 -211.539627
v -44.814926 -20.000170 -217.699875
v -46.979996 -20.000170 -216.449875
v -49.479996 -20.000170 -216.449875
v -51.645065 -20.000170 -217.699875
v -62.314926 -20.000168 -211.539627
v -62.314926 -20.000168 -209.039627
v -51.645065 -20.000168 -202.879364
v -49.479996 -20.000168 -204.129364
v -52.895065 -20.000170 -219.864944
v -63.564926 -20.000168 -213.704681
v -65.729996 -20.000166 -171.653412
v -65.729996 -20.000166 -183.973907
v -66.979996 -20.000166 -183.973923
v -66.979996 -20.000166 -171.653412
v 25.520004 -20.000168 -194.799255
v 23.354935 -20.000168 -196.049255
v 12.685074 -20.000168 -189.888992
v 12.685074 -20.000166 -187.388992
v 23.354935 -20.000166 -181.228729
v 25.520004 -20.000166 -182.478729
v 9.270004 -20.000166 -171.653412
v 11.435074 -20.000166 -170.403412
v 22.104939 -20.000166 -176.563675
v 22.104935 -20.000166 -179.063675
v 11.435074 -20.000166 -185.223938
v 9.270004 -20.000166 -183.973923
v 6.770004 -20.000166 -183.973938
v 4.604935 -20.000166 -185.223938
v -6.064926 -20.000166 -179.063675
v -6.064926 -20.000166 -176.563675
v 4.604935 -20.000166 -170.403412
v 6.770004 -20.000166 -171.653412
v -9.479996 -20.000166 -182.478729
v -7.314926 -20.000166 -181.228729
v 3.354935 -20.000166 -187.388992
v 3.354935 -20.000168 -189.888992
v -7.314926 -20.000168 -196.049255
v -9.479996 -20.000168 -194.799255
v 6.770004 -20.000168 -205.624573
v 4.604935 -20.000168 -206.874573
v -6.064926 -20.000168 -200.714310
v -6.064926 -20.000168 -198.214310
v 4.604935 -20.000168 -192.054047
v 6.770004 -20.000168 -193.304047
v 9.270004 -20.000168 -193.304047
v 11.435074 -20.000168 -192.054047
v 22.104935 -20.000168 -198.214310
v 22.104935 -20.000168 -200.714310
v 11.435074 -20.000168 -206.874573
v 9.270004 -20.000168 -205.624573
v 63.020004 -20.000168 -194.799255
v 60.854935 -20.000168 -196.049255
v 50.185074 -20.000168 -189.888992
v 50.185074 -20.000166 -187.388992
v 60.854935 -20.000166 -181.228729
v 63.020004 -20.000166 -182.478729
v 46.770008 -20.000166 -171.653412
v 48.935078 -20.000166 -170.403412
v 59.604935 -20.000166 -176.563675
v 59.604935 -20.000166 -179.063675
v 48.935074 -20.000166 -185.223938
v 46.770004 -20.000166 -183.973923
v 44.270004 -20.000166 -183.973938
v 42.104935 -20.000166 -185.223938
v 31.435074 -20.000166 -179.063675
v 31.435078 -20.000166 -176.563675
v 42.104939 -20.000166 -170.403412
v 44.270008 -20.000166 -171.653412
v 28.020004 -20.000166 -182.478729
v 30.185074 -20.000166 -181.228729
v 40.854935 -20.000166 -187.388992
v 40.854935 -20.000168 -189.888992
v 30.185074 -20.000168 -196.049255
v 28.020004 -20.000168 -194.799255
v 44.270004 -20.000168 -205.624573
v 42.104935 -20.000168 -206.874573
v 31.435074 -20.000168 -200.714310
v 31.435074 -20.000168 -198.214310
v 42.104935 -20.000168 -192.054047
v 44.270004 -20.000168 -193.304047
v 46.770004 -20.000168 -193.304047
v 48.935074 -20.000168 -192.054047
v 59.604935 -20.000168 -198.214310
v 59.604935 -20.000168 -200.714310
v 48.935074 -20.000168 -206.874573
v 46.770004 -20.000168 -205.624573
v 44.270008 -20.000164 -162.323303
v 42.104939 -20.000164 -163.573303
v 31.435078 -20.000164 -157.413040
v 31.435078 -20.000164 -154.913040
v 42.104939 -20.000164 -148.752777
v 44.270008 -20.000164 -150.002777
v 28.020008 -20.000164 -139.177460
v 30.185078 -20.000162 -137.927460
v 40.854939 -20.000164 -144.087723
v 40.854939 -20.000164 -146.587723
v 30.185078 -20.000164 -152.747986
v 28.020008 -20.000164 -151.497971
v 25.520008 -20.000164 -151.497986
v 23.354939 -20.000164 -152.747986
v 12.685074 -20.000164 -146.587723
v 12.685074 -20.000164 -144.087723
v 23.354939 -20.000162 -137.927460
v 25.520008 -20.000164 -139.177460
v 9.270004 -20.000164 -150.002777
v 11.435074 -20.000164 -148.752777
v 22.104939 -20.000164 -154.913040
v 22.104939 -20.000164 -157.413040
v 11.435074 -20.000164 -163.573288
v 9.270004 -20.000164 -162.323288
v 25.520008 -20.000166 -173.148621
v 23.354939 -20.000166 -174.398621
v 12.685074 -20.000166 -168.238358
v 12.685074 -20.000166 -165.738358
v 23.354939 -20.000164 -159.578094
v 25.520008 -20.000164 -160.828094
v 28.020008 -20.000164 -160.828094
v 30.185078 -20.000164 -159.578094
v 40.854939 -20.000166 -165.738358
v 40.854939 -20.000166 -168.238358
v 30.185078 -20.000166 -174.398621
v 28.020008 -20.000166 -173.148621
v 6.770004 -20.000164 -162.323288
v 4.604935 -20.000164 -163.573288
v -6.064926 -20.000164 -157.413040
v -6.064926 -20.000164 -154.913025
v 4.604935 -20.000164 -148.752777
v 6.770004 -20.000164 -150.002777
v -9.479996 -20.000164 -139.177460
v -7.314926 -20.000162 -137.927460
v 3.354935 -20.000164 -144.087723
v 3.354935 -20.000164 -146.587723
v -7.314926 -20.000164 -152.747971
v -9.479996 -20.000164 -151.497955
v -11.979996 -20.000164 -151.497971
v -14.145065 -20.000164 -152.747971
v -24.814926 -20.000164 -146.587708
v -24.814926 -20.000164 -144.087708
v -14.145065 -20.000162 -137.927460
v -11.979996 -20.000164 -139.177460
v -28.229996 -20.000164 -150.002777
v -26.064926 -20.000164 -148.752777
v -15.395065 -20.000164 -154.913025
v -15.395065 -20.000164 -157.413040
v -26.064926 -20.000164 -163.573288
v -28.229996 -20.000164 -162.323288
v -11.979996 -20.000166 -173.148621
v -14.145065 -20.000166 -174.398621
v -24.814926 -20.000166 -168.238358
v -24.814926 -20.000166 -165.738358
v -14.145065 -20.000164 -159.578094
v -11.979996 -20.000164 -160.828094
v -9.479996 -20.000164 -160.828094
v -7.314926 -20.000164 -159.578094
v 3.354935 -20.000166 -165.738358
v 3.354935 -20.000166 -168.238358
v -7.314926 -20.000166 -174.398621
v -9.479996 -20.000166 -173.148621
v 81.770004 -20.000166 -183.973938
v 79.604935 -20.000166 -185.223938
v 68.935074 -20.000166 -179.063675
v 68.935074 -20.000166 -176.563675
v 79.604935 -20.000166 -170.403412
v 81.770004 -20.000166 -171.653412
v 65.520004 -20.000166 -182.478729
v 67.685074 -20.000166 -181.228729
v 78.354935 -20.000166 -187.388992
v 78.354935 -20.000168 -189.888992
v 67.685074 -20.000168 -196.049255
v 65.520004 -20.000168 -194.799255
v 81.770004 -20.000168 -205.624573
v 79.604935 -20.000168 -206.874573
v 68.935074 -20.000168 -200.714310
v 68.935074 -20.000168 -198.214310
v 79.604935 -20.000168 -192.054047
v 81.770004 -20.000168 -193.304047
v 83.020004 -20.000166 -171.653412
v 83.020004 -20.000166 -183.973938
v 83.020004 -20.000168 -193.304047
v 81.770004 -20.000164 -162.323303
v 79.604935 -20.000164 -163.573303
v 68.935074 -20.000164 -157.413040
v 68.935074 -20.000164 -154.913040
v 79.604935 -20.000164 -148.752777
v 81.770004 -20.000164 -150.002777
v 65.520004 -20.000164 -139.177460
v 67.685074 -20.000162 -137.927460
v 78.354935 -20.000164 -144.087723
v 78.354935 -20.000164 -146.587723
v 67.685074 -20.000164 -152.747986
v 65.520004 -20.000164 -151.497971
v 63.020008 -20.000164 -151.497986
v 60.854939 -20.000164 -152.747986
v 50.185078 -20.000164 -146.587723
v 50.185078 -20.000164 -144.087723
v 60.854939 -20.000162 -137.927460
v 63.020008 -20.000164 -139.177460
v 46.770008 -20.000164 -150.002777
v 48.935078 -20.000164 -148.752777
v 59.604939 -20.000164 -154.913040
v 59.604935 -20.000164 -157.413040
v 48.935078 -20.000164 -163.573303
v 46.770008 -20.000164 -162.323303
v 63.020004 -20.000166 -173.148621
v 60.854935 -20.000166 -174.398621
v 50.185074 -20.000166 -168.238358
v 50.185074 -20.000166 -165.738358
v 60.854935 -20.000164 -159.578094
v 63.020004 -20.000164 -160.828094
v 65.520004 -20.000164 -160.828094
v 67.685074 -20.000164 -159.578094
v 78.354935 -20.000166 -165.738358
v 78.354935 -20.000166 -168.238358
v 67.685074 -20.000166 -174.398621
v 65.520004 -20.000166 -173.148621
v -49.479996 -20.000168 -194.799255
v -51.645065 -20.000168 -196.049255
v -62.314926 -20.000168 -189.888992
v -62.314926 -20.000166 -187.388977
v -51.645065 -20.000166 -181.228729
v -49.479996 -20.000166 -182.478729
v -63.564926 -20.000166 -170.403412
v -52.895065 -20.000166 -176.563660
v -52.895065 -20.000166 -179.063660
v -63.564926 -20.000166 -185.223938
v -65.729996 -20.000168 -193.304047
v -63.564926 -20.000168 -192.054047
v -52.895065 -20.000168 -198.214310
v -52.895065 -20.000168 -200.714310
v -63.564926 -20.000168 -206.874573
v -65.729996 -20.000168 -205.624573
v -66.979996 -20.000168 -193.304047
v -66.979996 -20.000168 -205.624573
v -11.979996 -20.000168 -194.799255
v -14.145065 -20.000168 -196.049255
v -24.814926 -20.000168 -189.888992
v -24.814926 -20.000166 -187.388992
v -14.145065 -20.000166 -181.228729
v -11.979996 -20.000166 -182.478729
v -28.229996 -20.000166 -171.653412
v -26.064926 -20.000166 -170.403412
v -15.395065 -20.000166 -176.563675
v -15.395065 -20.000166 -179.063675
v -26.064926 -20.000166 -185.223938
v -28.229996 -20.000166 -183.973923
v -30.729996 -20.000166 -183.973938
v -32.895065 -20.000166 -185.223938
v -43.564926 -20.000166 -179.063675
v -43.564926 -20.000166 -176.563675
v -32.895065 -20.000166 -170.403412
v -30.729996 -20.000166 -171.653412
v -46.979996 -20.000166 -182.478729
v -44.814926 -20.000166 -181.228729
v -34.145065 -20.000166 -187.388992
v -34.145065 -20.000168 -189.888992
v -44.814926 -20.000168 -196.049255
v -46.979996 -20.000168 -194.799255
v -30.729996 -20.000168 -205.624573
v -32.895065 -20.000168 -206.874573
v -43.564926 -20.000168 -200.714310
v -43.564926 -20.000168 -198.214310
v -32.895065 -20.000168 -192.054047
v -30.729996 -20.000168 -193.304047
v -28.229996 -20.000168 -193.304047
v -26.064926 -20.000168 -192.054047
v -15.395065 -20.000168 -198.214310
v -15.395065 -20.000168 -200.714310
v -26.064926 -20.000168 -206.874573
v -28.229996 -20.000168 -205.624573
v -30.729996 -20.000164 -162.323288
v -32.895065 -20.000164 -163.573288
v -43.564926 -20.000164 -157.413040
v -43.564926 -20.000164 -154.913025
v -32.895065 -20.000164 -148.752777
v -30.729996 -20.000164 -150.002777
v -46.979996 -20.000164 -139.177460
v -44.814926 -20.000162 -137.927460
v -34.145065 -20.000164 -144.087708
v -34.145065 -20.000164 -146.587708
v -44.814926 -20.000164 -152.747971
v -46.979996 -20.000164 -151.497955
v -49.479996 -20.000164 -151.497971
v -51.645065 -20.000164 -152.747971
v -62.314926 -20.000164 -146.587708
v -62.314926 -20.000164 -144.087708
v -51.645065 -20.000162 -137.927460
v -49.479996 -20.000164 -139.177460
v -65.729996 -20.000164 -150.002777
v -63.564926 -20.000164 -148.752777
v -52.895065 -20.000164 -154.913025
v -52.895065 -20.000164 -157.413025
v -63.564926 -20.000164 -163.573288
v -65.729996 -20.000164 -162.323288
v -49.479996 -20.000166 -173.148621
v -51.645065 -20.000166 -174.398621
v -62.314926 -20.000166 -168.238342
v -62.314926 -20.000166 -165.738342
v -51.645065 -20.000164 -159.578094
v -49.479996 -20.000164 -160.828094
v -46.979996 -20.000164 -160.828094
v -44.814926 -20.000164 -159.578094
v -34.145065 -20.000166 -165.738358
v -34.145065 -20.000166 -168.238358
v -44.814926 -20.000166 -174.398621
v -46.979996 -20.000166 -173.148621
v 25.520008 -20.000162 -129.847321
v 23.354939 -20.000162 -131.097321
v 12.685081 -20.000162 -124.937057
v 12.685081 -20.000162 -122.437057
v 23.354939 -20.000162 -116.276794
v 25.520008 -20.000162 -117.526794
v 9.270012 -20.000160 -106.701477
v 11.435081 -20.000160 -105.451477
v 22.104939 -20.000160 -111.611740
v 22.104939 -20.000162 -114.111740
v 11.435081 -20.000162 -120.272003
v 9.270012 -20.000162 -119.021988
v 6.770012 -20.000162 -119.022003
v 4.604942 -20.000162 -120.272003
v -6.064919 -20.000162 -114.111732
v -6.064919 -20.000160 -111.611732
v 4.604942 -20.000160 -105.451477
v 6.770012 -20.000160 -106.701477
v -9.479988 -20.000162 -117.526787
v -7.314919 -20.000162 -116.276787
v 3.354942 -20.000162 -122.437057
v 3.354942 -20.000162 -124.937057
v -7.314919 -20.000162 -131.097321
v -9.479988 -20.000162 -129.847321
v 6.770004 -20.000164 -140.672638
v 4.604935 -20.000164 -141.922638
v -6.064926 -20.000162 -135.762360
v -6.064919 -20.000162 -133.262360
v 4.604942 -20.000162 -127.102112
v 6.770012 -20.000162 -128.352112
v 9.270012 -20.000162 -128.352112
v 11.435081 -20.000162 -127.102112
v 22.104939 -20.000162 -133.262375
v 22.104939 -20.000162 -135.762375
v 11.435074 -20.000164 -141.922638
v 9.270004 -20.000164 -140.672638
v 63.020008 -20.000162 -129.847321
v 60.854939 -20.000162 -131.097321
v 50.185078 -20.000162 -124.937057
v 50.185078 -20.000162 -122.437057
v 60.854939 -20.000162 -116.276794
v 63.020008 -20.000162 -117.526794
v 46.770008 -20.000160 -106.701477
v 48.935078 -20.000160 -105.451477
v 59.604942 -20.000160 -111.611740
v 59.604939 -20.000162 -114.111740
v 48.935078 -20.000162 -120.272003
v 46.770008 -20.000162 -119.021988
v 44.270008 -20.000162 -119.022003
v 42.104939 -20.000162 -120.272003
v 31.435078 -20.000162 -114.111740
v 31.435078 -20.000160 -111.611740
v 42.104939 -20.000160 -105.451477
v 44.270008 -20.000160 -106.701477
v 28.020008 -20.000162 -117.526794
v 30.185078 -20.000162 -116.276794
v 40.854939 -20.000162 -122.437057
v 40.854939 -20.000162 -124.937057
v 30.185078 -20.000162 -131.097321
v 28.020008 -20.000162 -129.847321
v 44.270008 -20.000164 -140.672638
v 42.104939 -20.000164 -141.922638
v 31.435078 -20.000162 -135.762375
v 31.435078 -20.000162 -133.262375
v 42.104939 -20.000162 -127.102112
v 44.270008 -20.000162 -128.352112
v 46.770008 -20.000162 -128.352112
v 48.935078 -20.000162 -127.102112
v 59.604939 -20.000162 -133.262375
v 59.604939 -20.000162 -135.762375
v 48.935078 -20.000164 -141.922638
v 46.770008 -20.000164 -140.672638
v 44.270008 -20.000160 -97.371353
v 42.104939 -20.000160 -98.621353
v 31.435078 -20.000160 -92.461105
v 31.435081 -20.000160 -89.961105
v 42.104942 -20.000158 -83.800842
v 44.270012 -20.000158 -85.050842
v 28.020012 -20.000158 -79.135788
v 40.854942 -20.000158 -79.135788
v 40.854942 -20.000158 -81.635788
v 30.185081 -20.000158 -87.796036
v 28.020012 -20.000158 -86.546036
v 9.270012 -20.000158 -85.050842
v 11.435081 -20.000158 -83.800842
v 22.104942 -20.000160 -89.961105
v 22.104939 -20.000160 -92.461105
v 11.435081 -20.000160 -98.621353
v 9.270012 -20.000160 -97.371353
v 25.520008 -20.000160 -108.196686
v 23.354939 -20.000160 -109.446686
v 12.685081 -20.000160 -103.286423
v 12.685081 -20.000160 -100.786423
v 23.354939 -20.000160 -94.626175
v 25.520008 -20.000160 -95.876175
v 28.020008 -20.000160 -95.876160
v 30.185078 -20.000160 -94.626175
v 40.854939 -20.000160 -100.786423
v 40.854939 -20.000160 -103.286423
v 30.185078 -20.000160 -109.446686
v 28.020008 -20.000160 -108.196686
v 12.685081 -20.000158 -81.635788
v 23.354942 -20.000158 -87.796036
v 25.520012 -20.000158 -86.546051
v 25.520012 -20.000158 -79.135788
v 6.770012 -20.000160 -97.371353
v 4.604942 -20.000160 -98.621353
v -6.064919 -20.000160 -92.461105
v -6.064919 -20.000160 -89.961105
v 4.604942 -20.000158 -83.800842
v 6.770012 -20.000158 -85.050842
v -9.479988 -20.000158 -79.135788
v 3.354942 -20.000158 -79.135788
v 3.354942 -20.000158 -81.635788
v -7.314919 -20.000158 -87.796036
v -9.479988 -20.000158 -86.546036
v -28.229988 -20.000158 -85.050842
v -26.064919 -20.000158 -83.800842
v -15.395058 -20.000160 -89.961105
v -15.395058 -20.000160 -92.461105
v -26.064919 -20.000160 -98.621346
v -28.229988 -20.000160 -97.371346
v -11.979988 -20.000160 -108.196678
v -14.145058 -20.000160 -109.446678
v -24.814919 -20.000160 -103.286415
v -24.814919 -20.000160 -100.786415
v -14.145058 -20.000160 -94.626167
v -11.979988 -20.000160 -95.876167
v -9.479988 -20.000160 -95.876152
v -7.314919 -20.000160 -94.626167
v 3.354942 -20.000160 -100.786423
v 3.354942 -20.000160 -103.286423
v -7.314919 -20.000160 -109.446678
v -9.479988 -20.000160 -108.196678
v -24.814919 -20.000158 -81.635788
v -14.145058 -20.000158 -87.796036
v -11.979988 -20.000158 -86.546051
v -11.979988 -20.000158 -79.135788
v -49.479996 -20.000162 -129.847321
v -51.645065 -20.000162 -131.097321
v -62.314926 -20.000162 -124.937050
v -62.314926 -20.000162 -122.437050
v -51.645065 -20.000162 -116.276787
v -49.479996 -20.000162 -117.526787
v -65.729996 -20.000160 -106.701469
v -63.564926 -20.000160 -105.451469
v -52.895065 -20.000160 -111.611732
v -52.895065 -20.000162 -114.111732
v -63.564926 -20.000162 -120.271996
v -65.729996 -20.000162 -119.021980
v -65.729996 -20.000162 -128.352112
v -63.564926 -20.000162 -127.102104
v -52.895065 -20.000162 -133.262360
v -52.895065 -20.000162 -135.762360
v -63.564926 -20.000164 -141.922638
v -65.729996 -20.000164 -140.672638
v -66.979996 -20.000162 -128.352112
v -66.979996 -20.000164 -140.672638
v -11.979988 -20.000162 -129.847321
v -14.145058 -20.000162 -131.097321
v -24.814919 -20.000162 -124.937050
v -24.814919 -20.000162 -122.437050
v -14.145058 -20.000162 -116.276787
v -11.979988 -20.000162 -117.526787
v -28.229988 -20.000160 -106.701469
v -26.064919 -20.000160 -105.451469
v -15.395058 -20.000160 -111.611732
v -15.395058 -20.000162 -114.111732
v -26.064919 -20.000162 -120.271996
v -28.229988 -20.000162 -119.021980
v -30.729988 -20.000162 -119.021996
v -32.895058 -20.000162 -120.271996
v -43.564919 -20.000162 -114.111732
v -43.564919 -20.000160 -111.611732
v -32.895058 -20.000160 -105.451469
v -30.729988 -20.000160 -106.701469
v -46.979996 -20.000162 -117.526787
v -44.814919 -20.000162 -116.276787
v -34.145058 -20.000162 -122.437050
v -34.145058 -20.000162 -124.937050
v -44.814919 -20.000162 -131.097321
v -46.979996 -20.000162 -129.847321
v -30.729996 -20.000164 -140.672638
v -32.895065 -20.000164 -141.922638
v -43.564926 -20.000162 -135.762360
v -43.564919 -20.000162 -133.262360
v -32.895058 -20.000162 -127.102104
v -30.729988 -20.000162 -128.352112
v -28.229988 -20.000162 -128.352112
v -26.064919 -20.000162 -127.102104
v -15.395058 -20.000162 -133.262360
v -15.395065 -20.000162 -135.762360
v -26.064926 -20.000164 -141.922638
v -28.229996 -20.000164 -140.672638
v -30.729988 -20.000160 -97.371346
v -32.895058 -20.000160 -98.621346
v -43.564919 -20.000160 -92.461105
v -43.564919 -20.000160 -89.961105
v -32.895058 -20.000158 -83.800842
v -30.729988 -20.000158 -85.050842
v -46.979996 -20.000158 -79.135788
v -34.145058 -20.000158 -79.135788
v -34.145058 -20.000158 -81.635788
v -44.814919 -20.000158 -87.796036
v -46.979996 -20.000158 -86.546036
v -65.729996 -20.000158 -85.050842
v -63.564926 -20.000158 -83.800842
v -52.895065 -20.000160 -89.961105
v -52.895065 -20.000160 -92.461105
v -63.564926 -20.000160 -98.621346
v -65.729996 -20.000160 -97.371346
v -49.479996 -20.000160 -108.196678
v -51.645065 -20.000160 -109.446678
v -62.314926 -20.000160 -103.286415
v -62.314926 -20.000160 -100.786415
v -51.645065 -20.000160 -94.626167
v -49.479996 -20.000160 -95.876167
v -46.979996 -20.000160 -95.876152
v -44.814919 -20.000160 -94.626167
v -34.145058 -20.000160 -100.786415
v -34.145058 -20.000160 -103.286415
v -44.814919 -20.000160 -109.446678
v -46.979996 -20.000160 -108.196678
v -62.314926 -20.000158 -81.635788
v -51.645065 -20.000158 -87.796036
v -49.479996 -20.000158 -86.546051
v -49.479996 -20.000158 -79.135788
v 81.770012 -20.000162 -119.022003
v 79.604942 -20.000162 -120.272003
v 68.935081 -20.000162 -114.111740
v 68.935081 -20.000160 -111.611740
v 79.604942 -20.000160 -105.451477
v 81.770012 -20.000160 -106.701477
v 65.520004 -20.000162 -117.526794
v 67.685081 -20.000162 -116.276794
v 78.354942 -20.000162 -122.437057
v 78.354942 -20.000162 -124.937057
v 67.685074 -20.000162 -131.097321
v 65.520004 -20.000162 -129.847321
v 81.770004 -20.000164 -140.672638
v 79.604935 -20.000164 -141.922638
v 68.935074 -20.000162 -135.762375
v 68.935074 -20.000162 -133.262375
v 79.604942 -20.000162 -127.102112
v 81.770012 -20.000162 -128.352112
v 83.020012 -20.000160 -106.701477
v 83.020012 -20.000162 -119.021996
v 83.020012 -20.000162 -128.352112
v 81.770012 -20.000160 -97.371353
v 79.604942 -20.000160 -98.621353
v 68.935081 -20.000160 -92.461105
v 68.935081 -20.000160 -89.961105
v 79.604942 -20.000158 -83.800842
v 81.770012 -20.000158 -85.050842
v 65.520012 -20.000158 -79.135788
v 78.354942 -20.000158 -79.135788
v 78.354942 -20.000158 -81.635788
v 67.685081 -20.000158 -87.796036
v 65.520012 -20.000158 -86.546036
v 46.770012 -20.000158 -85.050842
v 48.935081 -20.000158 -83.800842
v 59.604942 -20.000160 -89.961105
v 59.604942 -20.000160 -92.461105
v 48.935078 -20.000160 -98.621353
v 46.770008 -20.000160 -97.371353
v 63.020012 -20.000160 -108.196686
v 60.854942 -20.000160 -109.446686
v 50.185081 -20.000160 -103.286423
v 50.185081 -20.000160 -100.786423
v 60.854942 -20.000160 -94.626175
v 63.020012 -20.000160 -95.876175
v 65.520012 -20.000160 -95.876160
v 67.685081 -20.000160 -94.626175
v 78.354942 -20.000160 -100.786423
v 78.354942 -20.000160 -103.286423
v 67.685081 -20.000160 -109.446686
v 65.520012 -20.000160 -108.196686
v 50.185081 -20.000158 -81.635788
v 60.854942 -20.000158 -87.796036
v 63.020012 -20.000158 -86.546051
v 63.020012 -20.000158 -79.135788
v 83.020004 -20.000168 -205.624573
v 83.020004 -20.000164 -140.672638
v -52.895065 -20.000170 -221.114944
v -65.729996 -20.000170 -214.954681
v -65.729996 -20.000170 -221.114944
v 59.604935 -20.000170 -221.114944
v 46.770004 -20.000170 -214.954681
v 46.770004 -20.000170 -221.114944
v -15.395065 -20.000170 -221.114944
v -28.229996 -20.000170 -214.954681
v -28.229996 -20.000170 -221.114944
v -66.979996 -20.000162 -119.021988
v -66.979996 -20.000160 -106.701469
v 22.104935 -20.000170 -221.114944
v 9.270004 -20.000170 -214.954681
v 9.270004 -20.000170 -221.114944
v -62.314926 -20.000158 -79.135788
v -24.814919 -20.000158 -79.135788
v 12.685081 -20.000158 -79.135788
v 50.185081 -20.000158 -79.135788
vt 0.000000 0.000000
vt 0.000000 0.000000
vt 0.000000 0.000000
vt 0.000000 0.000000
vt 0.000000 0.000000
vt 0.000000 0.000000
vt 0.000000 0.000000
vt 0.000000 0.000000
vt 0.000000 0.000000
vt 0.000000 0.000000
vt 0.000000 0.000000
vt 0.000000 0.000000
vt 0.000000 0.000000
vt 0.000000 0.000000
vt 0.000000 0.000000
vt 0.000000 0.000000
vt 0.000000 0.000000
vt 0.000000 0.000000
vt 0.000000 0.000000
vt 0.000000 0.000000
vt 0.000000 0.000000
vt 0.000000 0.000000
vt 0.000000 0.000000
vt 0.000000 0.000000
vt 0.000000 0.000000
vt 0.000000 0.000000
vt 0.000000 0.000000
vt 0.000000 0.000000
vt 0.000000 0.000000
vt 0.000000 0.000000
vt 0.000000 0.000000
vt 0.000000 0.000000
vt 0.000000 0.000000
vt 0.000000 0.000000
vt 0.000000 0.000000
vt 0.000000 0.000000
vt 0.000000 0.000000
vt 0.000000 0.000000
vt 0.000000 0.000000
vt 0.000000 0.000000
vt 0.000000 0.000000
vt 0.000000 0.000000
vt 0.000000 0.000000
vt 0.000000 0.000000
vt 0.000000 0.000000
vt 0.000000 0.000000
vt 0.000000 0.000000
vt 0.000000 0.000000
vt 0.000000 0.000000
vt 0.000000 0.000000
vt 0.000000 0.000000
vt 0.000000 0.000000
vt 0.000000 0.000000
vt 0.000000 0.000000
vt 0.000000 0.000000
vt 0.000000 0.000000
vt 0.000000 0.000000
vt 0.000000 0.000000
vt 0.000000 0.000000
vt 0.000000 0.000000
vt 0.000000 0.000000
vt 0.000000 0.000000
vt 0.000000 0.000000
vt 0.000000 0.000000
vt 0.000000 0.000000
vt 0.000000 0.000000
vt 0.000000 0.000000
vt 0.000000 0.000000
vt 0.000000 0.000000
vt 0.000000 0.000000
vt 0.000000 0.000000
vt 0.000000 0.000000
vt 0.000000 0.000000
vt 0.000000 0.000000
vt 0.000000 0.000000
vt 0.000000 0.000000
vt 0.000000 0.000000
vt 0.000000 0.000000
vt 0.000000 0.000000
vt 0.000000 0.000000
vt 0.000000 0.000000
vt 0.000000 0.000000
vt 0.000000 0.000000
vt 0.000000 0.000000
vt 0.000000 0.000000
vt 0.000000 0.000000
vt 0.000000 0.000000
vt 0.000000 0.000000
vt 0.000000 0.000000
vt 0.000000 0.000000
vt 0.000000 0.000000
vt 0.000000 0.000000
vt 0.000000 0.000000
vt 0.000000 0.000000
vt 0.000000 0.000000
vt 0.000000 0.000000
vt 0.000000 0.000000
vt 0.000000 0.000000
vt 0.000000 0.000000
vt 0.000000 0.000000
vt 0.000000 0.000000
vt 0.000000 0.000000
vt 0.000000 0.000000
vt 0.000000 0.000000
vt 0.000000 0.000000
vt 0.000000 0.000000
vt 0.000000 0.000000
vt 0.000000 0.000000
vt 0.000000 0.000000
vt 0.000000 0.000000
vt 0.000000 0.000000
vt 0.000000 0.000000
vt 0.000000 0.000000
vt 0.000000 0.000000
vt 0.000000 0.000000
vt 0.000000 0.000000
vt 0.000000 0.000000
vt 0.000000 0.000000
vt 0.000000 0.000000
vt 0.000000 0.000000
vt 0.000000 0.000000
vt 0.000000 0.000000
vt 0.000000 0.000000
vt 0.000000 0.000000
vt 0.000000 0.000000
vt 0.000000 0.000000
vt 0.000000 0.000000
vt 0.000000 0.000000
vt 0.000000 0.000000
vt 0.000000 0.000000
vt 0.000000 0.000000
vt 0.000000 0.000000
vt 0.000000 0.000000
vt 0.000000 0.000000
vt 0.000000 0.000000
vt 0.000000 0.000000
vt 0.000000 0.000000
vt 0.000000 0.000000
vt 0.000000 0.000000
vt 0.000000 0.000000
vt 0.000000 0.000000
vt 0.000000 0.000000
vt 0.000000 0.000000
vt 0.000000 0.000000
vt 0.000000 0.000000
vt 0.000000 0.000000
vt 0.000000 0.000000
vt 0.000000 0.000000
vt 0.000000 0.000000
vt 0.000000 0.000000
vt 0.000000 0.000000
vt 0.000000 0.000000
vt 0.000000 0.000000
vt 0.000000 0.000000
vt 0.000000 0.000000
vt 0.000000 0.000000
vt 0.000000 0.000000
vt 0.000000 0.000000
vt 0.000000 0.000000
vt 0.000000 0.000000
vt 0.000000 0.000000
vt 0.000000 0.000000
vt 0.000000 0.000000
vt 0.000000 0.000000
vt 0.000000 0.000000
vt 0.000000 0.000000
vt 0.000000 0.000000
vt 0.000000 0.000000
vt 0.000000 0.000000
vt 0.000000 0.000000
vt 0.000000 0.000000
vt 0.000000 0.000000
vt 0.000000 0.000000
vt 0.000000 0.000000
vt 0.000000 0.000000
vt 0.000000 0.000000
vt 0.000000 0.000000
vt 0.000000 0.000000
vt 0.000000 0.000000
vt 0.000000 0.000000
vt 0.000000 0.000000
vt 0.000000 0.000000
vt 0.000000 0.000000
vt 0.000000 0.000000
vt 0.000000 0.000000
vt 0.000000 0.000000
vt 0.000000 0.000000
vt 0.000000 0.000000
vt 0.000000 0.000000
vt 0.000000 0.000000
vt 0.000000 0.000000
vt 0.000000 0.000000
vt 0.000000 0.000000
vt 0.000000 0.000000
vt 0.000000 0.000000
vt 0.000000 0.000000
vt 0.000000 0.000000
vt 0.000000 0.000000
vt 0.000000 0.000000
vt 0.000000 0.000000
vt 0.000000 0.000000
vt 0.000000 0.000000
vt 0.000000 0.000000
vt 0.000000 0.000000
vt 0.000000 0.000000
vt 0.000000 0.000000
vt 0.000000 0.000000
vt 0.000000 0.000000
vt 0.000000 0.000000
vt 0.000000 0.000000
vt 0.000000 0.000000
vt 0.000000 0.000000
vt 0.000000 0.000000
vt 0.000000 0.000000
vt 0.000000 0.000000
vt 0.000000 0.000000
vt 0.000000 0.000000
vt 0.000000 0.000000
vt 0.000000 0.000000
vt 0.000000 0.000000
vt 0.000000 0.000000
vt 0.000000 0.000000
vt 0.000000 0.000000
vt 0.000000 0.000000
vt 0.000000 0.000000
vt 0.000000 0.000000
vt 0.000000 0.000000
vt 0.000000 0.000000
vt 0.000000 0.000000
vt 0.000000 0.000000
vt 0.000000 0.000000
vt 0.000000 0.000000
vt 0.000000 0.000000
vt 0.000000 0.000000
vt 0.000000 0.000000
vt 0.000000 0.000000
vt 0.000000 0.000000
vt 0.000000 0.000000
vt 0.000000 0.000000
vt 0.000000 0.000000
vt 0.000000 0.000000
vt 0.000000 0.000000
vt 0.000000 0.000000
vt 0.000000 0.000000
vt 0.000000 0.000000
vt 0.000000 0.000000
vt 0.000000 0.000000
vt 0.000000 0.000000
vt 0.000000 0.000000
vt 0.000000 0.000000
vt 0.000000 0.000000
vt 0.000000 0.000000
vt 0.000000 0.000000
vt 0.000000 0.000000
vt 0.000000 0.000000
vt 0.000000 0.000000
vt 0.000000 0.000000
vt 0.000000 0.000000
vt 0.000000 0.000000
vt 0.000000 0.000000
vt 0.000000 0.000000
vt 0.000000 0.000000
vt 0.000000 0.000000
vt 0.000000 0.000000
vt 0.000000 0.000000
vt 0.000000 0.000000
vt 0.000000 0.000000
vt 0.000000 0.000000
vt 0.000000 0.000000
vt 0.000000 0.000000
vt 0.000000 0.000000
vt 0.000000 0.000000
vt 0.000000 0.000000
vt 0.000000 0.000000
vt 0.000000 0.000000
vt 0.000000 0.000000
vt 0.000000 0.000000
vt 0.000000 0.000000
vt 0.000000 0.000000
vt 0.000000 0.000000
vt 0.000000 0.000000
vt 0.000000 0.000000
vt 0.000000 0.000000
vt 0.000000 0.000000
vt 0.000000 0.000000
vt 0.000000 0.000000
vt 0.000000 0.000000
vt 0.000000 0.000000
vt 0.000000 0.000000
vt 0.000000 0.000000
vt 0.000000 0.000000
vt 0.000000 0.000000
vt 0.000000 0.000000
vt 0.000000 0.000000
vt 0.000000 0.000000
vt 0.000000 0.000000
vt 0.000000 0.000000
vt 0.000000 0.000000
vt 0.000000 0.000000
vt 0.000000 0.000000
vt 0.000000 0.000000
vt 0.000000 0.000000
vt 0.000000 0.000000
vt 0.000000 0.000000
vt 0.000000 0.000000
vt 0.000000 0.000000
vt 0.000000 0.000000
vt 0.000000 0.000000
vt 0.000000 0.000000
vt 0.000000 0.000000
vt 0.000000 0.000000
vt 0.000000 0.000000
vt 0.000000 0.000000
vt 0.000000 0.000000
vt 0.000000 0.000000
vt 0.000000 0.000000
vt 0.000000 0.000000
vt 0.000000 0.000000
vt 0.000000 0.000000
vt 0.000000 0.000000
vt 0.000000 0.000000
vt 0.000000 0.000000
vt 0.000000 0.000000
vt 0.000000 0.000000
vt 0.000000 0.000000
vt 0.000000 0.000000
vt 0.000000 0.000000
vt 0.000000 0.000000
vt 0.000000 0.000000
vt 0.000000 0.000000
vt 0.000000 0.000000
vt 0.000000 0.000000
vt 0.000000 0.000000
vt 0.000000 0.000000
vt 0.000000 0.000000
vt 0.000000 0.000000
vt 0.000000 0.000000
vt 0.000000 0.000000
vt 0.000000 0.000000
vt 0.000000 0.000000
vt 0.000000 0.000000
vt 0.000000 0.000000
vt 0.000000 0.000000
vt 0.000000 0.000000
vt 0.000000 0.000000
vt 0.000000 0.000000
vt 0.000000 0.000000
vt 0.000000 0.000000
vt 0.000000 0.000000
vt 0.000000 0.000000
vt 0.000000 0.000000
vt 0.000000 0.000000
vt 0.000000 0.000000
vt 0.000000 0.000000
vt 0.000000 0.000000
vt 0.000000 0.000000
vt 0.000000 0.000000
vt 0.000000 0.000000
vt 0.000000 0.000000
vt 0.000000 0.000000
vt 0.000000 0.000000
vt 0.000000 0.000000
vt 0.000000 0.000000
vt 0.000000 0.000000
vt 0.000000 0.000000
vt 0.000000 0.000000
vt 0.000000 0.000000
vt 0.000000 0.000000
vt 0.000000 0.000000
vt 0.000000 0.000000
vt 0.000000 0.000000
vt 0.000000 0.000000
vt 0.000000 0.000000
vt 0.000000 0.000000
vt 0.000000 0.000000
vt 0.000000 0.000000
vt 0.000000 0.000000
vt 0.000000 0.000000
vt 0.000000 0.000000
vt 0.000000 0.000000
vt 0.000000 0.000000
vt 0.000000 0.000000
vt 0.000000 0.000000
vt 0.000000 0.000000
vt 0.000000 0.000000
vt 0.000000 0.000000
vt 0.000000 0.000000
vt 0.000000 0.000000
vt 0.000000 0.000000
vt 0.000000 0.000000
vt 0.000000 0.000000
vt 0.000000 0.000000
vt 0.000000 0.000000
vt 0.000000 0.000000
vt 0.000000 0.000000
vt 0.000000 0.000000
vt 0.000000 0.000000
vt 0.000000 0.000000
vt 0.000000 0.000000
vt 0.000000 0.000000
vt 0.000000 0.000000
vt 0.000000 0.000000
vt 0.000000 0.000000
vt 0.000000 0.000000
vt 0.000000 0.000000
vt 0.000000 0.000000
vt 0.000000 0.000000
vt 0.000000 0.000000
vt 0.000000 0.000000
vt 0.000000 0.000000
vt 0.000000 0.000000
vt 0.000000 0.000000
vt 0.000000 0.000000
vt 0.000000 0.000000
vt 0.000000 0.000000
vt 0.000000 0.000000
vt 0.000000 0.000000
vt 0.000000 0.000000
vt 0.000000 0.000000
vt 0.000000 0.000000
vt 0.000000 0.000000
vt 0.000000 0.000000
vt 0.000000 0.000000
vt 0.000000 0.000000
vt 0.000000 0.000000
vt 0.000000 0.000000
vt 0.000000 0.000000
vt 0.000000 0.000000
vt 0.000000 0.000000
vt 0.000000 0.000000
vt 0.000000 0.000000
vt 0.000000 0.000000
vt 0.000000 0.000000
vt 0.000000 0.000000
vt 0.000000 0.000000
vt 0.000000 0.000000
vt 0.000000 0.000000
vt 0.000000 0.000000
vt 0.000000 0.000000
vt 0.000000 0.000000
vt 0.000000 0.000000
vt 0.000000 0.000000
vt 0.000000 0.000000
vt 0.000000 0.000000
vt 0.000000 0.000000
vt 0.000000 0.000000
vt 0.000000 0.000000
vt 0.000000 0.000000
vt 0.000000 0.000000
vt 0.000000 0.000000
vt 0.000000 0.000000
vt 0.000000 0.000000
vt 0.000000 0.000000
vt 0.000000 0.000000
vt 0.000000 0.000000
vt 0.000000 0.000000
vt 0.000000 0.000000
vt 0.000000 0.000000
vt 0.000000 0.000000
vt 0.000000 0.000000
vt 0.000000 0.000000
vt 0.000000 0.000000
vt 0.000000 0.000000
vt 0.000000 0.000000
vt 0.000000 0.000000
vt 0.000000 0.000000
vt 0.000000 0.000000
vt 0.000000 0.000000
vt 0.000000 0.000000
vt 0.000000 0.000000
vt 0.000000 0.000000
vt 0.000000 0.000000
vt 0.000000 0.000000
vt 0.000000 0.000000
vt 0.000000 0.000000
vt 0.000000 0.000000
vt 0.000000 0.000000
vt 0.000000 0.000000
vt 0.000000 0.000000
vt 0.000000 0.000000
vt 0.000000 0.000000
vt 0.000000 0.000000
vt 0.000000 0.000000
vt 0.000000 0.000000
vt 0.000000 0.000000
vt 0.000000 0.000000
vt 0.000000 0.000000
vt 0.000000 0.000000
vt 0.000000 0.000000
vt 0.000000 0.000000
vt 0.000000 0.000000
vt 0.000000 0.000000
vt 0.000000 0.000000
vt 0.000000 0.000000
vt 0.000000 0.000000
vt 0.000000 0.000000
vt 0.000000 0.000000
vt 0.000000 0.000000
vt 0.000000 0.000000
vt 0.000000 0.000000
vt 0.000000 0.000000
vt 0.000000 0.000000
vt 0.000000 0.000000
vt 0.000000 0.000000
vt 0.000000 0.000000
vt 0.000000 0.000000
vt 0.000000 0.000000
vt 0.000000 0.000000
vt 0.000000 0.000000
vt 0.000000 0.000000
vt 0.000000 0.000000
vt 0.000000 0.000000
vt 0.000000 0.000000
vt 0.000000 0.000000
vt 0.000000 0.000000
vt 0.000000 0.000000
vt 0.000000 0.000000
vt 0.000000 0.000000
vt 0.000000 0.000000
vt 0.000000 0.000000
vt 0.000000 0.000000
vt 0.000000 0.000000
vt 0.000000 0.000000
vt 0.000000 0.000000
vt 0.000000 0.000000
vt 0.000000 0.000000
vt 0.000000 0.000000
vt 0.000000 0.000000
vt 0.000000 0.000000
vt 0.000000 0.000000
vt 0.000000 0.000000
vt 0.000000 0.000000
vt 0.000000 0.000000
vt 0.000000 0.000000
vt 0.000000 0.000000
vt 0.000000 0.000000
vt 0.000000 0.000000
vt 0.000000 0.000000
vt 0.000000 0.000000
vt 0.000000 0.000000
vt 0.000000 0.000000
vt 0.000000 0.000000
vt 0.000000 0.000000
vt 0.000000 0.000000
vt 0.000000 0.000000
vt 0.000000 0.000000
vt 0.000000 0.000000
vt 0.000000 0.000000
vt 0.000000 0.000000
vt 0.000000 0.000000
vt 0.000000 0.000000
vt 0.000000 0.000000
vt 0.000000 0.000000
vt 0.000000 0.000000
vt 0.000000 0.000000
vt 0.000000 0.000000
vt 0.000000 0.000000
vt 0.000000 0.000000
vt 0.000000 0.000000
vt 0.000000 0.000000
vt 0.000000 0.000000
vt 0.000000 0.000000
vt 0.000000 0.000000
vt 0.000000 0.000000
vt 0.000000 0.000000
vt 0.000000 0.000000
vt 0.000000 0.000000
vt 0.000000 0.000000
vt 0.000000 0.000000
vt 0.000000 0.000000
vt 0.000000 0.000000
vt 0.000000 0.000000
vt 0.000000 0.000000
vt 0.000000 0.000000
vt 0.000000 0.000000
vt 0.000000 0.000000
vt 0.000000 0.000000
vt 0.000000 0.000000
vt 0.000000 0.000000
vt 0.000000 0.000000
vt 0.000000 0.000000
vt 0.000000 0.000000
vt 0.000000 0.000000
vt 0.000000 0.000000
vt 0.000000 0.000000
vt 0.000000 0.000000
vt 0.000000 0.000000
vt 0.000000 0.000000
vt 0.000000 0.000000
vt 0.000000 0.000000
vt 0.000000 0.000000
vt 0.000000 0.000000
vt 0.000000 0.000000
vt 0.000000 0.000000
vt 0.000000 0.000000
vt 0.000000 0.000000
vt 0.000000 0.000000
vt 0.000000 0.000000
vt 0.000000 0.000000
vt 0.000000 0.000000
vt 0.000000 0.000000
vt 0.000000 0.000000
vt 0.000000 0.000000
vt 0.000000 0.000000
vt 0.000000 0.000000
vt 0.000000 0.000000
vt 0.000000 0.000000
vt 0.000000 0.000000
vt 0.000000 0.000000
vt 0.000000 0.000000
vt 0.000000 0.000000
vt 0.000000 0.000000
vt 0.000000 0.000000
vt 0.000000 0.000000
vt 0.000000 0.000000
vt 0.000000 0.000000
vt 0.000000 0.000000
vt 0.000000 0.000000
vt 0.000000 0.000000
vt 0.000000 0.000000
vt 0.000000 0.000000
vt 0.000000 0.000000
vt 0.000000 0.000000
vt 0.000000 0.000000
vt 0.000000 0.000000
vt 0.000000 0.000000
vt 0.000000 0.000000
vt 0.000000 0.000000
vt 0.000000 0.000000
vt 0.000000 0.000000
vt 0.000000 0.000000
vt 0.000000 0.000000
vt 0.000000 0.000000
vt 0.000000 0.000000
vt 0.000000 0.000000
vt 0.000000 0.000000
vt 0.000000 0.000000
vt 0.000000 0.000000
vt 0.000000 0.000000
vt 0.000000 0.000000
vt 0.000000 0.000000
vt 0.000000 0.000000
vt 0.000000 0.000000
vt 0.000000 0.000000
vt 0.000000 0.000000
vt 0.000000 0.000000
vt 0.000000 0.000000
vt 0.000000 0.000000
vt 0.000000 0.000000
vt 0.000000 0.000000
vt 0.000000 0.000000
vt 0.000000 0.000000
vt 0.000000 0.000000
vt 0.000000 0.000000
vt 0.000000 0.000000
vt 0.000000 0.000000
vt 0.000000 0.000000
vt 0.000000 0.000000
vt 0.000000 0.000000
vt 0.000000 0.000000
vt 0.000000 0.000000
vt 0.000000 0.000000
vt 0.000000 0.000000
vt 0.000000 0.000000
vt 0.000000 0.000000
vt 0.000000 0.000000
vt 0.000000 0.000000
vt 0.000000 0.000000
vt 0.000000 0.000000
vt 0.000000 0.000000
vt 0.000000 0.000000
vt 0.000000 0.000000
vn 0.0000 1.0000 -0.0000
vn 0.0000 -1.0000 0.0000
usemtl Default_OBJ
s 1
f 2961/2955/66 2958/2956/66 2960/2957/66
f 2966/2958/66 2967/2959/66 2968/2960/66
f 2972/2961/66 2973/2962/66 2974/2963/66
f 2970/2964/66 2976/2965/66 2971/2966/66
f 2967/2959/67 2961/2955/67 2966/2958/67
f 2968/2960/66 2974/2963/66 2963/2967/66
f 2980/2968/66 2977/2969/66 2979/2970/66
f 2985/2971/66 2986/2972/66 2987/2973/66
f 2991/2974/66 2992/2975/66 2993/2976/66
f 2989/2977/66 2995/2978/66 2990/2979/66
f 2986/2972/67 2980/2968/67 2985/2971/67
f 2987/2973/66 2993/2976/66 2982/2980/66
f 2999/2981/66 2996/2982/66 2998/2983/66
f 3004/2984/66 3005/2985/66 3006/2986/66
f 3010/2987/66 3011/2988/66 3012/2989/66
f 3008/2990/66 3014/2991/66 3009/2992/66
f 3005/2985/67 2999/2981/67 3004/2984/67
f 3006/2986/66 3012/2989/66 3001/2993/66
f 3018/2994/66 3015/2995/66 3017/2996/66
f 3023/2997/66 3024/2998/66 3025/2999/66
f 3029/3000/66 3030/3001/66 3031/3002/66
f 3027/3003/66 3033/3004/66 3028/3005/66
f 3024/2998/67 3018/2994/67 3023/2997/67
f 3025/2999/66 3031/3002/66 3020/3006/66
f 3035/3007/66 3037/3008/66 3034/3009/66
f 3041/3010/66 3042/3011/66 3043/3012/66
f 3045/3013/66 3047/3014/66 3049/3015/66
f 3053/3016/66 3054/3017/66 3055/3018/66
f 3059/3019/66 3060/3020/66 3061/3021/66
f 3065/3022/66 3066/3023/66 3067/3024/66
f 3071/3025/66 3072/3026/66 3073/3027/66
f 3068/3028/66 3062/3029/66 3067/3024/66
f 3052/3030/66 3058/3031/66 3057/3032/66
f 3040/3033/67 3070/3034/67 3039/3035/67
f 3065/3022/67 3059/3019/67 3060/3020/67
f 3041/3010/67 3047/3014/67 3048/3036/67
f 3049/3015/66 3055/3018/66 3044/3037/66
f 3050/3038/66 3048/3036/66 3068/3028/66
f 3077/3039/66 3078/3040/66 3079/3041/66
f 3083/3042/66 3084/3043/66 3085/3044/66
f 3089/3045/66 3090/3046/66 3091/3047/66
f 3095/3048/66 3096/3049/66 3097/3050/66
f 3101/3051/66 3102/3052/66 3103/3053/66
f 3107/3054/66 3108/3055/66 3109/3056/66
f 3104/3057/66 3098/3058/66 3103/3053/66
f 3088/3059/66 3094/3060/66 3093/3061/66
f 3076/3062/67 3106/3063/67 3075/3064/67
f 3101/3051/67 3095/3048/67 3096/3049/67
f 3077/3039/67 3083/3042/67 3084/3043/67
f 3085/3044/66 3091/3047/66 3080/3065/66
f 3086/3066/66 3084/3043/66 3104/3057/66
f 3113/3067/66 3114/3068/66 3115/3069/66
f 3119/3070/66 3120/3071/66 3121/3072/66
f 3125/3073/66 3126/3074/66 3127/3075/66
f 3131/3076/66 3132/3077/66 3133/3078/66
f 3137/3079/66 3138/3080/66 3139/3081/66
f 3143/3082/66 3144/3083/66 3145/3084/66
f 3140/3085/66 3134/3086/66 3139/3081/66
f 3124/3087/66 3130/3088/66 3129/3089/66
f 3112/3090/67 3142/3091/67 3111/3092/67
f 3138/3080/67 3132/3077/67 3137/3079/67
f 3113/3067/67 3119/3070/67 3120/3071/67
f 3121/3072/66 3127/3075/66 3116/3093/66
f 3122/3094/66 3120/3071/66 3140/3085/66
f 3147/3095/66 3149/3096/66 3151/3097/66
f 3155/3098/66 3156/3099/66 3157/3100/66
f 3161/3101/66 3162/3102/66 3163/3103/66
f 3168/3104/66 3169/3105/66 3165/3106/66
f 3173/3107/66 3174/3108/66 3175/3109/66
f 3179/3110/66 3180/3111/66 3181/3112/66
f 3176/3113/66 3170/3114/66 3175/3109/66
f 3159/3115/66 3165/3106/66 3160/3116/66
f 3147/3095/67 3177/3117/67 3178/3118/67
f 3174/3108/67 3168/3104/67 3173/3107/67
f 3149/3096/67 3155/3098/67 3156/3099/67
f 3157/3100/66 3163/3103/66 3152/3119/66
f 3158/3120/66 3156/3099/66 3176/3113/66
f 3185/3121/66 3186/3122/66 3187/3123/66
f 3191/3124/66 3192/3125/66 3193/3126/66
f 3197/3127/66 3198/3128/66 3199/3129/66
f 3184/3130/66 3190/3131/66 3189/3132/66
f 3197/3127/67 3191/3124/67 3192/3125/67
f 3201/3133/66 3187/3123/66 3200/3134/66
f 3190/3131/66 3183/3135/66 3201/3133/66
f 3206/3136/66 3207/3137/66 3208/3138/66
f 3212/3139/66 3213/3140/66 3214/3141/66
f 3218/3142/66 3219/3143/66 3220/3144/66
f 3224/3145/66 3225/3146/66 3226/3147/66
f 3230/3148/66 3231/3149/66 3232/3150/66
f 3236/3151/66 3237/3152/66 3238/3153/66
f 3233/3154/66 3227/3155/66 3232/3150/66
f 3217/3156/66 3223/3157/66 3222/3158/66
f 3205/3159/67 3235/3160/67 3204/3161/67
f 3231/3149/67 3225/3146/67 3230/3148/67
f 3206/3136/67 3212/3139/67 3213/3140/67
f 3214/3141/66 3220/3144/66 3209/3162/66
f 3215/3163/66 3213/3140/66 3233/3154/66
f 3242/3164/66 3243/3165/66 3244/3166/66
f 3245/3167/66 3247/3168/66 3035/3007/66
f 3252/3169/66 3253/3170/66 3254/3171/66
f 3249/3172/66 3256/3173/66 3255/3174/66
f 3241/3175/67 3251/3176/67 3240/3177/67
f 3242/3164/67 3247/3168/67 3248/3178/67
f 3260/3179/66 3261/3180/66 3262/3181/66
f 3266/3182/66 3267/3183/66 3268/3184/66
f 3272/3185/66 3273/3186/66 3274/3187/66
f 3278/3188/66 3279/3189/66 3280/3190/66
f 3284/3191/66 3285/3192/66 3286/3193/66
f 3290/3194/66 3291/3195/66 3292/3196/66
f 3287/3197/66 3281/3198/66 3286/3193/66
f 3271/3199/66 3277/3200/66 3276/3201/66
f 3259/3202/67 3289/3203/67 3258/3204/67
f 3284/3191/67 3278/3188/67 3279/3189/67
f 3260/3179/67 3266/3182/67 3267/3183/67
f 3268/3184/66 3274/3187/66 3263/3205/66
f 3269/3206/66 3267/3183/66 3287/3197/66
f 3297/3207/66 3298/3208/66 3294/3209/66
f 3300/3210/66 3302/3211/66 3304/3212/66
f 3308/3213/66 3309/3214/66 3310/3215/66
f 3314/3216/66 3315/3217/66 3316/3218/66
f 3320/3219/66 3321/3220/66 3322/3221/66
f 3326/3222/66 3327/3223/66 3328/3224/66
f 3323/3225/66 3317/3226/66 3322/3221/66
f 3306/3227/66 3312/3228/66 3307/3229/66
f 3294/3209/67 3324/3230/67 3325/3231/67
f 3321/3220/67 3315/3217/67 3320/3219/67
f 3303/3232/67 3297/3207/67 3302/3211/67
f 3304/3212/66 3310/3215/66 3299/3233/66
f 3305/3234/66 3303/3232/66 3323/3225/66
f 3332/3235/66 3333/3236/66 3334/3237/66
f 3338/3238/66 3339/3239/66 3340/3240/66
f 3344/3241/66 3345/3242/66 3346/3243/66
f 3350/3244/66 3351/3245/66 3352/3246/66
f 3356/3247/66 3357/3248/66 3358/3249/66
f 3362/3250/66 3363/3251/66 3364/3252/66
f 3358/3249/66 3364/3252/66 3353/3253/66
f 3342/3254/66 3348/3255/66 3343/3256/66
f 3331/3257/67 3361/3258/67 3330/3259/67
f 3356/3247/67 3350/3244/67 3351/3245/67
f 3332/3235/67 3338/3238/67 3339/3239/67
f 3340/3240/66 3346/3243/66 3335/3260/66
f 3341/3261/66 3339/3239/66 3359/3262/66
f 3368/3263/66 3369/3264/66 3370/3265/66
f 3372/3266/66 3374/3267/66 3376/3268/66
f 3380/3269/66 3381/3270/66 3382/3271/66
f 3386/3272/66 3387/3273/66 3388/3274/66
f 3392/3275/66 3393/3276/66 3394/3277/66
f 3398/3278/66 3399/3279/66 3400/3280/66
f 3395/3281/66 3389/3282/66 3394/3277/66
f 3379/3283/66 3385/3284/66 3384/3285/66
f 3367/3286/67 3397/3287/67 3366/3288/67
f 3392/3275/67 3386/3272/67 3387/3273/67
f 3368/3263/67 3374/3267/67 3375/3289/67
f 3376/3268/66 3382/3271/66 3371/3290/66
f 3377/3291/66 3375/3289/66 3395/3281/66
f 3402/3292/66 3404/3293/66 3406/3294/66
f 3410/3295/66 3407/3296/66 3409/3297/66
f 3413/3298/66 3415/3299/66 3417/3300/66
f 3421/3301/66 3422/3302/66 3423/3303/66
f 3425/3304/66 3427/3305/66 3429/3306/66
f 3423/3303/66 3429/3306/66 3418/3307/66
f 3431/3308/66 3413/3298/66 3430/3309/66
f 3402/3292/67 3425/3304/67 3426/3310/67
f 3422/3302/67 3416/3311/67 3421/3301/67
f 3410/3295/67 3405/3312/67 3409/3297/67
f 3411/3313/66 3433/3314/66 3407/3296/66
f 3432/3315/66 3410/3295/66 3424/3316/66
f 3435/3317/66 3437/3318/66 3439/3319/66
f 3443/3320/66 3440/3321/66 3442/3322/66
f 3448/3323/66 3449/3324/66 3450/3325/66
f 3454/3326/66 3455/3327/66 3456/3328/66
f 3458/3329/66 3460/3330/66 3462/3331/66
f 3456/3328/66 3462/3331/66 3451/3332/66
f 3464/3333/66 3446/3334/66 3463/3335/66
f 3435/3317/67 3458/3329/67 3459/3336/67
f 3455/3327/67 3449/3324/67 3454/3326/67
f 3443/3320/67 3438/3337/67 3442/3322/67
f 3444/3338/66 3466/3339/66 3440/3321/66
f 3465/3340/66 3443/3320/66 3457/3341/66
f 3470/3342/66 3471/3343/66 3472/3344/66
f 3476/3345/66 3477/3346/66 3478/3347/66
f 3482/3348/66 3483/3349/66 3484/3350/66
f 3479/3351/66 3486/3352/66 3485/3353/66
f 3469/3354/67 3481/3355/67 3468/3356/67
f 3470/3342/67 3476/3345/67 3477/3346/67
f 3490/3357/66 3491/3358/66 3492/3359/66
f 3496/3360/66 3497/3361/66 3498/3362/66
f 3502/3363/66 3503/3364/66 3504/3365/66
f 3509/3366/66 3510/3367/66 3506/3368/66
f 3514/3369/66 3515/3370/66 3516/3371/66
f 3520/3372/66 3521/3373/66 3522/3374/66
f 3516/3371/66 3522/3374/66 3511/3375/66
f 3501/3376/66 3507/3377/66 3506/3368/66
f 3489/3378/67 3519/3379/67 3488/3380/67
f 3514/3369/67 3508/3381/67 3509/3366/67
f 3490/3357/67 3496/3360/67 3497/3361/67
f 3498/3362/66 3504/3365/66 3493/3382/66
f 3499/3383/66 3497/3361/66 3517/3384/66
f 3527/3385/66 3528/3386/66 3524/3387/66
f 3532/3388/66 3529/3389/66 3531/3390/66
f 3537/3391/66 3538/3392/66 3539/3393/66
f 3543/3394/66 3544/3395/66 3545/3396/66
f 3550/3397/66 3551/3398/66 3547/3399/66
f 3545/3396/66 3551/3398/66 3540/3400/66
f 3553/3401/66 3535/3402/66 3552/3403/66
f 3525/3404/67 3548/3405/67 3524/3387/67
f 3544/3395/67 3538/3392/67 3543/3394/67
f 3532/3388/67 3527/3385/67 3531/3390/67
f 3533/3406/66 3555/3407/66 3529/3389/66
f 3554/3408/66 3532/3388/66 3546/3409/66
f 3559/3410/66 3560/3411/66 3561/3412/66
f 3566/3413/66 3567/3414/66 3563/3415/66
f 3571/3416/66 3572/3417/66 3573/3418/66
f 3558/3419/66 3564/3420/66 3563/3415/66
f 3571/3416/67 3565/3421/67 3566/3413/67
f 3575/3422/66 3561/3412/66 3574/3423/66
f 3564/3420/66 3557/3424/66 3575/3422/66
f 3580/3425/66 3581/3426/66 3582/3427/66
f 3586/3428/66 3583/3429/66 3585/3430/66
f 3591/3431/66 3592/3432/66 3593/3433/66
f 3597/3434/66 3598/3435/66 3599/3436/66
f 3601/3437/66 3603/3438/66 3605/3439/66
f 3599/3436/66 3605/3439/66 3594/3440/66
f 3607/3441/66 3589/3442/66 3606/3443/66
f 3578/3444/67 3601/3437/67 3602/3445/67
f 3598/3435/67 3592/3432/67 3597/3434/67
f 3586/3428/67 3581/3426/67 3585/3430/67
f 3587/3446/66 3609/3447/66 3583/3429/66
f 3608/3448/66 3586/3428/66 3600/3449/66
f 3202/3450/66 3194/3451/66 3199/3129/66
f 3576/3452/66 3568/3453/66 3573/3418/66
f 3025/2999/66 3024/2998/66 3016/3454/66
f 3032/3455/66 3612/3456/66 3614/3457/66
f 3036/3458/66 3035/3007/66 3248/3178/66
f 3006/2986/66 3005/2985/66 2997/3459/66
f 3013/3460/66 3615/3461/66 3617/3462/66
f 2987/2973/66 2986/2972/66 2978/3463/66
f 2994/3464/66 3618/3465/66 3620/3466/66
f 3478/3347/66 3622/3467/66 3473/3468/66
f 2968/2960/66 2967/2959/66 2959/3469/66
f 2975/3470/66 3623/3471/66 3625/3472/66
f 3621/3473/66 3478/3347/66 3477/3346/66
f 3552/3403/66 3626/3474/66 3555/3407/66
f 3463/3335/66 3627/3475/66 3466/3339/66
f 3430/3309/66 3628/3476/66 3433/3314/66
f 3606/3443/66 3629/3477/66 3609/3447/66
f 3098/3058/66 3108/3055/66 3616/3478/66
f 3594/3440/66 3604/3479/66 3562/3480/66
f 3398/3278/66 3567/3414/66 3210/3481/66
f 3118/3482/66 3399/3279/66 3221/3483/66
f 3091/3047/66 3143/3082/66 3226/3147/66
f 3227/3155/66 3237/3152/66 3188/3484/66
f 3012/2989/66 3107/3054/66 3193/3126/66
f 3382/3271/66 3427/3305/66 3593/3433/66
f 3418/3307/66 3428/3485/66 3383/3486/66
f 3417/3300/66 3421/3301/66 3336/3487/66
f 3451/3332/66 3461/3488/66 3347/3489/66
f 3503/3364/66 3548/3405/66 3523/3490/66
f 3540/3400/66 3550/3397/66 3505/3491/66
f 3482/3348/66 3510/3367/66 3300/3210/66
f 3511/3375/66 3521/3373/66 3164/3492/66
f 3520/3372/66 3352/3246/66 3153/3493/66
f 3128/3494/66 3154/3495/66 3363/3251/66
f 3362/3250/66 3388/3274/66 3117/3496/66
f 3273/3186/66 3325/3231/66 3293/3497/66
f 3317/3226/66 3327/3223/66 3275/3498/66
f 3031/3002/66 3252/3169/66 3280/3190/66
f 3281/3198/66 3291/3195/66 3619/3499/66
f 2993/2976/66 3290/3194/66 3061/3021/66
f 3170/3114/66 3180/3111/66 3056/3500/66
f 3133/3078/66 3137/3079/66 3045/3013/66
f 3134/3086/66 3144/3083/66 3092/3501/66
f 2974/2963/66 3071/3025/66 3097/3050/66
f 3062/3029/66 3072/3026/66 3624/3502/66
f 2962/3503/66 2958/2956/66 2961/2955/66
f 2958/2956/66 2959/3469/66 2960/2957/66
f 2968/2960/66 2963/2967/66 2964/3504/66
f 2964/3504/66 2965/3505/66 2968/2960/66
f 2965/3505/66 2966/2958/66 2968/2960/66
f 2974/2963/66 2969/3506/66 2972/2961/66
f 2969/3506/66 2970/2964/66 2972/2961/66
f 2970/2964/66 2971/2966/66 2972/2961/66
f 2970/2964/66 2975/3470/66 2976/2965/66
f 2967/2959/67 2960/2957/67 2961/2955/67
f 2968/2960/66 2969/3506/66 2974/2963/66
f 2981/3507/66 2977/2969/66 2980/2968/66
f 2977/2969/66 2978/3463/66 2979/2970/66
f 2987/2973/66 2982/2980/66 2983/3508/66
f 2983/3508/66 2984/3509/66 2987/2973/66
f 2984/3509/66 2985/2971/66 2987/2973/66
f 2993/2976/66 2988/3510/66 2991/2974/66
f 2988/3510/66 2989/2977/66 2991/2974/66
f 2989/2977/66 2990/2979/66 2991/2974/66
f 2989/2977/66 2994/3464/66 2995/2978/66
f 2986/2972/67 2979/2970/67 2980/2968/67
f 2987/2973/66 2988/3510/66 2993/2976/66
f 3000/3511/66 2996/2982/66 2999/2981/66
f 2996/2982/66 2997/3459/66 2998/2983/66
f 3006/2986/66 3001/2993/66 3002/3512/66
f 3002/3512/66 3003/3513/66 3006/2986/66
f 3003/3513/66 3004/2984/66 3006/2986/66
f 3012/2989/66 3007/3514/66 3010/2987/66
f 3007/3514/66 3008/2990/66 3010/2987/66
f 3008/2990/66 3009/2992/66 3010/2987/66
f 3008/2990/66 3013/3460/66 3014/2991/66
f 3005/2985/67 2998/2983/67 2999/2981/67
f 3006/2986/66 3007/3514/66 3012/2989/66
f 3019/3515/66 3015/2995/66 3018/2994/66
f 3015/2995/66 3016/3454/66 3017/2996/66
f 3025/2999/66 3020/3006/66 3021/3516/66
f 3021/3516/66 3022/3517/66 3025/2999/66
f 3022/3517/66 3023/2997/66 3025/2999/66
f 3031/3002/66 3026/3518/66 3029/3000/66
f 3026/3518/66 3027/3003/66 3029/3000/66
f 3027/3003/66 3028/3005/66 3029/3000/66
f 3027/3003/66 3032/3455/66 3033/3004/66
f 3024/2998/67 3017/2996/67 3018/2994/67
f 3025/2999/66 3026/3518/66 3031/3002/66
f 3035/3007/66 3036/3458/66 3037/3008/66
f 3043/3012/66 3038/3519/66 3041/3010/66
f 3038/3519/66 3039/3035/66 3041/3010/66
f 3039/3035/66 3040/3033/66 3041/3010/66
f 3049/3015/66 3044/3037/66 3045/3013/66
f 3045/3013/66 3046/3520/66 3047/3014/66
f 3047/3014/66 3048/3036/66 3049/3015/66
f 3055/3018/66 3050/3038/66 3053/3016/66
f 3050/3038/66 3051/3521/66 3053/3016/66
f 3051/3521/66 3052/3030/66 3053/3016/66
f 3061/3021/66 3056/3500/66 3059/3019/66
f 3056/3500/66 3057/3032/66 3059/3019/66
f 3057/3032/66 3058/3031/66 3059/3019/66
f 3067/3024/66 3062/3029/66 3065/3022/66
f 3062/3029/66 3063/3522/66 3065/3022/66
f 3063/3522/66 3064/3523/66 3065/3022/66
f 3073/3027/66 3068/3028/66 3071/3025/66
f 3068/3028/66 3069/3524/66 3071/3025/66
f 3069/3524/66 3070/3034/66 3071/3025/66
f 3068/3028/66 3073/3027/66 3062/3029/66
f 3052/3030/66 3051/3521/66 3058/3031/66
f 3040/3033/67 3069/3524/67 3070/3034/67
f 3065/3022/67 3066/3023/67 3059/3019/67
f 3041/3010/67 3042/3011/67 3047/3014/67
f 3049/3015/66 3050/3038/66 3055/3018/66
f 3048/3036/66 3041/3010/66 3040/3033/66
f 3040/3033/66 3069/3524/66 3048/3036/66
f 3069/3524/66 3068/3028/66 3048/3036/66
f 3068/3028/66 3067/3024/66 3058/3031/66
f 3067/3024/66 3066/3023/66 3058/3031/66
f 3066/3023/66 3059/3019/66 3058/3031/66
f 3058/3031/66 3051/3521/66 3050/3038/66
f 3050/3038/66 3049/3015/66 3048/3036/66
f 3058/3031/66 3050/3038/66 3068/3028/66
f 3079/3041/66 3074/3525/66 3077/3039/66
f 3074/3525/66 3075/3064/66 3077/3039/66
f 3075/3064/66 3076/3062/66 3077/3039/66
f 3085/3044/66 3080/3065/66 3081/3526/66
f 3081/3526/66 3082/3527/66 3085/3044/66
f 3082/3527/66 3083/3042/66 3085/3044/66
f 3091/3047/66 3086/3066/66 3089/3045/66
f 3086/3066/66 3087/3528/66 3089/3045/66
f 3087/3528/66 3088/3059/66 3089/3045/66
f 3097/3050/66 3092/3501/66 3095/3048/66
f 3092/3501/66 3093/3061/66 3095/3048/66
f 3093/3061/66 3094/3060/66 3095/3048/66
f 3103/3053/66 3098/3058/66 3101/3051/66
f 3098/3058/66 3099/3529/66 3101/3051/66
f 3099/3529/66 3100/3530/66 3101/3051/66
f 3109/3056/66 3104/3057/66 3107/3054/66
f 3104/3057/66 3105/3531/66 3107/3054/66
f 3105/3531/66 3106/3063/66 3107/3054/66
f 3104/3057/66 3109/3056/66 3098/3058/66
f 3088/3059/66 3087/3528/66 3094/3060/66
f 3076/3062/67 3105/3531/67 3106/3063/67
f 3101/3051/67 3102/3052/67 3095/3048/67
f 3077/3039/67 3078/3040/67 3083/3042/67
f 3085/3044/66 3086/3066/66 3091/3047/66
f 3084/3043/66 3077/3039/66 3076/3062/66
f 3076/3062/66 3105/3531/66 3084/3043/66
f 3105/3531/66 3104/3057/66 3084/3043/66
f 3104/3057/66 3103/3053/66 3094/3060/66
f 3103/3053/66 3102/3052/66 3094/3060/66
f 3102/3052/66 3095/3048/66 3094/3060/66
f 3094/3060/66 3087/3528/66 3086/3066/66
f 3086/3066/66 3085/3044/66 3084/3043/66
f 3094/3060/66 3086/3066/66 3104/3057/66
f 3115/3069/66 3110/3532/66 3113/3067/66
f 3110/3532/66 3111/3092/66 3113/3067/66
f 3111/3092/66 3112/3090/66 3113/3067/66
f 3121/3072/66 3116/3093/66 3117/3496/66
f 3117/3496/66 3118/3482/66 3121/3072/66
f 3118/3482/66 3119/3070/66 3121/3072/66
f 3127/3075/66 3122/3094/66 3125/3073/66
f 3122/3094/66 3123/3533/66 3125/3073/66
f 3123/3533/66 3124/3087/66 3125/3073/66
f 3133/3078/66 3128/3494/66 3129/3089/66
f 3129/3089/66 3130/3088/66 3133/3078/66
f 3130/3088/66 3131/3076/66 3133/3078/66
f 3139/3081/66 3134/3086/66 3137/3079/66
f 3134/3086/66 3135/3534/66 3137/3079/66
f 3135/3534/66 3136/3535/66 3137/3079/66
f 3145/3084/66 3140/3085/66 3143/3082/66
f 3140/3085/66 3141/3536/66 3143/3082/66
f 3141/3536/66 3142/3091/66 3143/3082/66
f 3140/3085/66 3145/3084/66 3134/3086/66
f 3124/3087/66 3123/3533/66 3130/3088/66
f 3112/3090/67 3141/3536/67 3142/3091/67
f 3138/3080/67 3131/3076/67 3132/3077/67
f 3113/3067/67 3114/3068/67 3119/3070/67
f 3121/3072/66 3122/3094/66 3127/3075/66
f 3120/3071/66 3113/3067/66 3112/3090/66
f 3112/3090/66 3141/3536/66 3120/3071/66
f 3141/3536/66 3140/3085/66 3120/3071/66
f 3140/3085/66 3139/3081/66 3130/3088/66
f 3139/3081/66 3138/3080/66 3130/3088/66
f 3138/3080/66 3131/3076/66 3130/3088/66
f 3130/3088/66 3123/3533/66 3122/3094/66
f 3122/3094/66 3121/3072/66 3120/3071/66
f 3130/3088/66 3122/3094/66 3140/3085/66
f 3151/3097/66 3146/3537/66 3147/3095/66
f 3147/3095/66 3148/3538/66 3149/3096/66
f 3149/3096/66 3150/3539/66 3151/3097/66
f 3157/3100/66 3152/3119/66 3153/3493/66
f 3153/3493/66 3154/3495/66 3157/3100/66
f 3154/3495/66 3155/3098/66 3157/3100/66
f 3163/3103/66 3158/3120/66 3159/3115/66
f 3159/3115/66 3160/3116/66 3163/3103/66
f 3160/3116/66 3161/3101/66 3163/3103/66
f 3169/3105/66 3164/3492/66 3165/3106/66
f 3165/3106/66 3166/3540/66 3167/3541/66
f 3167/3541/66 3168/3104/66 3165/3106/66
f 3175/3109/66 3170/3114/66 3173/3107/66
f 3170/3114/66 3171/3542/66 3173/3107/66
f 3171/3542/66 3172/3543/66 3173/3107/66
f 3181/3112/66 3176/3113/66 3179/3110/66
f 3176/3113/66 3177/3117/66 3179/3110/66
f 3177/3117/66 3178/3118/66 3179/3110/66
f 3176/3113/66 3181/3112/66 3170/3114/66
f 3159/3115/66 3166/3540/66 3165/3106/66
f 3147/3095/67 3148/3538/67 3177/3117/67
f 3174/3108/67 3167/3541/67 3168/3104/67
f 3149/3096/67 3150/3539/67 3155/3098/67
f 3157/3100/66 3158/3120/66 3163/3103/66
f 3156/3099/66 3149/3096/66 3148/3538/66
f 3148/3538/66 3177/3117/66 3156/3099/66
f 3177/3117/66 3176/3113/66 3156/3099/66
f 3176/3113/66 3175/3109/66 3166/3540/66
f 3175/3109/66 3174/3108/66 3166/3540/66
f 3174/3108/66 3167/3541/66 3166/3540/66
f 3166/3540/66 3159/3115/66 3158/3120/66
f 3158/3120/66 3157/3100/66 3156/3099/66
f 3166/3540/66 3158/3120/66 3176/3113/66
f 3187/3123/66 3182/3544/66 3185/3121/66
f 3182/3544/66 3183/3135/66 3185/3121/66
f 3183/3135/66 3184/3130/66 3185/3121/66
f 3193/3126/66 3188/3484/66 3191/3124/66
f 3188/3484/66 3189/3132/66 3191/3124/66
f 3189/3132/66 3190/3131/66 3191/3124/66
f 3199/3129/66 3194/3451/66 3197/3127/66
f 3194/3451/66 3195/3545/66 3197/3127/66
f 3195/3545/66 3196/3546/66 3197/3127/66
f 3184/3130/66 3183/3135/66 3190/3131/66
f 3197/3127/67 3198/3128/67 3191/3124/67
f 3201/3133/66 3182/3544/66 3187/3123/66
f 3182/3544/66 3201/3133/66 3183/3135/66
f 3201/3133/66 3202/3450/66 3190/3131/66
f 3202/3450/66 3199/3129/66 3198/3128/66
f 3198/3128/66 3191/3124/66 3202/3450/66
f 3191/3124/66 3190/3131/66 3202/3450/66
f 3208/3138/66 3203/3547/66 3206/3136/66
f 3203/3547/66 3204/3161/66 3206/3136/66
f 3204/3161/66 3205/3159/66 3206/3136/66
f 3214/3141/66 3209/3162/66 3210/3481/66
f 3210/3481/66 3211/3548/66 3214/3141/66
f 3211/3548/66 3212/3139/66 3214/3141/66
f 3220/3144/66 3215/3163/66 3218/3142/66
f 3215/3163/66 3216/3549/66 3218/3142/66
f 3216/3549/66 3217/3156/66 3218/3142/66
f 3226/3147/66 3221/3483/66 3224/3145/66
f 3221/3483/66 3222/3158/66 3224/3145/66
f 3222/3158/66 3223/3157/66 3224/3145/66
f 3232/3150/66 3227/3155/66 3230/3148/66
f 3227/3155/66 3228/3550/66 3230/3148/66
f 3228/3550/66 3229/3551/66 3230/3148/66
f 3238/3153/66 3233/3154/66 3236/3151/66
f 3233/3154/66 3234/3552/66 3236/3151/66
f 3234/3552/66 3235/3160/66 3236/3151/66
f 3233/3154/66 3238/3153/66 3227/3155/66
f 3217/3156/66 3216/3549/66 3223/3157/66
f 3205/3159/67 3234/3552/67 3235/3160/67
f 3231/3149/67 3224/3145/67 3225/3146/67
f 3206/3136/67 3207/3137/67 3212/3139/67
f 3214/3141/66 3215/3163/66 3220/3144/66
f 3213/3140/66 3206/3136/66 3205/3159/66
f 3205/3159/66 3234/3552/66 3213/3140/66
f 3234/3552/66 3233/3154/66 3213/3140/66
f 3233/3154/66 3232/3150/66 3223/3157/66
f 3232/3150/66 3231/3149/66 3223/3157/66
f 3231/3149/66 3224/3145/66 3223/3157/66
f 3223/3157/66 3216/3549/66 3215/3163/66
f 3215/3163/66 3214/3141/66 3213/3140/66
f 3223/3157/66 3215/3163/66 3233/3154/66
f 3244/3166/66 3239/3553/66 3240/3177/66
f 3240/3177/66 3241/3175/66 3244/3166/66
f 3241/3175/66 3242/3164/66 3244/3166/66
f 3035/3007/66 3034/3009/66 3245/3167/66
f 3245/3167/66 3246/3554/66 3247/3168/66
f 3247/3168/66 3248/3178/66 3035/3007/66
f 3254/3171/66 3249/3172/66 3252/3169/66
f 3249/3172/66 3250/3555/66 3252/3169/66
f 3250/3555/66 3251/3176/66 3252/3169/66
f 3249/3172/66 3254/3171/66 3256/3173/66
f 3241/3175/67 3250/3555/67 3251/3176/67
f 3242/3164/67 3243/3165/67 3247/3168/67
f 3262/3181/66 3257/3556/66 3260/3179/66
f 3257/3556/66 3258/3204/66 3260/3179/66
f 3258/3204/66 3259/3202/66 3260/3179/66
f 3268/3184/66 3263/3205/66 3264/3557/66
f 3264/3557/66 3265/3558/66 3268/3184/66
f 3265/3558/66 3266/3182/66 3268/3184/66
f 3274/3187/66 3269/3206/66 3272/3185/66
f 3269/3206/66 3270/3559/66 3272/3185/66
f 3270/3559/66 3271/3199/66 3272/3185/66
f 3280/3190/66 3275/3498/66 3278/3188/66
f 3275/3498/66 3276/3201/66 3278/3188/66
f 3276/3201/66 3277/3200/66 3278/3188/66
f 3286/3193/66 3281/3198/66 3284/3191/66
f 3281/3198/66 3282/3560/66 3284/3191/66
f 3282/3560/66 3283/3561/66 3284/3191/66
f 3292/3196/66 3287/3197/66 3290/3194/66
f 3287/3197/66 3288/3562/66 3290/3194/66
f 3288/3562/66 3289/3203/66 3290/3194/66
f 3287/3197/66 3292/3196/66 3281/3198/66
f 3271/3199/66 3270/3559/66 3277/3200/66
f 3259/3202/67 3288/3562/67 3289/3203/67
f 3284/3191/67 3285/3192/67 3278/3188/67
f 3260/3179/67 3261/3180/67 3266/3182/67
f 3268/3184/66 3269/3206/66 3274/3187/66
f 3267/3183/66 3260/3179/66 3259/3202/66
f 3259/3202/66 3288/3562/66 3267/3183/66
f 3288/3562/66 3287/3197/66 3267/3183/66
f 3287/3197/66 3286/3193/66 3277/3200/66
f 3286/3193/66 3285/3192/66 3277/3200/66
f 3285/3192/66 3278/3188/66 3277/3200/66
f 3277/3200/66 3270/3559/66 3269/3206/66
f 3269/3206/66 3268/3184/66 3267/3183/66
f 3277/3200/66 3269/3206/66 3287/3197/66
f 3298/3208/66 3293/3497/66 3294/3209/66
f 3294/3209/66 3295/3563/66 3296/3564/66
f 3296/3564/66 3297/3207/66 3294/3209/66
f 3304/3212/66 3299/3233/66 3300/3210/66
f 3300/3210/66 3301/3565/66 3302/3211/66
f 3302/3211/66 3303/3232/66 3304/3212/66
f 3310/3215/66 3305/3234/66 3306/3227/66
f 3306/3227/66 3307/3229/66 3310/3215/66
f 3307/3229/66 3308/3213/66 3310/3215/66
f 3316/3218/66 3311/3566/66 3314/3216/66
f 3311/3566/66 3312/3228/66 3314/3216/66
f 3312/3228/66 3313/3567/66 3314/3216/66
f 3322/3221/66 3317/3226/66 3318/3568/66
f 3318/3568/66 3319/3569/66 3322/3221/66
f 3319/3569/66 3320/3219/66 3322/3221/66
f 3328/3224/66 3323/3225/66 3326/3222/66
f 3323/3225/66 3324/3230/66 3326/3222/66
f 3324/3230/66 3325/3231/66 3326/3222/66
f 3323/3225/66 3328/3224/66 3317/3226/66
f 3306/3227/66 3313/3567/66 3312/3228/66
f 3294/3209/67 3295/3563/67 3324/3230/67
f 3321/3220/67 3314/3216/67 3315/3217/67
f 3303/3232/67 3296/3564/67 3297/3207/67
f 3304/3212/66 3305/3234/66 3310/3215/66
f 3303/3232/66 3296/3564/66 3295/3563/66
f 3295/3563/66 3324/3230/66 3303/3232/66
f 3324/3230/66 3323/3225/66 3303/3232/66
f 3323/3225/66 3322/3221/66 3321/3220/66
f 3321/3220/66 3314/3216/66 3323/3225/66
f 3314/3216/66 3313/3567/66 3323/3225/66
f 3313/3567/66 3306/3227/66 3305/3234/66
f 3305/3234/66 3304/3212/66 3303/3232/66
f 3313/3567/66 3305/3234/66 3323/3225/66
f 3334/3237/66 3329/3570/66 3330/3259/66
f 3330/3259/66 3331/3257/66 3334/3237/66
f 3331/3257/66 3332/3235/66 3334/3237/66
f 3340/3240/66 3335/3260/66 3336/3487/66
f 3336/3487/66 3337/3571/66 3340/3240/66
f 3337/3571/66 3338/3238/66 3340/3240/66
f 3346/3243/66 3341/3261/66 3342/3254/66
f 3342/3254/66 3343/3256/66 3346/3243/66
f 3343/3256/66 3344/3241/66 3346/3243/66
f 3352/3246/66 3347/3489/66 3350/3244/66
f 3347/3489/66 3348/3255/66 3350/3244/66
f 3348/3255/66 3349/3572/66 3350/3244/66
f 3358/3249/66 3353/3253/66 3356/3247/66
f 3353/3253/66 3354/3573/66 3356/3247/66
f 3354/3573/66 3355/3574/66 3356/3247/66
f 3364/3252/66 3359/3262/66 3362/3250/66
f 3359/3262/66 3360/3575/66 3362/3250/66
f 3360/3575/66 3361/3258/66 3362/3250/66
f 3358/3249/66 3359/3262/66 3364/3252/66
f 3342/3254/66 3349/3572/66 3348/3255/66
f 3331/3257/67 3360/3575/67 3361/3258/67
f 3356/3247/67 3357/3248/67 3350/3244/67
f 3332/3235/67 3333/3236/67 3338/3238/67
f 3340/3240/66 3341/3261/66 3346/3243/66
f 3339/3239/66 3332/3235/66 3331/3257/66
f 3331/3257/66 3360/3575/66 3339/3239/66
f 3360/3575/66 3359/3262/66 3339/3239/66
f 3359/3262/66 3358/3249/66 3349/3572/66
f 3358/3249/66 3357/3248/66 3349/3572/66
f 3357/3248/66 3350/3244/66 3349/3572/66
f 3349/3572/66 3342/3254/66 3341/3261/66
f 3341/3261/66 3340/3240/66 3339/3239/66
f 3349/3572/66 3341/3261/66 3359/3262/66
f 3370/3265/66 3365/3576/66 3368/3263/66
f 3365/3576/66 3366/3288/66 3368/3263/66
f 3366/3288/66 3367/3286/66 3368/3263/66
f 3376/3268/66 3371/3290/66 3372/3266/66
f 3372/3266/66 3373/3577/66 3374/3267/66
f 3374/3267/66 3375/3289/66 3376/3268/66
f 3382/3271/66 3377/3291/66 3380/3269/66
f 3377/3291/66 3378/3578/66 3380/3269/66
f 3378/3578/66 3379/3283/66 3380/3269/66
f 3388/3274/66 3383/3486/66 3386/3272/66
f 3383/3486/66 3384/3285/66 3386/3272/66
f 3384/3285/66 3385/3284/66 3386/3272/66
f 3394/3277/66 3389/3282/66 3392/3275/66
f 3389/3282/66 3390/3579/66 3392/3275/66
f 3390/3579/66 3391/3580/66 3392/3275/66
f 3400/3280/66 3395/3281/66 3398/3278/66
f 3395/3281/66 3396/3581/66 3398/3278/66
f 3396/3581/66 3397/3287/66 3398/3278/66
f 3395/3281/66 3400/3280/66 3389/3282/66
f 3379/3283/66 3378/3578/66 3385/3284/66
f 3367/3286/67 3396/3581/67 3397/3287/67
f 3392/3275/67 3393/3276/67 3386/3272/67
f 3368/3263/67 3369/3264/67 3374/3267/67
f 3376/3268/66 3377/3291/66 3382/3271/66
f 3375/3289/66 3368/3263/66 3367/3286/66
f 3367/3286/66 3396/3581/66 3375/3289/66
f 3396/3581/66 3395/3281/66 3375/3289/66
f 3395/3281/66 3394/3277/66 3385/3284/66
f 3394/3277/66 3393/3276/66 3385/3284/66
f 3393/3276/66 3386/3272/66 3385/3284/66
f 3385/3284/66 3378/3578/66 3377/3291/66
f 3377/3291/66 3376/3268/66 3375/3289/66
f 3385/3284/66 3377/3291/66 3395/3281/66
f 3406/3294/66 3401/3582/66 3402/3292/66
f 3402/3292/66 3403/3583/66 3404/3293/66
f 3404/3293/66 3405/3312/66 3406/3294/66
f 3411/3313/66 3407/3296/66 3410/3295/66
f 3407/3296/66 3408/3584/66 3409/3297/66
f 3417/3300/66 3412/3585/66 3413/3298/66
f 3413/3298/66 3414/3586/66 3415/3299/66
f 3415/3299/66 3416/3311/66 3417/3300/66
f 3423/3303/66 3418/3307/66 3419/3587/66
f 3419/3587/66 3420/3588/66 3423/3303/66
f 3420/3588/66 3421/3301/66 3423/3303/66
f 3429/3306/66 3424/3316/66 3425/3304/66
f 3425/3304/66 3426/3310/66 3427/3305/66
f 3427/3305/66 3428/3485/66 3429/3306/66
f 3423/3303/66 3424/3316/66 3429/3306/66
f 3431/3308/66 3414/3586/66 3413/3298/66
f 3402/3292/67 3403/3583/67 3425/3304/67
f 3422/3302/67 3415/3299/67 3416/3311/67
f 3410/3295/67 3404/3293/67 3405/3312/67
f 3411/3313/66 3432/3315/66 3433/3314/66
f 3410/3295/66 3404/3293/66 3424/3316/66
f 3404/3293/66 3403/3583/66 3424/3316/66
f 3403/3583/66 3425/3304/66 3424/3316/66
f 3424/3316/66 3423/3303/66 3422/3302/66
f 3422/3302/66 3415/3299/66 3424/3316/66
f 3415/3299/66 3414/3586/66 3424/3316/66
f 3414/3586/66 3431/3308/66 3432/3315/66
f 3432/3315/66 3411/3313/66 3410/3295/66
f 3414/3586/66 3432/3315/66 3424/3316/66
f 3439/3319/66 3434/3589/66 3435/3317/66
f 3435/3317/66 3436/3590/66 3437/3318/66
f 3437/3318/66 3438/3337/66 3439/3319/66
f 3444/3338/66 3440/3321/66 3443/3320/66
f 3440/3321/66 3441/3591/66 3442/3322/66
f 3450/3325/66 3445/3592/66 3446/3334/66
f 3446/3334/66 3447/3593/66 3450/3325/66
f 3447/3593/66 3448/3323/66 3450/3325/66
f 3456/3328/66 3451/3332/66 3452/3594/66
f 3452/3594/66 3453/3595/66 3456/3328/66
f 3453/3595/66 3454/3326/66 3456/3328/66
f 3462/3331/66 3457/3341/66 3458/3329/66
f 3458/3329/66 3459/3336/66 3460/3330/66
f 3460/3330/66 3461/3488/66 3462/3331/66
f 3456/3328/66 3457/3341/66 3462/3331/66
f 3464/3333/66 3447/3593/66 3446/3334/66
f 3435/3317/67 3436/3590/67 3458/3329/67
f 3455/3327/67 3448/3323/67 3449/3324/67
f 3443/3320/67 3437/3318/67 3438/3337/67
f 3444/3338/66 3465/3340/66 3466/3339/66
f 3443/3320/66 3437/3318/66 3457/3341/66
f 3437/3318/66 3436/3590/66 3457/3341/66
f 3436/3590/66 3458/3329/66 3457/3341/66
f 3457/3341/66 3456/3328/66 3455/3327/66
f 3455/3327/66 3448/3323/66 3457/3341/66
f 3448/3323/66 3447/3593/66 3457/3341/66
f 3447/3593/66 3464/3333/66 3465/3340/66
f 3465/3340/66 3444/3338/66 3443/3320/66
f 3447/3593/66 3465/3340/66 3457/3341/66
f 3472/3344/66 3467/3596/66 3470/3342/66
f 3467/3596/66 3468/3356/66 3470/3342/66
f 3468/3356/66 3469/3354/66 3470/3342/66
f 3478/3347/66 3473/3468/66 3474/3597/66
f 3474/3597/66 3475/3598/66 3478/3347/66
f 3475/3598/66 3476/3345/66 3478/3347/66
f 3484/3350/66 3479/3351/66 3482/3348/66
f 3479/3351/66 3480/3599/66 3482/3348/66
f 3480/3599/66 3481/3355/66 3482/3348/66
f 3479/3351/66 3484/3350/66 3486/3352/66
f 3469/3354/67 3480/3599/67 3481/3355/67
f 3470/3342/67 3471/3343/67 3476/3345/67
f 3492/3359/66 3487/3600/66 3490/3357/66
f 3487/3600/66 3488/3380/66 3490/3357/66
f 3488/3380/66 3489/3378/66 3490/3357/66
f 3498/3362/66 3493/3382/66 3494/3601/66
f 3494/3601/66 3495/3602/66 3498/3362/66
f 3495/3602/66 3496/3360/66 3498/3362/66
f 3504/3365/66 3499/3383/66 3502/3363/66
f 3499/3383/66 3500/3603/66 3502/3363/66
f 3500/3603/66 3501/3376/66 3502/3363/66
f 3510/3367/66 3505/3491/66 3506/3368/66
f 3506/3368/66 3507/3377/66 3508/3381/66
f 3508/3381/66 3509/3366/66 3506/3368/66
f 3516/3371/66 3511/3375/66 3514/3369/66
f 3511/3375/66 3512/3604/66 3514/3369/66
f 3512/3604/66 3513/3605/66 3514/3369/66
f 3522/3374/66 3517/3384/66 3520/3372/66
f 3517/3384/66 3518/3606/66 3520/3372/66
f 3518/3606/66 3519/3379/66 3520/3372/66
f 3516/3371/66 3517/3384/66 3522/3374/66
f 3501/3376/66 3500/3603/66 3507/3377/66
f 3489/3378/67 3518/3606/67 3519/3379/67
f 3514/3369/67 3515/3370/67 3508/3381/67
f 3490/3357/67 3491/3358/67 3496/3360/67
f 3498/3362/66 3499/3383/66 3504/3365/66
f 3497/3361/66 3490/3357/66 3489/3378/66
f 3489/3378/66 3518/3606/66 3497/3361/66
f 3518/3606/66 3517/3384/66 3497/3361/66
f 3517/3384/66 3516/3371/66 3515/3370/66
f 3515/3370/66 3508/3381/66 3507/3377/66
f 3507/3377/66 3500/3603/66 3499/3383/66
f 3499/3383/66 3498/3362/66 3497/3361/66
f 3517/3384/66 3515/3370/66 3507/3377/66
f 3507/3377/66 3499/3383/66 3517/3384/66
f 3528/3386/66 3523/3490/66 3524/3387/66
f 3524/3387/66 3525/3404/66 3526/3607/66
f 3526/3607/66 3527/3385/66 3524/3387/66
f 3533/3406/66 3529/3389/66 3532/3388/66
f 3529/3389/66 3530/3608/66 3531/3390/66
f 3539/3393/66 3534/3609/66 3535/3402/66
f 3535/3402/66 3536/3610/66 3539/3393/66
f 3536/3610/66 3537/3391/66 3539/3393/66
f 3545/3396/66 3540/3400/66 3541/3611/66
f 3541/3611/66 3542/3612/66 3545/3396/66
f 3542/3612/66 3543/3394/66 3545/3396/66
f 3551/3398/66 3546/3409/66 3547/3399/66
f 3547/3399/66 3548/3405/66 3549/3613/66
f 3549/3613/66 3550/3397/66 3547/3399/66
f 3545/3396/66 3546/3409/66 3551/3398/66
f 3553/3401/66 3536/3610/66 3535/3402/66
f 3525/3404/67 3547/3399/67 3548/3405/67
f 3544/3395/67 3537/3391/67 3538/3392/67
f 3532/3388/67 3526/3607/67 3527/3385/67
f 3533/3406/66 3554/3408/66 3555/3407/66
f 3532/3388/66 3526/3607/66 3546/3409/66
f 3526/3607/66 3525/3404/66 3546/3409/66
f 3525/3404/66 3547/3399/66 3546/3409/66
f 3546/3409/66 3545/3396/66 3544/3395/66
f 3544/3395/66 3537/3391/66 3546/3409/66
f 3537/3391/66 3536/3610/66 3546/3409/66
f 3536/3610/66 3553/3401/66 3554/3408/66
f 3554/3408/66 3533/3406/66 3532/3388/66
f 3536/3610/66 3554/3408/66 3546/3409/66
f 3561/3412/66 3556/3614/66 3559/3410/66
f 3556/3614/66 3557/3424/66 3559/3410/66
f 3557/3424/66 3558/3419/66 3559/3410/66
f 3567/3414/66 3562/3480/66 3563/3415/66
f 3563/3415/66 3564/3420/66 3565/3421/66
f 3565/3421/66 3566/3413/66 3563/3415/66
f 3573/3418/66 3568/3453/66 3571/3416/66
f 3568/3453/66 3569/3615/66 3571/3416/66
f 3569/3615/66 3570/3616/66 3571/3416/66
f 3558/3419/66 3557/3424/66 3564/3420/66
f 3571/3416/67 3572/3417/67 3565/3421/67
f 3575/3422/66 3556/3614/66 3561/3412/66
f 3556/3614/66 3575/3422/66 3557/3424/66
f 3575/3422/66 3576/3452/66 3564/3420/66
f 3576/3452/66 3573/3418/66 3572/3417/66
f 3572/3417/66 3565/3421/66 3576/3452/66
f 3565/3421/66 3564/3420/66 3576/3452/66
f 3582/3427/66 3577/3617/66 3580/3425/66
f 3577/3617/66 3578/3444/66 3580/3425/66
f 3578/3444/66 3579/3618/66 3580/3425/66
f 3587/3446/66 3583/3429/66 3586/3428/66
f 3583/3429/66 3584/3619/66 3585/3430/66
f 3593/3433/66 3588/3620/66 3591/3431/66
f 3588/3620/66 3589/3442/66 3591/3431/66
f 3589/3442/66 3590/3621/66 3591/3431/66
f 3599/3436/66 3594/3440/66 3595/3622/66
f 3595/3622/66 3596/3623/66 3599/3436/66
f 3596/3623/66 3597/3434/66 3599/3436/66
f 3605/3439/66 3600/3449/66 3601/3437/66
f 3601/3437/66 3602/3445/66 3603/3438/66
f 3603/3438/66 3604/3479/66 3605/3439/66
f 3599/3436/66 3600/3449/66 3605/3439/66
f 3607/3441/66 3590/3621/66 3589/3442/66
f 3578/3444/67 3579/3618/67 3601/3437/67
f 3598/3435/67 3591/3431/67 3592/3432/67
f 3586/3428/67 3580/3425/67 3581/3426/67
f 3587/3446/66 3608/3448/66 3609/3447/66
f 3586/3428/66 3580/3425/66 3600/3449/66
f 3580/3425/66 3579/3618/66 3600/3449/66
f 3579/3618/66 3601/3437/66 3600/3449/66
f 3600/3449/66 3599/3436/66 3598/3435/66
f 3598/3435/66 3591/3431/66 3600/3449/66
f 3591/3431/66 3590/3621/66 3600/3449/66
f 3590/3621/66 3607/3441/66 3608/3448/66
f 3608/3448/66 3587/3446/66 3586/3428/66
f 3590/3621/66 3608/3448/66 3600/3449/66
f 3202/3450/66 3610/3624/66 3194/3451/66
f 3576/3452/66 3611/3625/66 3568/3453/66
f 3024/2998/66 3017/2996/66 3016/3454/66
f 3016/3454/66 3612/3456/66 3026/3518/66
f 3612/3456/66 3032/3455/66 3027/3003/66
f 3026/3518/66 3612/3456/66 3027/3003/66
f 3026/3518/66 3025/2999/66 3016/3454/66
f 3614/3457/66 3613/3626/66 3033/3004/66
f 3033/3004/66 3032/3455/66 3614/3457/66
f 3248/3178/66 3242/3164/66 3036/3458/66
f 3242/3164/66 3241/3175/66 3036/3458/66
f 3241/3175/66 3250/3555/66 3255/3174/66
f 3250/3555/66 3249/3172/66 3255/3174/66
f 3255/3174/66 3036/3458/66 3241/3175/66
f 3005/2985/66 2998/2983/66 2997/3459/66
f 2997/3459/66 3615/3461/66 3007/3514/66
f 3615/3461/66 3013/3460/66 3008/2990/66
f 3007/3514/66 3615/3461/66 3008/2990/66
f 3007/3514/66 3006/2986/66 2997/3459/66
f 3617/3462/66 3616/3478/66 3014/2991/66
f 3014/2991/66 3013/3460/66 3617/3462/66
f 2986/2972/66 2979/2970/66 2978/3463/66
f 2978/3463/66 3618/3465/66 2988/3510/66
f 3618/3465/66 2994/3464/66 2989/2977/66
f 2988/3510/66 3618/3465/66 2989/2977/66
f 2988/3510/66 2987/2973/66 2978/3463/66
f 3620/3466/66 3619/3499/66 2995/2978/66
f 2995/2978/66 2994/3464/66 3620/3466/66
f 3478/3347/66 3621/3473/66 3622/3467/66
f 2967/2959/66 2960/2957/66 2959/3469/66
f 2959/3469/66 3623/3471/66 2969/3506/66
f 3623/3471/66 2975/3470/66 2970/2964/66
f 2969/3506/66 3623/3471/66 2970/2964/66
f 2969/3506/66 2968/2960/66 2959/3469/66
f 3625/3472/66 3624/3502/66 2976/2965/66
f 2976/2965/66 2975/3470/66 3625/3472/66
f 3477/3346/66 3470/3342/66 3621/3473/66
f 3470/3342/66 3469/3354/66 3621/3473/66
f 3469/3354/66 3480/3599/66 3485/3353/66
f 3480/3599/66 3479/3351/66 3485/3353/66
f 3485/3353/66 3621/3473/66 3469/3354/66
f 3555/3407/66 3554/3408/66 3553/3401/66
f 3553/3401/66 3552/3403/66 3555/3407/66
f 3466/3339/66 3465/3340/66 3464/3333/66
f 3464/3333/66 3463/3335/66 3466/3339/66
f 3433/3314/66 3432/3315/66 3431/3308/66
f 3431/3308/66 3430/3309/66 3433/3314/66
f 3609/3447/66 3608/3448/66 3607/3441/66
f 3607/3441/66 3606/3443/66 3609/3447/66
f 3616/3478/66 2962/3503/66 2965/3505/66
f 2962/3503/66 2961/2955/66 2965/3505/66
f 2961/2955/66 2966/2958/66 2965/3505/66
f 2965/3505/66 3099/3529/66 3098/3058/66
f 3098/3058/66 3109/3056/66 3108/3055/66
f 3108/3055/66 3010/2987/66 3009/2992/66
f 3009/2992/66 3014/2991/66 3108/3055/66
f 3014/2991/66 3616/3478/66 3108/3055/66
f 2965/3505/66 3098/3058/66 3616/3478/66
f 3562/3480/66 3370/3265/66 3373/3577/66
f 3370/3265/66 3369/3264/66 3373/3577/66
f 3369/3264/66 3374/3267/66 3373/3577/66
f 3373/3577/66 3595/3622/66 3594/3440/66
f 3594/3440/66 3605/3439/66 3604/3479/66
f 3604/3479/66 3559/3410/66 3558/3419/66
f 3558/3419/66 3563/3415/66 3604/3479/66
f 3563/3415/66 3562/3480/66 3604/3479/66
f 3373/3577/66 3594/3440/66 3562/3480/66
f 3210/3481/66 3209/3162/66 3398/3278/66
f 3209/3162/66 3220/3144/66 3398/3278/66
f 3220/3144/66 3219/3143/66 3398/3278/66
f 3398/3278/66 3397/3287/66 3366/3288/66
f 3366/3288/66 3365/3576/66 3398/3278/66
f 3365/3576/66 3567/3414/66 3398/3278/66
f 3567/3414/66 3566/3413/66 3571/3416/66
f 3571/3416/66 3570/3616/66 3567/3414/66
f 3570/3616/66 3210/3481/66 3567/3414/66
f 3221/3483/66 3115/3069/66 3118/3482/66
f 3115/3069/66 3114/3068/66 3118/3482/66
f 3114/3068/66 3119/3070/66 3118/3482/66
f 3118/3482/66 3390/3579/66 3389/3282/66
f 3389/3282/66 3400/3280/66 3118/3482/66
f 3400/3280/66 3399/3279/66 3118/3482/66
f 3399/3279/66 3218/3142/66 3221/3483/66
f 3218/3142/66 3217/3156/66 3221/3483/66
f 3217/3156/66 3222/3158/66 3221/3483/66
f 3081/3526/66 3080/3065/66 3091/3047/66
f 3091/3047/66 3090/3046/66 3143/3082/66
f 3143/3082/66 3142/3091/66 3111/3092/66
f 3111/3092/66 3110/3532/66 3143/3082/66
f 3110/3532/66 3226/3147/66 3143/3082/66
f 3226/3147/66 3225/3146/66 3081/3526/66
f 3225/3146/66 3230/3148/66 3081/3526/66
f 3230/3148/66 3229/3551/66 3081/3526/66
f 3081/3526/66 3091/3047/66 3226/3147/66
f 3188/3484/66 3079/3041/66 3082/3527/66
f 3079/3041/66 3078/3040/66 3082/3527/66
f 3078/3040/66 3083/3042/66 3082/3527/66
f 3082/3527/66 3228/3550/66 3227/3155/66
f 3227/3155/66 3238/3153/66 3237/3152/66
f 3237/3152/66 3185/3121/66 3184/3130/66
f 3184/3130/66 3189/3132/66 3237/3152/66
f 3189/3132/66 3188/3484/66 3237/3152/66
f 3082/3527/66 3227/3155/66 3188/3484/66
f 3002/3512/66 3001/2993/66 3012/2989/66
f 3012/2989/66 3011/2988/66 3107/3054/66
f 3107/3054/66 3106/3063/66 3075/3064/66
f 3075/3064/66 3074/3525/66 3107/3054/66
f 3074/3525/66 3193/3126/66 3107/3054/66
f 3193/3126/66 3192/3125/66 3002/3512/66
f 3192/3125/66 3197/3127/66 3002/3512/66
f 3197/3127/66 3196/3546/66 3002/3512/66
f 3002/3512/66 3012/2989/66 3193/3126/66
f 3372/3266/66 3371/3290/66 3382/3271/66
f 3382/3271/66 3381/3270/66 3427/3305/66
f 3427/3305/66 3426/3310/66 3402/3292/66
f 3402/3292/66 3401/3582/66 3427/3305/66
f 3401/3582/66 3593/3433/66 3427/3305/66
f 3593/3433/66 3592/3432/66 3372/3266/66
f 3592/3432/66 3597/3434/66 3372/3266/66
f 3597/3434/66 3596/3623/66 3372/3266/66
f 3372/3266/66 3382/3271/66 3593/3433/66
f 3383/3486/66 3334/3237/66 3337/3571/66
f 3334/3237/66 3333/3236/66 3337/3571/66
f 3333/3236/66 3338/3238/66 3337/3571/66
f 3337/3571/66 3419/3587/66 3418/3307/66
f 3418/3307/66 3429/3306/66 3428/3485/66
f 3428/3485/66 3380/3269/66 3379/3283/66
f 3379/3283/66 3384/3285/66 3428/3485/66
f 3384/3285/66 3383/3486/66 3428/3485/66
f 3337/3571/66 3418/3307/66 3383/3486/66
f 3336/3487/66 3335/3260/66 3346/3243/66
f 3346/3243/66 3345/3242/66 3460/3330/66
f 3460/3330/66 3459/3336/66 3417/3300/66
f 3459/3336/66 3435/3317/66 3417/3300/66
f 3435/3317/66 3434/3589/66 3417/3300/66
f 3417/3300/66 3416/3311/66 3421/3301/66
f 3421/3301/66 3420/3588/66 3336/3487/66
f 3336/3487/66 3346/3243/66 3417/3300/66
f 3346/3243/66 3460/3330/66 3417/3300/66
f 3461/3488/66 3344/3241/66 3343/3256/66
f 3343/3256/66 3348/3255/66 3461/3488/66
f 3348/3255/66 3347/3489/66 3461/3488/66
f 3347/3489/66 3492/3359/66 3495/3602/66
f 3492/3359/66 3491/3358/66 3495/3602/66
f 3491/3358/66 3496/3360/66 3495/3602/66
f 3495/3602/66 3452/3594/66 3451/3332/66
f 3451/3332/66 3462/3331/66 3461/3488/66
f 3495/3602/66 3451/3332/66 3347/3489/66
f 3523/3490/66 3450/3325/66 3453/3595/66
f 3450/3325/66 3449/3324/66 3453/3595/66
f 3449/3324/66 3454/3326/66 3453/3595/66
f 3453/3595/66 3494/3601/66 3493/3382/66
f 3493/3382/66 3504/3365/66 3503/3364/66
f 3503/3364/66 3549/3613/66 3548/3405/66
f 3548/3405/66 3524/3387/66 3523/3490/66
f 3453/3595/66 3493/3382/66 3523/3490/66
f 3493/3382/66 3503/3364/66 3523/3490/66
f 3505/3491/66 3472/3344/66 3475/3598/66
f 3472/3344/66 3471/3343/66 3475/3598/66
f 3471/3343/66 3476/3345/66 3475/3598/66
f 3475/3598/66 3541/3611/66 3540/3400/66
f 3540/3400/66 3551/3398/66 3550/3397/66
f 3550/3397/66 3502/3363/66 3501/3376/66
f 3501/3376/66 3506/3368/66 3550/3397/66
f 3506/3368/66 3505/3491/66 3550/3397/66
f 3475/3598/66 3540/3400/66 3505/3491/66
f 3300/3210/66 3299/3233/66 3482/3348/66
f 3299/3233/66 3310/3215/66 3482/3348/66
f 3310/3215/66 3309/3214/66 3482/3348/66
f 3482/3348/66 3481/3355/66 3468/3356/66
f 3468/3356/66 3467/3596/66 3482/3348/66
f 3467/3596/66 3510/3367/66 3482/3348/66
f 3510/3367/66 3509/3366/66 3514/3369/66
f 3514/3369/66 3513/3605/66 3510/3367/66
f 3513/3605/66 3300/3210/66 3510/3367/66
f 3521/3373/66 3161/3101/66 3164/3492/66
f 3161/3101/66 3160/3116/66 3164/3492/66
f 3160/3116/66 3165/3106/66 3164/3492/66
f 3164/3492/66 3298/3208/66 3297/3207/66
f 3297/3207/66 3302/3211/66 3164/3492/66
f 3302/3211/66 3301/3565/66 3164/3492/66
f 3301/3565/66 3512/3604/66 3511/3375/66
f 3511/3375/66 3522/3374/66 3521/3373/66
f 3301/3565/66 3511/3375/66 3164/3492/66
f 3153/3493/66 3152/3119/66 3520/3372/66
f 3152/3119/66 3163/3103/66 3520/3372/66
f 3163/3103/66 3162/3102/66 3520/3372/66
f 3520/3372/66 3519/3379/66 3488/3380/66
f 3488/3380/66 3487/3600/66 3520/3372/66
f 3487/3600/66 3352/3246/66 3520/3372/66
f 3352/3246/66 3351/3245/66 3356/3247/66
f 3356/3247/66 3355/3574/66 3352/3246/66
f 3355/3574/66 3153/3493/66 3352/3246/66
f 3363/3251/66 3125/3073/66 3128/3494/66
f 3125/3073/66 3124/3087/66 3128/3494/66
f 3124/3087/66 3129/3089/66 3128/3494/66
f 3128/3494/66 3151/3097/66 3154/3495/66
f 3151/3097/66 3150/3539/66 3154/3495/66
f 3150/3539/66 3155/3098/66 3154/3495/66
f 3154/3495/66 3354/3573/66 3353/3253/66
f 3353/3253/66 3364/3252/66 3154/3495/66
f 3364/3252/66 3363/3251/66 3154/3495/66
f 3117/3496/66 3116/3093/66 3362/3250/66
f 3116/3093/66 3127/3075/66 3362/3250/66
f 3127/3075/66 3126/3074/66 3362/3250/66
f 3362/3250/66 3361/3258/66 3330/3259/66
f 3330/3259/66 3329/3570/66 3362/3250/66
f 3329/3570/66 3388/3274/66 3362/3250/66
f 3388/3274/66 3387/3273/66 3392/3275/66
f 3392/3275/66 3391/3580/66 3388/3274/66
f 3391/3580/66 3117/3496/66 3388/3274/66
f 3293/3497/66 3169/3105/66 3172/3543/66
f 3169/3105/66 3168/3104/66 3172/3543/66
f 3168/3104/66 3173/3107/66 3172/3543/66
f 3172/3543/66 3264/3557/66 3263/3205/66
f 3263/3205/66 3274/3187/66 3273/3186/66
f 3273/3186/66 3326/3222/66 3325/3231/66
f 3325/3231/66 3294/3209/66 3293/3497/66
f 3172/3543/66 3263/3205/66 3293/3497/66
f 3263/3205/66 3273/3186/66 3293/3497/66
f 3275/3498/66 3244/3166/66 3243/3165/66
f 3243/3165/66 3247/3168/66 3275/3498/66
f 3247/3168/66 3246/3554/66 3275/3498/66
f 3246/3554/66 3318/3568/66 3317/3226/66
f 3317/3226/66 3328/3224/66 3327/3223/66
f 3327/3223/66 3272/3185/66 3271/3199/66
f 3271/3199/66 3276/3201/66 3327/3223/66
f 3276/3201/66 3275/3498/66 3327/3223/66
f 3246/3554/66 3317/3226/66 3275/3498/66
f 3021/3516/66 3020/3006/66 3031/3002/66
f 3031/3002/66 3030/3001/66 3252/3169/66
f 3252/3169/66 3251/3176/66 3240/3177/66
f 3240/3177/66 3239/3553/66 3252/3169/66
f 3239/3553/66 3280/3190/66 3252/3169/66
f 3280/3190/66 3279/3189/66 3021/3516/66
f 3279/3189/66 3284/3191/66 3021/3516/66
f 3284/3191/66 3283/3561/66 3021/3516/66
f 3021/3516/66 3031/3002/66 3280/3190/66
f 3291/3195/66 2991/2974/66 2990/2979/66
f 2990/2979/66 2995/2978/66 3291/3195/66
f 2995/2978/66 3619/3499/66 3291/3195/66
f 3619/3499/66 3019/3515/66 3022/3517/66
f 3019/3515/66 3018/2994/66 3022/3517/66
f 3018/2994/66 3023/2997/66 3022/3517/66
f 3022/3517/66 3282/3560/66 3281/3198/66
f 3281/3198/66 3292/3196/66 3291/3195/66
f 3022/3517/66 3281/3198/66 3619/3499/66
f 2983/3508/66 2982/2980/66 2993/2976/66
f 2993/2976/66 2992/2975/66 3290/3194/66
f 3290/3194/66 3289/3203/66 3258/3204/66
f 3258/3204/66 3257/3556/66 3290/3194/66
f 3257/3556/66 3061/3021/66 3290/3194/66
f 3061/3021/66 3060/3020/66 2983/3508/66
f 3060/3020/66 3065/3022/66 2983/3508/66
f 3065/3022/66 3064/3523/66 2983/3508/66
f 2983/3508/66 2993/2976/66 3061/3021/66
f 3180/3111/66 3053/3016/66 3052/3030/66
f 3052/3030/66 3057/3032/66 3180/3111/66
f 3057/3032/66 3056/3500/66 3180/3111/66
f 3056/3500/66 3262/3181/66 3265/3558/66
f 3262/3181/66 3261/3180/66 3265/3558/66
f 3261/3180/66 3266/3182/66 3265/3558/66
f 3265/3558/66 3171/3542/66 3170/3114/66
f 3170/3114/66 3181/3112/66 3180/3111/66
f 3265/3558/66 3170/3114/66 3056/3500/66
f 3045/3013/66 3044/3037/66 3055/3018/66
f 3055/3018/66 3054/3017/66 3179/3110/66
f 3179/3110/66 3178/3118/66 3133/3078/66
f 3178/3118/66 3147/3095/66 3133/3078/66
f 3147/3095/66 3146/3537/66 3133/3078/66
f 3133/3078/66 3132/3077/66 3137/3079/66
f 3137/3079/66 3136/3535/66 3045/3013/66
f 3045/3013/66 3055/3018/66 3133/3078/66
f 3055/3018/66 3179/3110/66 3133/3078/66
f 3092/3501/66 3043/3012/66 3046/3520/66
f 3043/3012/66 3042/3011/66 3046/3520/66
f 3042/3011/66 3047/3014/66 3046/3520/66
f 3046/3520/66 3135/3534/66 3134/3086/66
f 3134/3086/66 3145/3084/66 3144/3083/66
f 3144/3083/66 3089/3045/66 3088/3059/66
f 3088/3059/66 3093/3061/66 3144/3083/66
f 3093/3061/66 3092/3501/66 3144/3083/66
f 3046/3520/66 3134/3086/66 3092/3501/66
f 2964/3504/66 2963/2967/66 2974/2963/66
f 2974/2963/66 2973/2962/66 3071/3025/66
f 3071/3025/66 3070/3034/66 3039/3035/66
f 3039/3035/66 3038/3519/66 3071/3025/66
f 3038/3519/66 3097/3050/66 3071/3025/66
f 3097/3050/66 3096/3049/66 2964/3504/66
f 3096/3049/66 3101/3051/66 2964/3504/66
f 3101/3051/66 3100/3530/66 2964/3504/66
f 2964/3504/66 2974/2963/66 3097/3050/66
f 3072/3026/66 2972/2961/66 2971/2966/66
f 2971/2966/66 2976/2965/66 3072/3026/66
f 2976/2965/66 3624/3502/66 3072/3026/66
f 3624/3502/66 2981/3507/66 2984/3509/66
f 2981/3507/66 2980/2968/66 2984/3509/66
f 2980/2968/66 2985/2971/66 2984/3509/66
f 2984/3509/66 3063/3522/66 3062/3029/66
f 3062/3029/66 3073/3027/66 3072/3026/66
f 2984/3509/66 3062/3029/66 3624/3502/66
o path.door.002
v 7.410254 -0.000000 -2.834937
v 9.575317 -0.000000 -4.084936
v 8.325317 -0.000000 -6.250000
v 6.160254 -0.000000 -5.000000
vt 1.000000 0.000000
vt 0.000000 1.000000
vt 0.000000 0.000000
vt 1.000000 1.000000
vn 0.0000 1.0000 -0.0000
usemtl Default_OBJ
s 1
f 3631/3627/68 3633/3628/68 3630/3629/68
f 3631/3627/68 3632/3630/68 3633/3628/68
o path.door.000
v -7.410254 -0.000000 -2.834936
v -6.160254 -0.000000 -5.000000
v -8.325315 -0.000000 -6.249994
v -9.575316 -0.000000 -4.084935
vt 0.000000 0.000000
vt 1.000000 1.000000
vt 0.000000 1.000000
vt 1.000000 0.000000
vn -0.0000 1.0000 -0.0000
usemtl Default_OBJ
s 1
f 3634/3631/69 3636/3632/69 3637/3633/69
f 3634/3631/69 3635/3634/69 3636/3632/69
o path.door.001
v -9.575315 -0.000003 -39.084938
v -9.575315 -0.000003 -41.584938
v -21.895824 -0.000003 -41.584938
v -21.895824 -0.000003 -39.084938
vt 1.000000 0.000000
vt 0.000000 1.000000
vt 0.000000 0.000000
vt 1.000000 1.000000
vn 0.0000 1.0000 -0.0000
usemtl Default_OBJ
s 1
f 3639/3635/70 3641/3636/70 3638/3637/70
f 3639/3635/70 3640/3638/70 3641/3636/70
o path.door.003
v 21.895824 -0.000003 -39.084938
v 21.895824 -0.000003 -41.584938
v 9.575315 -0.000003 -41.584938
v 9.575315 -0.000003 -39.084938
vt 1.000000 0.000000
vt 0.000000 1.000000
vt 0.000000 0.000000
vt 1.000000 1.000000
vn 0.0000 1.0000 -0.0000
usemtl Default_OBJ
s 1
f 3643/3639/71 3645/3640/71 3642/3641/71
f 3643/3639/71 3644/3642/71 3645/3640/71
o path.door.008
v 33.971142 -0.000002 -25.000000
v 36.136204 -0.000002 -26.250000
v 29.975948 -0.000003 -36.919872
v 27.810886 -0.000003 -35.669876
vt 1.000000 0.000000
vt 0.000000 1.000000
vt 0.000000 0.000000
vt 1.000000 1.000000
vn 0.0000 1.0000 -0.0000
usemtl Default_OBJ
s 1
f 3647/3643/72 3649/3644/72 3646/3645/72
f 3647/3643/72 3648/3646/72 3649/3644/72
o path.door.009
v 83.020004 -0.000158 -76.635796
v 83.020004 -0.000158 -79.135796
v 78.354935 -0.000158 -79.135803
v 78.354935 -0.000158 -76.635803
vt 1.000000 0.000000
vt 0.000000 1.000000
vt 0.000000 0.000000
vt 1.000000 1.000000
vn 0.0000 1.0000 -0.0000
usemtl Default_OBJ
s 1
f 3651/3647/73 3653/3648/73 3650/3649/73
f 3651/3647/73 3652/3650/73 3653/3648/73
o path.door.006
v 9.270027 -0.000169 -221.114929
v 9.270027 -0.000169 -223.614929
v 6.770012 -0.000169 -223.614929
v 6.770012 -0.000169 -221.114929
vt 1.000000 0.000000
vt 0.000000 1.000000
vt 0.000000 0.000000
vt 1.000000 1.000000
vn 0.0000 1.0000 -0.0000
usemtl Default_OBJ
s 1
f 3655/3651/74 3657/3652/74 3654/3653/74
f 3655/3651/74 3656/3654/74 3657/3652/74
o path.door
v 50.185074 -0.000158 -76.635796
v 50.185074 -0.000158 -79.135796
v 40.854935 -0.000158 -79.135788
v 40.854935 -0.000158 -76.635803
vt 1.000000 0.000000
vt 0.000000 1.000000
vt 0.000000 0.000000
vt 1.000000 1.000000
vn 0.0000 1.0000 -0.0000
usemtl Default_OBJ
s 1
f 3659/3655/75 3661/3656/75 3658/3657/75
f 3659/3655/75 3660/3658/75 3661/3656/75
o path.door.004
v 12.685074 -0.000158 -76.635796
v 12.685074 -0.000158 -79.135796
v 3.354935 -0.000158 -79.135788
v 3.354935 -0.000158 -76.635803
vt 1.000000 0.000000
vt 0.000000 1.000000
vt 0.000000 0.000000
vt 1.000000 1.000000
vn 0.0000 1.0000 -0.0000
usemtl Default_OBJ
s 1
f 3663/3659/76 3665/3660/76 3662/3661/76
f 3663/3659/76 3664/3662/76 3665/3660/76
o path.door.005
v -24.814926 -0.000158 -76.635796
v -24.814926 -0.000158 -79.135796
v -34.145065 -0.000158 -79.135788
v -34.145065 -0.000158 -76.635803
vt 1.000000 0.000000
vt 0.000000 1.000000
vt 0.000000 0.000000
vt 1.000000 1.000000
vn 0.0000 1.0000 -0.0000
usemtl Default_OBJ
s 1
f 3667/3663/77 3669/3664/77 3666/3665/77
f 3667/3663/77 3668/3666/77 3669/3664/77
o path.door.007
v -28.229988 -0.000169 -221.114929
v -28.229988 -0.000169 -223.614929
v -30.729973 -0.000169 -223.614929
v -30.729973 -0.000169 -221.114929
vt 1.000000 0.000000
vt 0.000000 1.000000
vt 0.000000 0.000000
vt 1.000000 1.000000
vn 0.0000 1.0000 -0.0000
usemtl Default_OBJ
s 1
f 3671/3667/78 3673/3668/78 3670/3669/78
f 3671/3667/78 3672/3670/78 3673/3668/78
o path.door.010
v -69.479980 -0.000169 -221.114929
v -69.479980 -0.000169 -223.614929
v -89.479980 -0.000169 -223.614929
v -89.479980 -0.000169 -221.114929
vt 1.000000 0.000000
vt 0.000000 1.000000
vt 0.000000 0.000000
vt 1.000000 1.000000
vn 0.0000 1.0000 -0.0000
usemtl Default_OBJ
s 1
f 3675/3671/79 3677/3672/79 3674/3673/79
f 3675/3671/79 3676/3674/79 3677/3672/79
o path.door.011
v -211.459106 -5.000311 -113.748360
v -211.459106 -5.000312 -126.068871
v -213.959091 -5.000312 -126.068878
v -213.959091 -5.000311 -113.748352
vt 1.000000 0.000000
vt 0.000000 1.000000
vt 0.000000 0.000000
vt 1.000000 1.000000
vn 0.0000 1.0000 -0.0000
usemtl Default_OBJ
s 1
f 3679/3675/80 3681/3676/80 3678/3677/80
f 3679/3675/80 3680/3678/80 3681/3676/80
o path.door.012
v -305.209076 -5.000315 -160.464691
v -305.209076 -5.000316 -172.785187
v -307.709076 -5.000316 -172.785202
v -307.709076 -5.000315 -160.464691
vt 1.000000 0.000000
vt 0.000000 1.000000
vt 0.000000 0.000000
vt 1.000000 1.000000
vn 0.0000 1.0000 -0.0000
usemtl Default_OBJ
s 1
f 3683/3679/81 3685/3680/81 3682/3681/81
f 3683/3679/81 3684/3682/81 3685/3680/81
o path.door.013
v -344.770508 -5.000319 -211.176208
v -344.770508 -5.000319 -213.676208
v -357.091064 -5.000319 -213.676224
v -357.091064 -5.000319 -211.176208
vt 1.000000 0.000000
vt 0.000000 1.000000
vt 0.000000 0.000000
vt 1.000000 1.000000
vn 0.0000 1.0000 -0.0000
usemtl Default_OBJ
s 1
f 3687/3683/82 3689/3684/82 3686/3685/82
f 3687/3683/82 3688/3686/82 3689/3684/82
o path.door.014
v -200.626328 -5.000175 -301.511139
v -202.791367 -5.000175 -302.761139
v -208.951630 -5.000174 -292.091278
v -206.786591 -5.000174 -290.841278
vt 0.000000 0.000000
vt 1.000000 1.000000
vt 0.000000 1.000000
vt 1.000000 0.000000
vn 0.0000 1.0000 -0.0000
usemtl Default_OBJ
s 1
f 3690/3687/83 3692/3688/83 3693/3689/83
f 3690/3687/83 3691/3690/83 3692/3688/83
o path.door.015
v -279.818634 -5.000182 -398.676208
v -279.818634 -5.000183 -401.176208
v -292.139160 -5.000183 -401.176208
v -292.139160 -5.000182 -398.676208
vt 1.000000 0.000000
vt 0.000000 1.000000
vt 0.000000 0.000000
vt 1.000000 1.000000
vn 0.0000 1.0000 -0.0000
usemtl Default_OBJ
s 1
f 3695/3691/84 3697/3692/84 3694/3693/84
f 3695/3691/84 3696/3694/84 3697/3692/84
o path.door.016
v -279.818634 -5.000183 -413.550476
v -279.818634 -5.000184 -416.050476
v -292.139160 -5.000184 -416.050476
v -292.139160 -5.000183 -413.550476
vt 1.000000 0.000000
vt 0.000000 1.000000
vt 0.000000 0.000000
vt 1.000000 1.000000
vn 0.0000 1.0000 -0.0000
usemtl Default_OBJ
s 1
f 3699/3695/85 3701/3696/85 3698/3697/85
f 3699/3695/85 3700/3698/85 3701/3696/85
o path.door.017
v -279.818634 -15.000189 -486.334106
v -279.818634 -15.000189 -488.801941
v -292.139130 -15.000189 -488.801941
v -292.139130 -15.000189 -486.334106
vt 1.000000 0.000000
vt 0.000000 1.000000
vt 0.000000 0.000000
vt 1.000000 1.000000
vn 0.0000 1.0000 0.0000
usemtl Default_OBJ
s 1
f 3703/3699/86 3705/3700/86 3702/3701/86
f 3703/3699/86 3704/3702/86 3705/3700/86
o path.door.018
v -233.478897 -15.000182 -401.176208
v -233.478882 -15.000183 -415.402679
v -235.978882 -15.000183 -415.402679
v -235.978897 -15.000182 -401.176208
vt 0.000000 0.000000
vt 1.000000 1.000000
vt 0.000000 1.000000
vt 1.000000 0.000000
vn 0.0000 1.0000 -0.0000
usemtl Default_OBJ
s 1
f 3706/3703/87 3708/3704/87 3709/3705/87
f 3706/3703/87 3707/3706/87 3708/3704/87
o path.door.019
v -182.767380 -15.000179 -362.567749
v -182.767365 -15.000179 -365.067749
v -195.087860 -15.000179 -365.067749
v -195.087875 -15.000179 -362.567749
vt 0.000000 0.000000
vt 1.000000 1.000000
vt 0.000000 1.000000
vt 1.000000 0.000000
vn 0.0000 1.0000 -0.0000
usemtl Default_OBJ
s 1
f 3710/3707/88 3712/3708/88 3713/3709/88
f 3710/3707/88 3711/3710/88 3712/3708/88
o path.door.020
v -95.087906 -15.000179 -362.659302
v -95.087906 -15.000179 -365.159302
v -107.408401 -15.000179 -365.159302
v -107.408401 -15.000179 -362.659302
vt 1.000000 0.000000
vt 0.000000 1.000000
vt 0.000000 0.000000
vt 1.000000 1.000000
vn 0.0000 1.0000 0.0000
usemtl Default_OBJ
s 1
f 3715/3711/89 3717/3712/89 3714/3713/89
f 3715/3711/89 3716/3714/89 3717/3712/89
o path.door.021
v -95.087906 -15.000182 -400.159302
v -95.087906 -15.000182 -402.659302
v -107.408401 -15.000182 -402.659302
v -107.408401 -15.000182 -400.159302
vt 1.000000 0.000000
vt 0.000000 1.000000
vt 0.000000 0.000000
vt 1.000000 1.000000
vn 0.0000 1.0000 0.0000
usemtl Default_OBJ
s 1
f 3719/3715/90 3721/3716/90 3718/3717/90
f 3719/3715/90 3720/3718/90 3721/3716/90
o path.door.022
v -95.087906 -15.000185 -437.659302
v -95.087906 -15.000185 -440.159302
v -107.408401 -15.000185 -440.159302
v -107.408401 -15.000185 -437.659302
vt 1.000000 0.000000
vt 0.000000 1.000000
vt 0.000000 0.000000
vt 1.000000 1.000000
vn 0.0000 1.0000 0.0000
usemtl Default_OBJ
s 1
f 3723/3719/91 3725/3720/91 3722/3721/91
f 3723/3719/91 3724/3722/91 3725/3720/91
o path.door.023
v -92.587875 -15.000177 -342.659302
v -92.587875 -15.000179 -362.659302
v -95.087906 -15.000179 -362.659302
v -95.087906 -15.000177 -342.659302
vt 1.000000 0.000000
vt 0.000000 1.000000
vt 0.000000 0.000000
vt 1.000000 1.000000
vn 0.0000 1.0000 -0.0000
usemtl Default_OBJ
s 1
f 3727/3723/92 3729/3724/92 3726/3725/92
f 3727/3723/92 3728/3726/92 3729/3724/92
o path.door.024
v 44.270004 -20.000170 -221.114944
v 44.270004 -20.000170 -223.614960
v 9.270005 -20.000170 -223.614960
v 9.270003 -20.000170 -221.114944
vt 1.000000 0.000000
vt 0.000000 1.000000
vt 0.000000 0.000000
vt 1.000000 1.000000
vn 0.0000 1.0000 -0.0000
usemtl Default_OBJ
s 1
f 3731/3727/93 3733/3728/93 3730/3729/93
f 3731/3727/93 3732/3730/93 3733/3728/93
